Year,Age,Generation,Type of household,Ownership status,Income quintile,Main source of household income,Value
2015,,,,,,,178.2
2016,,,,,,,187.1
2017,,,,,,,187.3
2018,,,,,,,188.7
2019,,,,,,,187.7
2020,,,,,,,175.2
2021,,,,,,,181.5
2022,,,,,,,178.5
2023,,,,,,,175.0
2015,Less than 35 years,,,,,,204.0
2015,35 to 44 years,,,,,,244.9
2015,45 to 54 years,,,,,,201.7
2015,55 to 64 years,,,,,,165.6
2015,65 years and over,,,,,,69.9
2016,Less than 35 years,,,,,,209.5
2016,35 to 44 years,,,,,,249.7
2016,45 to 54 years,,,,,,219.3
2016,55 to 64 years,,,,,,181.0
2016,65 years and over,,,,,,73.9
2017,Less than 35 years,,,,,,207.2
2017,35 to 44 years,,,,,,244.0
2017,45 to 54 years,,,,,,223.4
2017,55 to 64 years,,,,,,185.0
2017,65 years and over,,,,,,75.1
2018,Less than 35 years,,,,,,202.7
2018,35 to 44 years,,,,,,252.4
2018,45 to 54 years,,,,,,236.5
2018,55 to 64 years,,,,,,177.3
2018,65 years and over,,,,,,73.9
2019,Less than 35 years,,,,,,200.0
2019,35 to 44 years,,,,,,258.3
2019,45 to 54 years,,,,,,243.4
2019,55 to 64 years,,,,,,168.2
2019,65 years and over,,,,,,71.3
2020,Less than 35 years,,,,,,187.0
2020,35 to 44 years,,,,,,235.2
2020,45 to 54 years,,,,,,212.0
2020,55 to 64 years,,,,,,166.4
2020,65 years and over,,,,,,72.0
2021,Less than 35 years,,,,,,188.6
2021,35 to 44 years,,,,,,245.1
2021,45 to 54 years,,,,,,216.5
2021,55 to 64 years,,,,,,171.1
2021,65 years and over,,,,,,77.2
2022,Less than 35 years,,,,,,184.5
2022,35 to 44 years,,,,,,245.9
2022,45 to 54 years,,,,,,212.2
2022,55 to 64 years,,,,,,168.5
2022,65 years and over,,,,,,74.5
2023,Less than 35 years,,,,,,175.3
2023,35 to 44 years,,,,,,245.1
2023,45 to 54 years,,,,,,211.1
2023,55 to 64 years,,,,,,172.3
2023,65 years and over,,,,,,71.6
2015,,Pre-1946,,,,,58.9
2015,,Baby boom,,,,,162.6
2015,,Generation X,,,,,230.7
2015,,Millennials,,,,,198.0
2016,,Pre-1946,,,,,56.9
2016,,Baby boom,,,,,168.9
2016,,Generation X,,,,,245.5
2016,,Millennials,,,,,204.8
2017,,Pre-1946,,,,,53.5
2017,,Baby boom,,,,,166.4
2017,,Generation X,,,,,244.0
2017,,Millennials,,,,,205.3
2018,,Pre-1946,,,,,45.1
2018,,Baby boom,,,,,160.7
2018,,Generation X,,,,,250.0
2018,,Millennials,,,,,206.8
2019,,Pre-1946,,,,,43.4
2019,,Baby boom,,,,,152.2
2019,,Generation X,,,,,244.2
2019,,Millennials,,,,,213.1
2020,,Pre-1946,,,,,41.4
2020,,Baby boom,,,,,142.9
2020,,Generation X,,,,,227.2
2020,,Millennials,,,,,186.0
2021,,Pre-1946,,,,,40.2
2021,,Baby boom,,,,,131.7
2021,,Generation X,,,,,231.2
2021,,Millennials,,,,,209.3
2022,,Pre-1946,,,,,31.3
2022,,Baby boom,,,,,114.5
2022,,Generation X,,,,,223.5
2022,,Millennials,,,,,231.1
2023,,Pre-1946,,,,,28.3
2023,,Baby boom,,,,,103.7
2023,,Generation X,,,,,212.0
2023,,Millennials,,,,,241.0
2015,,,One-person households,,,,143.7
2015,,,Multiple-person households,,,,184.3
2016,,,One-person households,,,,150.8
2016,,,Multiple-person households,,,,193.5
2017,,,One-person households,,,,152.7
2017,,,Multiple-person households,,,,193.3
2018,,,One-person households,,,,154.1
2018,,,Multiple-person households,,,,194.8
2019,,,One-person households,,,,153.7
2019,,,Multiple-person households,,,,193.7
2020,,,One-person households,,,,148.4
2020,,,Multiple-person households,,,,179.9
2021,,,One-person households,,,,157.9
2021,,,Multiple-person households,,,,185.7
2022,,,One-person households,,,,149.5
2022,,,Multiple-person households,,,,183.8
2023,,,One-person households,,,,163.6
2023,,,Multiple-person households,,,,176.9
2015,,,,Owner,,,208.3
2015,,,,Owner with mortgage,,,300.5
2015,,,,Owner without mortgage,,,81.2
2015,,,,Renter,,,57.3
2016,,,,Owner,,,221.5
2016,,,,Owner with mortgage,,,315.0
2016,,,,Owner without mortgage,,,87.2
2016,,,,Renter,,,57.4
2017,,,,Owner,,,222.1
2017,,,,Owner with mortgage,,,316.0
2017,,,,Owner without mortgage,,,87.2
2017,,,,Renter,,,56.7
2018,,,,Owner,,,222.4
2018,,,,Owner with mortgage,,,321.6
2018,,,,Owner without mortgage,,,81.9
2018,,,,Renter,,,62.8
2019,,,,Owner,,,220.1
2019,,,,Owner with mortgage,,,324.0
2019,,,,Owner without mortgage,,,75.6
2019,,,,Renter,,,66.5
2020,,,,Owner,,,207.3
2020,,,,Owner with mortgage,,,308.7
2020,,,,Owner without mortgage,,,61.0
2020,,,,Renter,,,59.4
2021,,,,Owner,,,214.1
2021,,,,Owner with mortgage,,,314.7
2021,,,,Owner without mortgage,,,62.5
2021,,,,Renter,,,61.4
2022,,,,Owner,,,211.3
2022,,,,Owner with mortgage,,,318.7
2022,,,,Owner without mortgage,,,59.0
2022,,,,Renter,,,58.5
2023,,,,Owner,,,205.6
2023,,,,Owner with mortgage,,,312.0
2023,,,,Owner without mortgage,,,56.6
2023,,,,Renter,,,58.0
2015,,,,,Lowest income quintile,,272.0
2015,,,,,Second income quintile,,196.6
2015,,,,,Third income quintile,,205.4
2015,,,,,Fourth income quintile,,185.1
2015,,,,,Highest income quintile,,143.7
2015,,,,,"Lowest income quintile, less than 35 years",,243.4
2015,,,,,"Lowest income quintile, 35 to 44 years",,391.3
2015,,,,,"Lowest income quintile, 45 to 54 years",,442.0
2015,,,,,"Lowest income quintile, 55 to 64 years",,320.4
2015,,,,,"Lowest income quintile, 65 years and over",,92.1
2015,,,,,"Second income quintile, less than 35 years",,217.5
2015,,,,,"Second income quintile, 35 to 44 years",,247.6
2015,,,,,"Second income quintile, 45 to 54 years",,279.5
2015,,,,,"Second income quintile, 55 to 64 years",,209.2
2015,,,,,"Second income quintile, 65 years and over",,66.1
2015,,,,,"Third income quintile, less than 35 years",,238.3
2015,,,,,"Third income quintile, 35 to 44 years",,271.6
2015,,,,,"Third income quintile, 45 to 54 years",,236.0
2015,,,,,"Third income quintile, 55 to 64 years",,214.9
2015,,,,,"Third income quintile, 65 years and over",,61.0
2015,,,,,"Fourth income quintile, less than 35 years",,204.9
2015,,,,,"Fourth income quintile, 35 to 44 years",,254.0
2015,,,,,"Fourth income quintile, 45 to 54 years",,184.9
2015,,,,,"Fourth income quintile, 55 to 64 years",,174.0
2015,,,,,"Fourth income quintile, 65 years and over",,81.9
2015,,,,,"Highest income quintile, less than 35 years",,165.0
2015,,,,,"Highest income quintile, 35 to 44 years",,204.5
2015,,,,,"Highest income quintile, 45 to 54 years",,159.4
2015,,,,,"Highest income quintile, 55 to 64 years",,128.0
2015,,,,,"Highest income quintile, 65 years and over",,64.9
2016,,,,,Lowest income quintile,,260.7
2016,,,,,Second income quintile,,197.3
2016,,,,,Third income quintile,,217.3
2016,,,,,Fourth income quintile,,195.8
2016,,,,,Highest income quintile,,153.8
2016,,,,,"Lowest income quintile, less than 35 years",,248.3
2016,,,,,"Lowest income quintile, 35 to 44 years",,326.9
2016,,,,,"Lowest income quintile, 45 to 54 years",,437.6
2016,,,,,"Lowest income quintile, 55 to 64 years",,318.0
2016,,,,,"Lowest income quintile, 65 years and over",,90.2
2016,,,,,"Second income quintile, less than 35 years",,213.3
2016,,,,,"Second income quintile, 35 to 44 years",,216.5
2016,,,,,"Second income quintile, 45 to 54 years",,315.5
2016,,,,,"Second income quintile, 55 to 64 years",,232.4
2016,,,,,"Second income quintile, 65 years and over",,62.8
2016,,,,,"Third income quintile, less than 35 years",,255.7
2016,,,,,"Third income quintile, 35 to 44 years",,297.4
2016,,,,,"Third income quintile, 45 to 54 years",,257.4
2016,,,,,"Third income quintile, 55 to 64 years",,220.7
2016,,,,,"Third income quintile, 65 years and over",,54.2
2016,,,,,"Fourth income quintile, less than 35 years",,207.9
2016,,,,,"Fourth income quintile, 35 to 44 years",,255.3
2016,,,,,"Fourth income quintile, 45 to 54 years",,199.5
2016,,,,,"Fourth income quintile, 55 to 64 years",,193.7
2016,,,,,"Fourth income quintile, 65 years and over",,101.1
2016,,,,,"Highest income quintile, less than 35 years",,168.4
2016,,,,,"Highest income quintile, 35 to 44 years",,221.7
2016,,,,,"Highest income quintile, 45 to 54 years",,171.9
2016,,,,,"Highest income quintile, 55 to 64 years",,141.2
2016,,,,,"Highest income quintile, 65 years and over",,71.1
2017,,,,,Lowest income quintile,,254.1
2017,,,,,Second income quintile,,201.9
2017,,,,,Third income quintile,,226.1
2017,,,,,Fourth income quintile,,192.0
2017,,,,,Highest income quintile,,153.0
2017,,,,,"Lowest income quintile, less than 35 years",,248.8
2017,,,,,"Lowest income quintile, 35 to 44 years",,276.4
2017,,,,,"Lowest income quintile, 45 to 54 years",,452.2
2017,,,,,"Lowest income quintile, 55 to 64 years",,333.3
2017,,,,,"Lowest income quintile, 65 years and over",,91.3
2017,,,,,"Second income quintile, less than 35 years",,211.5
2017,,,,,"Second income quintile, 35 to 44 years",,221.6
2017,,,,,"Second income quintile, 45 to 54 years",,327.5
2017,,,,,"Second income quintile, 55 to 64 years",,255.8
2017,,,,,"Second income quintile, 65 years and over",,64.6
2017,,,,,"Third income quintile, less than 35 years",,262.7
2017,,,,,"Third income quintile, 35 to 44 years",,304.6
2017,,,,,"Third income quintile, 45 to 54 years",,285.9
2017,,,,,"Third income quintile, 55 to 64 years",,228.2
2017,,,,,"Third income quintile, 65 years and over",,56.8
2017,,,,,"Fourth income quintile, less than 35 years",,198.4
2017,,,,,"Fourth income quintile, 35 to 44 years",,248.7
2017,,,,,"Fourth income quintile, 45 to 54 years",,192.9
2017,,,,,"Fourth income quintile, 55 to 64 years",,193.2
2017,,,,,"Fourth income quintile, 65 years and over",,103.9
2017,,,,,"Highest income quintile, less than 35 years",,167.2
2017,,,,,"Highest income quintile, 35 to 44 years",,212.7
2017,,,,,"Highest income quintile, 45 to 54 years",,173.0
2017,,,,,"Highest income quintile, 55 to 64 years",,142.8
2017,,,,,"Highest income quintile, 65 years and over",,71.2
2018,,,,,Lowest income quintile,,267.3
2018,,,,,Second income quintile,,205.5
2018,,,,,Third income quintile,,226.6
2018,,,,,Fourth income quintile,,195.2
2018,,,,,Highest income quintile,,150.9
2018,,,,,"Lowest income quintile, less than 35 years",,243.6
2018,,,,,"Lowest income quintile, 35 to 44 years",,363.2
2018,,,,,"Lowest income quintile, 45 to 54 years",,501.7
2018,,,,,"Lowest income quintile, 55 to 64 years",,323.3
2018,,,,,"Lowest income quintile, 65 years and over",,84.3
2018,,,,,"Second income quintile, less than 35 years",,189.9
2018,,,,,"Second income quintile, 35 to 44 years",,271.5
2018,,,,,"Second income quintile, 45 to 54 years",,338.0
2018,,,,,"Second income quintile, 55 to 64 years",,250.7
2018,,,,,"Second income quintile, 65 years and over",,62.5
2018,,,,,"Third income quintile, less than 35 years",,255.8
2018,,,,,"Third income quintile, 35 to 44 years",,309.5
2018,,,,,"Third income quintile, 45 to 54 years",,280.3
2018,,,,,"Third income quintile, 55 to 64 years",,217.2
2018,,,,,"Third income quintile, 65 years and over",,77.6
2018,,,,,"Fourth income quintile, less than 35 years",,211.7
2018,,,,,"Fourth income quintile, 35 to 44 years",,247.8
2018,,,,,"Fourth income quintile, 45 to 54 years",,213.5
2018,,,,,"Fourth income quintile, 55 to 64 years",,181.1
2018,,,,,"Fourth income quintile, 65 years and over",,91.6
2018,,,,,"Highest income quintile, less than 35 years",,158.4
2018,,,,,"Highest income quintile, 35 to 44 years",,202.1
2018,,,,,"Highest income quintile, 45 to 54 years",,186.4
2018,,,,,"Highest income quintile, 55 to 64 years",,137.9
2018,,,,,"Highest income quintile, 65 years and over",,65.9
2019,,,,,Lowest income quintile,,293.6
2019,,,,,Second income quintile,,204.5
2019,,,,,Third income quintile,,219.3
2019,,,,,Fourth income quintile,,195.7
2019,,,,,Highest income quintile,,147.9
2019,,,,,"Lowest income quintile, less than 35 years",,243.4
2019,,,,,"Lowest income quintile, 35 to 44 years",,447.9
2019,,,,,"Lowest income quintile, 45 to 54 years",,585.5
2019,,,,,"Lowest income quintile, 55 to 64 years",,322.8
2019,,,,,"Lowest income quintile, 65 years and over",,82.1
2019,,,,,"Second income quintile, less than 35 years",,190.1
2019,,,,,"Second income quintile, 35 to 44 years",,287.0
2019,,,,,"Second income quintile, 45 to 54 years",,322.2
2019,,,,,"Second income quintile, 55 to 64 years",,254.9
2019,,,,,"Second income quintile, 65 years and over",,55.1
2019,,,,,"Third income quintile, less than 35 years",,254.7
2019,,,,,"Third income quintile, 35 to 44 years",,318.2
2019,,,,,"Third income quintile, 45 to 54 years",,258.1
2019,,,,,"Third income quintile, 55 to 64 years",,192.2
2019,,,,,"Third income quintile, 65 years and over",,81.7
2019,,,,,"Fourth income quintile, less than 35 years",,217.2
2019,,,,,"Fourth income quintile, 35 to 44 years",,245.6
2019,,,,,"Fourth income quintile, 45 to 54 years",,227.3
2019,,,,,"Fourth income quintile, 55 to 64 years",,177.4
2019,,,,,"Fourth income quintile, 65 years and over",,84.4
2019,,,,,"Highest income quintile, less than 35 years",,149.3
2019,,,,,"Highest income quintile, 35 to 44 years",,197.2
2019,,,,,"Highest income quintile, 45 to 54 years",,195.3
2019,,,,,"Highest income quintile, 55 to 64 years",,129.1
2019,,,,,"Highest income quintile, 65 years and over",,63.7
2020,,,,,Lowest income quintile,,405.3
2020,,,,,Second income quintile,,165.4
2020,,,,,Third income quintile,,167.6
2020,,,,,Fourth income quintile,,181.5
2020,,,,,Highest income quintile,,142.8
2020,,,,,"Lowest income quintile, less than 35 years",,362.4
2020,,,,,"Lowest income quintile, 35 to 44 years",,628.2
2020,,,,,"Lowest income quintile, 45 to 54 years",,847.3
2020,,,,,"Lowest income quintile, 55 to 64 years",,535.5
2020,,,,,"Lowest income quintile, 65 years and over",,98.2
2020,,,,,"Second income quintile, less than 35 years",,177.3
2020,,,,,"Second income quintile, 35 to 44 years",,192.6
2020,,,,,"Second income quintile, 45 to 54 years",,299.7
2020,,,,,"Second income quintile, 55 to 64 years",,175.1
2020,,,,,"Second income quintile, 65 years and over",,62.0
2020,,,,,"Third income quintile, less than 35 years",,144.3
2020,,,,,"Third income quintile, 35 to 44 years",,208.9
2020,,,,,"Third income quintile, 45 to 54 years",,203.3
2020,,,,,"Third income quintile, 55 to 64 years",,223.7
2020,,,,,"Third income quintile, 65 years and over",,76.0
2020,,,,,"Fourth income quintile, less than 35 years",,226.2
2020,,,,,"Fourth income quintile, 35 to 44 years",,221.9
2020,,,,,"Fourth income quintile, 45 to 54 years",,206.5
2020,,,,,"Fourth income quintile, 55 to 64 years",,135.8
2020,,,,,"Fourth income quintile, 65 years and over",,89.9
2020,,,,,"Highest income quintile, less than 35 years",,152.7
2020,,,,,"Highest income quintile, 35 to 44 years",,216.9
2020,,,,,"Highest income quintile, 45 to 54 years",,148.7
2020,,,,,"Highest income quintile, 55 to 64 years",,130.8
2020,,,,,"Highest income quintile, 65 years and over",,56.6
2021,,,,,Lowest income quintile,,399.0
2021,,,,,Second income quintile,,159.2
2021,,,,,Third income quintile,,166.1
2021,,,,,Fourth income quintile,,189.1
2021,,,,,Highest income quintile,,157.3
2021,,,,,"Lowest income quintile, less than 35 years",,359.1
2021,,,,,"Lowest income quintile, 35 to 44 years",,566.7
2021,,,,,"Lowest income quintile, 45 to 54 years",,940.8
2021,,,,,"Lowest income quintile, 55 to 64 years",,616.7
2021,,,,,"Lowest income quintile, 65 years and over",,100.9
2021,,,,,"Second income quintile, less than 35 years",,114.8
2021,,,,,"Second income quintile, 35 to 44 years",,216.1
2021,,,,,"Second income quintile, 45 to 54 years",,276.0
2021,,,,,"Second income quintile, 55 to 64 years",,159.4
2021,,,,,"Second income quintile, 65 years and over",,80.7
2021,,,,,"Third income quintile, less than 35 years",,175.2
2021,,,,,"Third income quintile, 35 to 44 years",,206.3
2021,,,,,"Third income quintile, 45 to 54 years",,189.4
2021,,,,,"Third income quintile, 55 to 64 years",,183.3
2021,,,,,"Third income quintile, 65 years and over",,75.2
2021,,,,,"Fourth income quintile, less than 35 years",,214.3
2021,,,,,"Fourth income quintile, 35 to 44 years",,232.4
2021,,,,,"Fourth income quintile, 45 to 54 years",,207.3
2021,,,,,"Fourth income quintile, 55 to 64 years",,160.4
2021,,,,,"Fourth income quintile, 65 years and over",,98.8
2021,,,,,"Highest income quintile, less than 35 years",,175.9
2021,,,,,"Highest income quintile, 35 to 44 years",,239.3
2021,,,,,"Highest income quintile, 45 to 54 years",,165.2
2021,,,,,"Highest income quintile, 55 to 64 years",,137.4
2021,,,,,"Highest income quintile, 65 years and over",,55.3
2022,,,,,Lowest income quintile,,426.5
2022,,,,,Second income quintile,,166.0
2022,,,,,Third income quintile,,165.0
2022,,,,,Fourth income quintile,,187.1
2022,,,,,Highest income quintile,,142.3
2022,,,,,"Lowest income quintile, less than 35 years",,374.1
2022,,,,,"Lowest income quintile, 35 to 44 years",,645.7
2022,,,,,"Lowest income quintile, 45 to 54 years",,910.7
2022,,,,,"Lowest income quintile, 55 to 64 years",,534.4
2022,,,,,"Lowest income quintile, 65 years and over",,122.4
2022,,,,,"Second income quintile, less than 35 years",,109.8
2022,,,,,"Second income quintile, 35 to 44 years",,240.4
2022,,,,,"Second income quintile, 45 to 54 years",,318.6
2022,,,,,"Second income quintile, 55 to 64 years",,158.1
2022,,,,,"Second income quintile, 65 years and over",,74.5
2022,,,,,"Third income quintile, less than 35 years",,195.1
2022,,,,,"Third income quintile, 35 to 44 years",,199.7
2022,,,,,"Third income quintile, 45 to 54 years",,178.0
2022,,,,,"Third income quintile, 55 to 64 years",,191.9
2022,,,,,"Third income quintile, 65 years and over",,68.9
2022,,,,,"Fourth income quintile, less than 35 years",,210.3
2022,,,,,"Fourth income quintile, 35 to 44 years",,256.7
2022,,,,,"Fourth income quintile, 45 to 54 years",,193.9
2022,,,,,"Fourth income quintile, 55 to 64 years",,149.3
2022,,,,,"Fourth income quintile, 65 years and over",,86.1
2022,,,,,"Highest income quintile, less than 35 years",,153.1
2022,,,,,"Highest income quintile, 35 to 44 years",,203.6
2022,,,,,"Highest income quintile, 45 to 54 years",,152.7
2022,,,,,"Highest income quintile, 55 to 64 years",,134.5
2022,,,,,"Highest income quintile, 65 years and over",,54.7
2023,,,,,Lowest income quintile,,523.2
2023,,,,,Second income quintile,,179.6
2023,,,,,Third income quintile,,165.1
2023,,,,,Fourth income quintile,,176.6
2023,,,,,Highest income quintile,,129.4
2023,,,,,"Lowest income quintile, less than 35 years",,410.0
2023,,,,,"Lowest income quintile, 35 to 44 years",,762.6
2023,,,,,"Lowest income quintile, 45 to 54 years",,1175.8
2023,,,,,"Lowest income quintile, 55 to 64 years",,696.3
2023,,,,,"Lowest income quintile, 65 years and over",,141.8
2023,,,,,"Second income quintile, less than 35 years",,163.7
2023,,,,,"Second income quintile, 35 to 44 years",,256.8
2023,,,,,"Second income quintile, 45 to 54 years",,255.7
2023,,,,,"Second income quintile, 55 to 64 years",,225.5
2023,,,,,"Second income quintile, 65 years and over",,74.7
2023,,,,,"Third income quintile, less than 35 years",,168.8
2023,,,,,"Third income quintile, 35 to 44 years",,230.4
2023,,,,,"Third income quintile, 45 to 54 years",,175.3
2023,,,,,"Third income quintile, 55 to 64 years",,190.4
2023,,,,,"Third income quintile, 65 years and over",,66.0
2023,,,,,"Fourth income quintile, less than 35 years",,188.3
2023,,,,,"Fourth income quintile, 35 to 44 years",,215.6
2023,,,,,"Fourth income quintile, 45 to 54 years",,214.3
2023,,,,,"Fourth income quintile, 55 to 64 years",,153.0
2023,,,,,"Fourth income quintile, 65 years and over",,79.3
2023,,,,,"Highest income quintile, less than 35 years",,129.2
2023,,,,,"Highest income quintile, 35 to 44 years",,202.8
2023,,,,,"Highest income quintile, 45 to 54 years",,135.9
2023,,,,,"Highest income quintile, 55 to 64 years",,129.3
2023,,,,,"Highest income quintile, 65 years and over",,51.8
2015,,,,,,Wages and salaries,202.8
2015,,,,,,Self-employment income,298.7
2015,,,,,,Net property income,101.7
2015,,,,,,Current transfers received - pension benefits,76.6
2015,,,,,,Current transfers received - others,154.9
2016,,,,,,Wages and salaries,215.3
2016,,,,,,Self-employment income,308.6
2016,,,,,,Net property income,115.1
2016,,,,,,Current transfers received - pension benefits,74.8
2016,,,,,,Current transfers received - others,163.9
2017,,,,,,Wages and salaries,213.9
2017,,,,,,Self-employment income,315.1
2017,,,,,,Net property income,112.5
2017,,,,,,Current transfers received - pension benefits,78.0
2017,,,,,,Current transfers received - others,175.1
2018,,,,,,Wages and salaries,216.0
2018,,,,,,Self-employment income,288.7
2018,,,,,,Net property income,118.7
2018,,,,,,Current transfers received - pension benefits,77.7
2018,,,,,,Current transfers received - others,190.1
2019,,,,,,Wages and salaries,215.5
2019,,,,,,Self-employment income,262.6
2019,,,,,,Net property income,109.0
2019,,,,,,Current transfers received - pension benefits,77.2
2019,,,,,,Current transfers received - others,241.2
2020,,,,,,Wages and salaries,196.0
2020,,,,,,Self-employment income,211.3
2020,,,,,,Net property income,120.3
2020,,,,,,Current transfers received - pension benefits,75.9
2020,,,,,,Current transfers received - others,232.7
2021,,,,,,Wages and salaries,201.7
2021,,,,,,Self-employment income,245.4
2021,,,,,,Net property income,133.0
2021,,,,,,Current transfers received - pension benefits,82.7
2021,,,,,,Current transfers received - others,222.9
2022,,,,,,Wages and salaries,204.3
2022,,,,,,Self-employment income,215.3
2022,,,,,,Net property income,110.8
2022,,,,,,Current transfers received - pension benefits,79.6
2022,,,,,,Current transfers received - others,207.2
2023,,,,,,Wages and salaries,204.3
2023,,,,,,Self-employment income,193.5
2023,,,,,,Net property income,99.8
2023,,,,,,Current transfers received - pension benefits,76.9
2023,,,,,,Current transfers received - others,210.8
