Year,Industries,Environmental protection activities or management practices,Value
2018,,,90.3
2019,,,86.6
2020,,,86.3
2018,"Total, industries",Wastewater management,64.5
2018,"Total, industries",Air pollution management,20.1
2018,"Total, industries","Protection and remediation of soil, groundwater and surface water",10.2
2018,"Total, industries",Protection of biodiversity and habitat,5.2
2018,"Total, industries",Noise and vibration abatement,7.9
2018,Logging (except contract),"Total, environmental protection activities",72.9
2018,Logging (except contract),Wastewater management,58.9
2018,Logging (except contract),Air pollution management,6.6
2018,Logging (except contract),"Protection and remediation of soil, groundwater and surface water",19.1
2018,Logging (except contract),Protection of biodiversity and habitat,11.6
2018,Logging (except contract),Noise and vibration abatement,7.4
2018,Oil and gas extraction,"Total, environmental protection activities",87.3
2018,Oil and gas extraction,Wastewater management,78.1
2018,Oil and gas extraction,Air pollution management,59.5
2018,Oil and gas extraction,"Protection and remediation of soil, groundwater and surface water",62.0
2018,Oil and gas extraction,Protection of biodiversity and habitat,30.4
2018,Oil and gas extraction,Noise and vibration abatement,22.5
2018,Mining and quarrying,"Total, environmental protection activities",97.8
2018,Mining and quarrying,Wastewater management,90.0
2018,Mining and quarrying,Air pollution management,63.3
2018,Mining and quarrying,"Protection and remediation of soil, groundwater and surface water",67.8
2018,Mining and quarrying,Protection of biodiversity and habitat,55.6
2018,Mining and quarrying,Noise and vibration abatement,26.7
2018,"Electric power generation, transmission and distribution","Total, environmental protection activities",88.5
2018,"Electric power generation, transmission and distribution",Wastewater management,68.5
2018,"Electric power generation, transmission and distribution",Air pollution management,35.9
2018,"Electric power generation, transmission and distribution","Protection and remediation of soil, groundwater and surface water",36.1
2018,"Electric power generation, transmission and distribution",Protection of biodiversity and habitat,27.2
2018,"Electric power generation, transmission and distribution",Noise and vibration abatement,17.6
2018,Natural gas distribution,"Total, environmental protection activities",66.6
2018,Natural gas distribution,Wastewater management,50.2
2018,Natural gas distribution,Air pollution management,45.4
2018,Natural gas distribution,"Protection and remediation of soil, groundwater and surface water",40.6
2018,Natural gas distribution,Protection of biodiversity and habitat,43.0
2018,Natural gas distribution,Noise and vibration abatement,38.2
2018,Food manufacturing,"Total, environmental protection activities",94.7
2018,Food manufacturing,Wastewater management,84.2
2018,Food manufacturing,Air pollution management,15.2
2018,Food manufacturing,"Protection and remediation of soil, groundwater and surface water",11.3
2018,Food manufacturing,Protection of biodiversity and habitat,6.5
2018,Food manufacturing,Noise and vibration abatement,15.0
2018,Beverage and tobacco product manufacturing,"Total, environmental protection activities",98.3
2018,Beverage and tobacco product manufacturing,Wastewater management,92.6
2018,Beverage and tobacco product manufacturing,Air pollution management,14.7
2018,Beverage and tobacco product manufacturing,"Protection and remediation of soil, groundwater and surface water",8.8
2018,Beverage and tobacco product manufacturing,Protection of biodiversity and habitat,8.7
2018,Beverage and tobacco product manufacturing,Noise and vibration abatement,5.7
2018,Wood product manufacturing,"Total, environmental protection activities",89.9
2018,Wood product manufacturing,Wastewater management,63.9
2018,Wood product manufacturing,Air pollution management,30.4
2018,Wood product manufacturing,"Protection and remediation of soil, groundwater and surface water",14.4
2018,Wood product manufacturing,Protection of biodiversity and habitat,2.3
2018,Wood product manufacturing,Noise and vibration abatement,7.4
2018,Paper manufacturing,"Total, environmental protection activities",97.7
2018,Paper manufacturing,Wastewater management,85.1
2018,Paper manufacturing,Air pollution management,53.0
2018,Paper manufacturing,"Protection and remediation of soil, groundwater and surface water",35.9
2018,Paper manufacturing,Protection of biodiversity and habitat,18.4
2018,Paper manufacturing,Noise and vibration abatement,16.3
2018,Petroleum and coal product manufacturing,"Total, environmental protection activities",100.0
2018,Petroleum and coal product manufacturing,Wastewater management,92.9
2018,Petroleum and coal product manufacturing,Air pollution management,92.9
2018,Petroleum and coal product manufacturing,"Protection and remediation of soil, groundwater and surface water",75.0
2018,Petroleum and coal product manufacturing,Protection of biodiversity and habitat,42.9
2018,Petroleum and coal product manufacturing,Noise and vibration abatement,57.2
2018,Chemical manufacturing,"Total, environmental protection activities",95.6
2018,Chemical manufacturing,Wastewater management,78.5
2018,Chemical manufacturing,Air pollution management,42.7
2018,Chemical manufacturing,"Protection and remediation of soil, groundwater and surface water",24.9
2018,Chemical manufacturing,Protection of biodiversity and habitat,3.5
2018,Chemical manufacturing,Noise and vibration abatement,6.8
2018,Non-metallic mineral product manufacturing,"Total, environmental protection activities",86.3
2018,Non-metallic mineral product manufacturing,Wastewater management,68.7
2018,Non-metallic mineral product manufacturing,Air pollution management,41.5
2018,Non-metallic mineral product manufacturing,"Protection and remediation of soil, groundwater and surface water",16.0
2018,Non-metallic mineral product manufacturing,Protection of biodiversity and habitat,5.5
2018,Non-metallic mineral product manufacturing,Noise and vibration abatement,13.4
2018,Primary metal manufacturing,"Total, environmental protection activities",95.7
2018,Primary metal manufacturing,Wastewater management,83.9
2018,Primary metal manufacturing,Air pollution management,69.9
2018,Primary metal manufacturing,"Protection and remediation of soil, groundwater and surface water",49.6
2018,Primary metal manufacturing,Protection of biodiversity and habitat,16.6
2018,Primary metal manufacturing,Noise and vibration abatement,26.5
2018,Fabricated metal product manufacturing,"Total, environmental protection activities",93.7
2018,Fabricated metal product manufacturing,Wastewater management,60.7
2018,Fabricated metal product manufacturing,Air pollution management,13.0
2018,Fabricated metal product manufacturing,"Protection and remediation of soil, groundwater and surface water",1.5
2018,Fabricated metal product manufacturing,Protection of biodiversity and habitat,0.2
2018,Fabricated metal product manufacturing,Noise and vibration abatement,2.2
2018,Transportation equipment manufacturing,"Total, environmental protection activities",93.5
2018,Transportation equipment manufacturing,Wastewater management,70.9
2018,Transportation equipment manufacturing,Air pollution management,28.1
2018,Transportation equipment manufacturing,"Protection and remediation of soil, groundwater and surface water",12.1
2018,Transportation equipment manufacturing,Protection of biodiversity and habitat,5.6
2018,Transportation equipment manufacturing,Noise and vibration abatement,11.8
2018,Plastics and rubber products manufacturing,"Total, environmental protection activities",93.4
2018,Plastics and rubber products manufacturing,Wastewater management,62.9
2018,Plastics and rubber products manufacturing,Air pollution management,16.4
2018,Plastics and rubber products manufacturing,"Protection and remediation of soil, groundwater and surface water",4.0
2018,Plastics and rubber products manufacturing,Protection of biodiversity and habitat,0.0
2018,Plastics and rubber products manufacturing,Noise and vibration abatement,4.7
2018,Machinery manufacturing,"Total, environmental protection activities",93.3
2018,Machinery manufacturing,Wastewater management,62.4
2018,Machinery manufacturing,Air pollution management,17.6
2018,Machinery manufacturing,"Protection and remediation of soil, groundwater and surface water",10.3
2018,Machinery manufacturing,Protection of biodiversity and habitat,3.1
2018,Machinery manufacturing,Noise and vibration abatement,5.9
2018,Furniture and related product manufacturing,"Total, environmental protection activities",93.5
2018,Furniture and related product manufacturing,Wastewater management,61.1
2018,Furniture and related product manufacturing,Air pollution management,18.9
2018,Furniture and related product manufacturing,"Protection and remediation of soil, groundwater and surface water",6.0
2018,Furniture and related product manufacturing,Protection of biodiversity and habitat,5.6
2018,Furniture and related product manufacturing,Noise and vibration abatement,13.2
2018,Other manufacturing industries,"Total, environmental protection activities",87.0
2018,Other manufacturing industries,Wastewater management,57.6
2018,Other manufacturing industries,Air pollution management,10.9
2018,Other manufacturing industries,"Protection and remediation of soil, groundwater and surface water",1.6
2018,Other manufacturing industries,Protection of biodiversity and habitat,2.3
2018,Other manufacturing industries,Noise and vibration abatement,4.2
2018,Pipeline transportation,"Total, environmental protection activities",86.9
2018,Pipeline transportation,Wastewater management,65.6
2018,Pipeline transportation,Air pollution management,59.0
2018,Pipeline transportation,"Protection and remediation of soil, groundwater and surface water",75.4
2018,Pipeline transportation,Protection of biodiversity and habitat,67.2
2018,Pipeline transportation,Noise and vibration abatement,50.8
2019,"Total, industries",Wastewater management,60.7
2019,"Total, industries",Air pollution management,16.4
2019,"Total, industries","Protection and remediation of soil, groundwater and surface water",7.9
2019,"Total, industries",Protection of biodiversity and habitat,5.5
2019,"Total, industries",Noise and vibration abatement,6.2
2019,Logging (except contract),"Total, environmental protection activities",68.3
2019,Logging (except contract),Wastewater management,54.8
2019,Logging (except contract),Air pollution management,0.4
2019,Logging (except contract),"Protection and remediation of soil, groundwater and surface water",8.3
2019,Logging (except contract),Protection of biodiversity and habitat,35.4
2019,Logging (except contract),Noise and vibration abatement,27.8
2019,Oil and gas extraction,"Total, environmental protection activities",79.2
2019,Oil and gas extraction,Wastewater management,69.4
2019,Oil and gas extraction,Air pollution management,47.7
2019,Oil and gas extraction,"Protection and remediation of soil, groundwater and surface water",56.2
2019,Oil and gas extraction,Protection of biodiversity and habitat,30.3
2019,Oil and gas extraction,Noise and vibration abatement,19.1
2019,Mining and quarrying,"Total, environmental protection activities",99.0
2019,Mining and quarrying,Wastewater management,89.8
2019,Mining and quarrying,Air pollution management,63.3
2019,Mining and quarrying,"Protection and remediation of soil, groundwater and surface water",72.4
2019,Mining and quarrying,Protection of biodiversity and habitat,58.2
2019,Mining and quarrying,Noise and vibration abatement,22.4
2019,"Electric power generation, transmission and distribution","Total, environmental protection activities",85.0
2019,"Electric power generation, transmission and distribution",Wastewater management,57.5
2019,"Electric power generation, transmission and distribution",Air pollution management,25.8
2019,"Electric power generation, transmission and distribution","Protection and remediation of soil, groundwater and surface water",32.4
2019,"Electric power generation, transmission and distribution",Protection of biodiversity and habitat,40.1
2019,"Electric power generation, transmission and distribution",Noise and vibration abatement,19.8
2019,Natural gas distribution,"Total, environmental protection activities",67.6
2019,Natural gas distribution,Wastewater management,55.9
2019,Natural gas distribution,Air pollution management,55.9
2019,Natural gas distribution,"Protection and remediation of soil, groundwater and surface water",47.1
2019,Natural gas distribution,Protection of biodiversity and habitat,41.2
2019,Natural gas distribution,Noise and vibration abatement,38.2
2019,Food manufacturing,"Total, environmental protection activities",96.4
2019,Food manufacturing,Wastewater management,82.8
2019,Food manufacturing,Air pollution management,13.0
2019,Food manufacturing,"Protection and remediation of soil, groundwater and surface water",7.0
2019,Food manufacturing,Protection of biodiversity and habitat,6.4
2019,Food manufacturing,Noise and vibration abatement,9.3
2019,Beverage and tobacco product manufacturing,"Total, environmental protection activities",92.4
2019,Beverage and tobacco product manufacturing,Wastewater management,78.0
2019,Beverage and tobacco product manufacturing,Air pollution management,8.9
2019,Beverage and tobacco product manufacturing,"Protection and remediation of soil, groundwater and surface water",2.4
2019,Beverage and tobacco product manufacturing,Protection of biodiversity and habitat,2.3
2019,Beverage and tobacco product manufacturing,Noise and vibration abatement,2.4
2019,Wood product manufacturing,"Total, environmental protection activities",91.6
2019,Wood product manufacturing,Wastewater management,61.5
2019,Wood product manufacturing,Air pollution management,22.0
2019,Wood product manufacturing,"Protection and remediation of soil, groundwater and surface water",20.2
2019,Wood product manufacturing,Protection of biodiversity and habitat,5.1
2019,Wood product manufacturing,Noise and vibration abatement,2.2
2019,Paper manufacturing,"Total, environmental protection activities",97.4
2019,Paper manufacturing,Wastewater management,87.1
2019,Paper manufacturing,Air pollution management,38.2
2019,Paper manufacturing,"Protection and remediation of soil, groundwater and surface water",37.7
2019,Paper manufacturing,Protection of biodiversity and habitat,13.0
2019,Paper manufacturing,Noise and vibration abatement,12.2
2019,Petroleum and coal product manufacturing,"Total, environmental protection activities",100.0
2019,Petroleum and coal product manufacturing,Wastewater management,93.3
2019,Petroleum and coal product manufacturing,Air pollution management,76.7
2019,Petroleum and coal product manufacturing,"Protection and remediation of soil, groundwater and surface water",70.0
2019,Petroleum and coal product manufacturing,Protection of biodiversity and habitat,40.0
2019,Petroleum and coal product manufacturing,Noise and vibration abatement,43.3
2019,Chemical manufacturing,"Total, environmental protection activities",96.9
2019,Chemical manufacturing,Wastewater management,76.0
2019,Chemical manufacturing,Air pollution management,46.7
2019,Chemical manufacturing,"Protection and remediation of soil, groundwater and surface water",21.8
2019,Chemical manufacturing,Protection of biodiversity and habitat,11.3
2019,Chemical manufacturing,Noise and vibration abatement,9.8
2019,Non-metallic mineral product manufacturing,"Total, environmental protection activities",86.5
2019,Non-metallic mineral product manufacturing,Wastewater management,65.9
2019,Non-metallic mineral product manufacturing,Air pollution management,43.0
2019,Non-metallic mineral product manufacturing,"Protection and remediation of soil, groundwater and surface water",13.2
2019,Non-metallic mineral product manufacturing,Protection of biodiversity and habitat,6.0
2019,Non-metallic mineral product manufacturing,Noise and vibration abatement,9.1
2019,Primary metal manufacturing,"Total, environmental protection activities",96.4
2019,Primary metal manufacturing,Wastewater management,88.6
2019,Primary metal manufacturing,Air pollution management,66.3
2019,Primary metal manufacturing,"Protection and remediation of soil, groundwater and surface water",45.6
2019,Primary metal manufacturing,Protection of biodiversity and habitat,14.6
2019,Primary metal manufacturing,Noise and vibration abatement,23.8
2019,Fabricated metal product manufacturing,"Total, environmental protection activities",84.3
2019,Fabricated metal product manufacturing,Wastewater management,56.9
2019,Fabricated metal product manufacturing,Air pollution management,12.8
2019,Fabricated metal product manufacturing,"Protection and remediation of soil, groundwater and surface water",0.6
2019,Fabricated metal product manufacturing,Protection of biodiversity and habitat,0.2
2019,Fabricated metal product manufacturing,Noise and vibration abatement,0.9
2019,Transportation equipment manufacturing,"Total, environmental protection activities",92.4
2019,Transportation equipment manufacturing,Wastewater management,66.4
2019,Transportation equipment manufacturing,Air pollution management,23.5
2019,Transportation equipment manufacturing,"Protection and remediation of soil, groundwater and surface water",14.0
2019,Transportation equipment manufacturing,Protection of biodiversity and habitat,4.4
2019,Transportation equipment manufacturing,Noise and vibration abatement,8.8
2019,Plastics and rubber products manufacturing,"Total, environmental protection activities",97.7
2019,Plastics and rubber products manufacturing,Wastewater management,67.9
2019,Plastics and rubber products manufacturing,Air pollution management,15.0
2019,Plastics and rubber products manufacturing,"Protection and remediation of soil, groundwater and surface water",4.4
2019,Plastics and rubber products manufacturing,Protection of biodiversity and habitat,
2019,Plastics and rubber products manufacturing,Noise and vibration abatement,5.5
2019,Machinery manufacturing,"Total, environmental protection activities",88.3
2019,Machinery manufacturing,Wastewater management,58.9
2019,Machinery manufacturing,Air pollution management,16.1
2019,Machinery manufacturing,"Protection and remediation of soil, groundwater and surface water",3.5
2019,Machinery manufacturing,Protection of biodiversity and habitat,0.9
2019,Machinery manufacturing,Noise and vibration abatement,7.3
2019,Furniture and related product manufacturing,"Total, environmental protection activities",90.8
2019,Furniture and related product manufacturing,Wastewater management,55.8
2019,Furniture and related product manufacturing,Air pollution management,10.0
2019,Furniture and related product manufacturing,"Protection and remediation of soil, groundwater and surface water",
2019,Furniture and related product manufacturing,Protection of biodiversity and habitat,0.0
2019,Furniture and related product manufacturing,Noise and vibration abatement,5.7
2019,Other manufacturing industries,"Total, environmental protection activities",81.4
2019,Other manufacturing industries,Wastewater management,52.0
2019,Other manufacturing industries,Air pollution management,7.1
2019,Other manufacturing industries,"Protection and remediation of soil, groundwater and surface water",1.1
2019,Other manufacturing industries,Protection of biodiversity and habitat,
2019,Other manufacturing industries,Noise and vibration abatement,0.8
2019,Pipeline transportation,"Total, environmental protection activities",96.0
2019,Pipeline transportation,Wastewater management,72.0
2019,Pipeline transportation,Air pollution management,60.0
2019,Pipeline transportation,"Protection and remediation of soil, groundwater and surface water",62.0
2019,Pipeline transportation,Protection of biodiversity and habitat,68.0
2019,Pipeline transportation,Noise and vibration abatement,38.0
2020,"Total, industries",Wastewater management,61.6
2020,"Total, industries",Air pollution management,14.4
2020,"Total, industries","Protection and remediation of soil, groundwater and surface water",8.7
2020,"Total, industries",Protection of biodiversity and habitat,3.7
2020,"Total, industries",Noise and vibration abatement,4.9
2020,Logging (except contract),"Total, environmental protection activities",65.8
2020,Logging (except contract),Wastewater management,49.0
2020,Logging (except contract),Air pollution management,4.1
2020,Logging (except contract),"Protection and remediation of soil, groundwater and surface water",11.9
2020,Logging (except contract),Protection of biodiversity and habitat,11.5
2020,Logging (except contract),Noise and vibration abatement,
2020,Oil and gas extraction,"Total, environmental protection activities",83.8
2020,Oil and gas extraction,Wastewater management,67.1
2020,Oil and gas extraction,Air pollution management,61.1
2020,Oil and gas extraction,"Protection and remediation of soil, groundwater and surface water",66.4
2020,Oil and gas extraction,Protection of biodiversity and habitat,39.5
2020,Oil and gas extraction,Noise and vibration abatement,17.9
2020,Mining and quarrying,"Total, environmental protection activities",96.7
2020,Mining and quarrying,Wastewater management,88.0
2020,Mining and quarrying,Air pollution management,59.8
2020,Mining and quarrying,"Protection and remediation of soil, groundwater and surface water",58.7
2020,Mining and quarrying,Protection of biodiversity and habitat,44.6
2020,Mining and quarrying,Noise and vibration abatement,16.3
2020,"Electric power generation, transmission and distribution","Total, environmental protection activities",85.0
2020,"Electric power generation, transmission and distribution",Wastewater management,69.7
2020,"Electric power generation, transmission and distribution",Air pollution management,33.9
2020,"Electric power generation, transmission and distribution","Protection and remediation of soil, groundwater and surface water",29.9
2020,"Electric power generation, transmission and distribution",Protection of biodiversity and habitat,28.2
2020,"Electric power generation, transmission and distribution",Noise and vibration abatement,20.7
2020,Natural gas distribution,"Total, environmental protection activities",69.7
2020,Natural gas distribution,Wastewater management,60.6
2020,Natural gas distribution,Air pollution management,48.5
2020,Natural gas distribution,"Protection and remediation of soil, groundwater and surface water",45.5
2020,Natural gas distribution,Protection of biodiversity and habitat,36.4
2020,Natural gas distribution,Noise and vibration abatement,33.3
2020,Food manufacturing,"Total, environmental protection activities",96.1
2020,Food manufacturing,Wastewater management,80.8
2020,Food manufacturing,Air pollution management,19.9
2020,Food manufacturing,"Protection and remediation of soil, groundwater and surface water",5.3
2020,Food manufacturing,Protection of biodiversity and habitat,0.8
2020,Food manufacturing,Noise and vibration abatement,4.6
2020,Beverage and tobacco product manufacturing,"Total, environmental protection activities",94.7
2020,Beverage and tobacco product manufacturing,Wastewater management,75.7
2020,Beverage and tobacco product manufacturing,Air pollution management,6.1
2020,Beverage and tobacco product manufacturing,"Protection and remediation of soil, groundwater and surface water",5.8
2020,Beverage and tobacco product manufacturing,Protection of biodiversity and habitat,5.1
2020,Beverage and tobacco product manufacturing,Noise and vibration abatement,6.7
2020,Wood product manufacturing,"Total, environmental protection activities",90.2
2020,Wood product manufacturing,Wastewater management,65.8
2020,Wood product manufacturing,Air pollution management,18.1
2020,Wood product manufacturing,"Protection and remediation of soil, groundwater and surface water",18.9
2020,Wood product manufacturing,Protection of biodiversity and habitat,6.4
2020,Wood product manufacturing,Noise and vibration abatement,6.8
2020,Paper manufacturing,"Total, environmental protection activities",97.0
2020,Paper manufacturing,Wastewater management,82.0
2020,Paper manufacturing,Air pollution management,45.8
2020,Paper manufacturing,"Protection and remediation of soil, groundwater and surface water",33.4
2020,Paper manufacturing,Protection of biodiversity and habitat,12.9
2020,Paper manufacturing,Noise and vibration abatement,18.4
2020,Petroleum and coal product manufacturing,"Total, environmental protection activities",92.3
2020,Petroleum and coal product manufacturing,Wastewater management,80.8
2020,Petroleum and coal product manufacturing,Air pollution management,76.9
2020,Petroleum and coal product manufacturing,"Protection and remediation of soil, groundwater and surface water",69.2
2020,Petroleum and coal product manufacturing,Protection of biodiversity and habitat,38.5
2020,Petroleum and coal product manufacturing,Noise and vibration abatement,38.5
2020,Chemical manufacturing,"Total, environmental protection activities",94.6
2020,Chemical manufacturing,Wastewater management,78.9
2020,Chemical manufacturing,Air pollution management,39.9
2020,Chemical manufacturing,"Protection and remediation of soil, groundwater and surface water",23.7
2020,Chemical manufacturing,Protection of biodiversity and habitat,4.7
2020,Chemical manufacturing,Noise and vibration abatement,12.9
2020,Non-metallic mineral product manufacturing,"Total, environmental protection activities",93.1
2020,Non-metallic mineral product manufacturing,Wastewater management,72.6
2020,Non-metallic mineral product manufacturing,Air pollution management,29.2
2020,Non-metallic mineral product manufacturing,"Protection and remediation of soil, groundwater and surface water",11.0
2020,Non-metallic mineral product manufacturing,Protection of biodiversity and habitat,2.5
2020,Non-metallic mineral product manufacturing,Noise and vibration abatement,6.2
2020,Primary metal manufacturing,"Total, environmental protection activities",97.9
2020,Primary metal manufacturing,Wastewater management,88.0
2020,Primary metal manufacturing,Air pollution management,68.3
2020,Primary metal manufacturing,"Protection and remediation of soil, groundwater and surface water",46.9
2020,Primary metal manufacturing,Protection of biodiversity and habitat,14.1
2020,Primary metal manufacturing,Noise and vibration abatement,19.8
2020,Fabricated metal product manufacturing,"Total, environmental protection activities",87.7
2020,Fabricated metal product manufacturing,Wastewater management,61.9
2020,Fabricated metal product manufacturing,Air pollution management,12.4
2020,Fabricated metal product manufacturing,"Protection and remediation of soil, groundwater and surface water",5.8
2020,Fabricated metal product manufacturing,Protection of biodiversity and habitat,0.5
2020,Fabricated metal product manufacturing,Noise and vibration abatement,5.7
2020,Transportation equipment manufacturing,"Total, environmental protection activities",91.1
2020,Transportation equipment manufacturing,Wastewater management,71.9
2020,Transportation equipment manufacturing,Air pollution management,25.6
2020,Transportation equipment manufacturing,"Protection and remediation of soil, groundwater and surface water",8.4
2020,Transportation equipment manufacturing,Protection of biodiversity and habitat,3.9
2020,Transportation equipment manufacturing,Noise and vibration abatement,10.0
2020,Plastics and rubber products manufacturing,"Total, environmental protection activities",91.4
2020,Plastics and rubber products manufacturing,Wastewater management,64.4
2020,Plastics and rubber products manufacturing,Air pollution management,13.4
2020,Plastics and rubber products manufacturing,"Protection and remediation of soil, groundwater and surface water",6.4
2020,Plastics and rubber products manufacturing,Protection of biodiversity and habitat,1.0
2020,Plastics and rubber products manufacturing,Noise and vibration abatement,5.8
2020,Machinery manufacturing,"Total, environmental protection activities",92.2
2020,Machinery manufacturing,Wastewater management,60.6
2020,Machinery manufacturing,Air pollution management,12.7
2020,Machinery manufacturing,"Protection and remediation of soil, groundwater and surface water",0.8
2020,Machinery manufacturing,Protection of biodiversity and habitat,0.3
2020,Machinery manufacturing,Noise and vibration abatement,2.7
2020,Furniture and related product manufacturing,"Total, environmental protection activities",89.1
2020,Furniture and related product manufacturing,Wastewater management,58.7
2020,Furniture and related product manufacturing,Air pollution management,5.2
2020,Furniture and related product manufacturing,"Protection and remediation of soil, groundwater and surface water",3.1
2020,Furniture and related product manufacturing,Protection of biodiversity and habitat,0.0
2020,Furniture and related product manufacturing,Noise and vibration abatement,
2020,Other manufacturing industries,"Total, environmental protection activities",77.5
2020,Other manufacturing industries,Wastewater management,49.0
2020,Other manufacturing industries,Air pollution management,2.7
2020,Other manufacturing industries,"Protection and remediation of soil, groundwater and surface water",0.8
2020,Other manufacturing industries,Protection of biodiversity and habitat,0.2
2020,Other manufacturing industries,Noise and vibration abatement,1.3
2020,Pipeline transportation,"Total, environmental protection activities",93.0
2020,Pipeline transportation,Wastewater management,77.2
2020,Pipeline transportation,Air pollution management,70.2
2020,Pipeline transportation,"Protection and remediation of soil, groundwater and surface water",73.7
2020,Pipeline transportation,Protection of biodiversity and habitat,45.6
2020,Pipeline transportation,Noise and vibration abatement,
2018,"Total, industries",Sold carbon offset credits only or sold more than purchased,0.9
2018,Logging (except contract),Sold carbon offset credits only or sold more than purchased,
2018,Oil and gas extraction,Sold carbon offset credits only or sold more than purchased,5.1
2018,Mining and quarrying,Sold carbon offset credits only or sold more than purchased,0.0
2018,"Electric power generation, transmission and distribution",Sold carbon offset credits only or sold more than purchased,7.9
2018,Natural gas distribution,Sold carbon offset credits only or sold more than purchased,7.2
2018,Food manufacturing,Sold carbon offset credits only or sold more than purchased,0.3
2018,Beverage and tobacco product manufacturing,Sold carbon offset credits only or sold more than purchased,0.0
2018,Wood product manufacturing,Sold carbon offset credits only or sold more than purchased,4.6
2018,Paper manufacturing,Sold carbon offset credits only or sold more than purchased,2.6
2018,Petroleum and coal product manufacturing,Sold carbon offset credits only or sold more than purchased,14.4
2018,Chemical manufacturing,Sold carbon offset credits only or sold more than purchased,
2018,Non-metallic mineral product manufacturing,Sold carbon offset credits only or sold more than purchased,
2018,Primary metal manufacturing,Sold carbon offset credits only or sold more than purchased,7.2
2018,Fabricated metal product manufacturing,Sold carbon offset credits only or sold more than purchased,0.0
2018,Transportation equipment manufacturing,Sold carbon offset credits only or sold more than purchased,0.0
2018,Plastics and rubber products manufacturing,Sold carbon offset credits only or sold more than purchased,
2018,Machinery manufacturing,Sold carbon offset credits only or sold more than purchased,0.0
2018,Furniture and related product manufacturing,Sold carbon offset credits only or sold more than purchased,
2018,Other manufacturing industries,Sold carbon offset credits only or sold more than purchased,0.6
2018,Pipeline transportation,Sold carbon offset credits only or sold more than purchased,
2019,"Total, industries",Sold carbon offset credits only or sold more than purchased,0.6
2019,Logging (except contract),Sold carbon offset credits only or sold more than purchased,0.0
2019,Oil and gas extraction,Sold carbon offset credits only or sold more than purchased,10.0
2019,Mining and quarrying,Sold carbon offset credits only or sold more than purchased,
2019,"Electric power generation, transmission and distribution",Sold carbon offset credits only or sold more than purchased,4.7
2019,Natural gas distribution,Sold carbon offset credits only or sold more than purchased,0.0
2019,Food manufacturing,Sold carbon offset credits only or sold more than purchased,
2019,Beverage and tobacco product manufacturing,Sold carbon offset credits only or sold more than purchased,0.0
2019,Wood product manufacturing,Sold carbon offset credits only or sold more than purchased,1.0
2019,Paper manufacturing,Sold carbon offset credits only or sold more than purchased,2.7
2019,Petroleum and coal product manufacturing,Sold carbon offset credits only or sold more than purchased,0.0
2019,Chemical manufacturing,Sold carbon offset credits only or sold more than purchased,
2019,Non-metallic mineral product manufacturing,Sold carbon offset credits only or sold more than purchased,
2019,Primary metal manufacturing,Sold carbon offset credits only or sold more than purchased,10.0
2019,Fabricated metal product manufacturing,Sold carbon offset credits only or sold more than purchased,0.0
2019,Transportation equipment manufacturing,Sold carbon offset credits only or sold more than purchased,
2019,Plastics and rubber products manufacturing,Sold carbon offset credits only or sold more than purchased,
2019,Machinery manufacturing,Sold carbon offset credits only or sold more than purchased,1.0
2019,Furniture and related product manufacturing,Sold carbon offset credits only or sold more than purchased,0.0
2019,Other manufacturing industries,Sold carbon offset credits only or sold more than purchased,
2019,Pipeline transportation,Sold carbon offset credits only or sold more than purchased,10.0
2020,"Total, industries",Sold carbon offset credits only or sold more than purchased,0.7
2020,Logging (except contract),Sold carbon offset credits only or sold more than purchased,0.4
2020,Oil and gas extraction,Sold carbon offset credits only or sold more than purchased,7.3
2020,Mining and quarrying,Sold carbon offset credits only or sold more than purchased,
2020,"Electric power generation, transmission and distribution",Sold carbon offset credits only or sold more than purchased,2.5
2020,Natural gas distribution,Sold carbon offset credits only or sold more than purchased,
2020,Food manufacturing,Sold carbon offset credits only or sold more than purchased,0.9
2020,Beverage and tobacco product manufacturing,Sold carbon offset credits only or sold more than purchased,1.7
2020,Wood product manufacturing,Sold carbon offset credits only or sold more than purchased,1.6
2020,Paper manufacturing,Sold carbon offset credits only or sold more than purchased,4.4
2020,Petroleum and coal product manufacturing,Sold carbon offset credits only or sold more than purchased,
2020,Chemical manufacturing,Sold carbon offset credits only or sold more than purchased,
2020,Non-metallic mineral product manufacturing,Sold carbon offset credits only or sold more than purchased,0.9
2020,Primary metal manufacturing,Sold carbon offset credits only or sold more than purchased,9.4
2020,Fabricated metal product manufacturing,Sold carbon offset credits only or sold more than purchased,0.0
2020,Transportation equipment manufacturing,Sold carbon offset credits only or sold more than purchased,0.0
2020,Plastics and rubber products manufacturing,Sold carbon offset credits only or sold more than purchased,
2020,Machinery manufacturing,Sold carbon offset credits only or sold more than purchased,0.0
2020,Furniture and related product manufacturing,Sold carbon offset credits only or sold more than purchased,0.0
2020,Other manufacturing industries,Sold carbon offset credits only or sold more than purchased,0.5
2020,Pipeline transportation,Sold carbon offset credits only or sold more than purchased,0.0
