Year,Geography,Violations,GeoCode,Value
2015,,,,1070.26
2016,,,,1076.07
2017,,,,1112.66
2018,,,,1151.59
2019,,,,1279.05
2020,,,,1265.74
2021,,,,1331.58
2022,,,,1364.61
2015,Canada,Homicide,,1.71
2015,Canada,Total other violations causing death,,0.24
2015,Canada,Attempted murder,,2.18
2015,Canada,"Sexual assault, level 3, aggravated",,0.29
2015,Canada,"Sexual assault, level 2, weapon or bodily harm",,1.06
2015,Canada,"Sexual assault, level 1",,57.32
2015,Canada,Total sexual violations against children,,14.72
2015,Canada,"Assault, level 3, aggravated",,9.3
2015,Canada,"Assault, level 2, weapon or bodily harm",,132.73
2015,Canada,"Assault, level 1",,439.87
2015,Canada,Total robbery,,62.04
2015,Canada,Uttering threats,,175.94
2015,Canada,Total other violent violations,,14.16
2015,Newfoundland and Labrador,Total violent Criminal Code violations,10,1368.64
2015,Newfoundland and Labrador,Homicide,10,0.57
2015,Newfoundland and Labrador,Total other violations causing death,10,0.0
2015,Newfoundland and Labrador,Attempted murder,10,0.76
2015,Newfoundland and Labrador,"Sexual assault, level 3, aggravated",10,0.19
2015,Newfoundland and Labrador,"Sexual assault, level 2, weapon or bodily harm",10,0.19
2015,Newfoundland and Labrador,"Sexual assault, level 1",10,68.55
2015,Newfoundland and Labrador,Total sexual violations against children,10,19.12
2015,Newfoundland and Labrador,"Assault, level 3, aggravated",10,7.38
2015,Newfoundland and Labrador,"Assault, level 2, weapon or bodily harm",10,114.94
2015,Newfoundland and Labrador,"Assault, level 1",10,600.44
2015,Newfoundland and Labrador,Total robbery,10,35.41
2015,Newfoundland and Labrador,Uttering threats,10,351.82
2015,Newfoundland and Labrador,Total other violent violations,10,9.09
2015,Prince Edward Island,Total violent Criminal Code violations,11,749.24
2015,Prince Edward Island,Homicide,11,0.69
2015,Prince Edward Island,Total other violations causing death,11,0.0
2015,Prince Edward Island,Attempted murder,11,2.08
2015,Prince Edward Island,"Sexual assault, level 3, aggravated",11,0.0
2015,Prince Edward Island,"Sexual assault, level 2, weapon or bodily harm",11,0.0
2015,Prince Edward Island,"Sexual assault, level 1",11,48.43
2015,Prince Edward Island,Total sexual violations against children,11,15.91
2015,Prince Edward Island,"Assault, level 3, aggravated",11,4.15
2015,Prince Edward Island,"Assault, level 2, weapon or bodily harm",11,62.26
2015,Prince Edward Island,"Assault, level 1",11,312.7
2015,Prince Edward Island,Total robbery,11,11.07
2015,Prince Edward Island,Uttering threats,11,140.44
2015,Prince Edward Island,Total other violent violations,11,13.84
2015,Nova Scotia,Total violent Criminal Code violations,12,1205.84
2015,Nova Scotia,Homicide,12,1.28
2015,Nova Scotia,Total other violations causing death,12,0.21
2015,Nova Scotia,Attempted murder,12,3.52
2015,Nova Scotia,"Sexual assault, level 3, aggravated",12,0.43
2015,Nova Scotia,"Sexual assault, level 2, weapon or bodily harm",12,0.75
2015,Nova Scotia,"Sexual assault, level 1",12,69.62
2015,Nova Scotia,Total sexual violations against children,12,21.14
2015,Nova Scotia,"Assault, level 3, aggravated",12,9.5
2015,Nova Scotia,"Assault, level 2, weapon or bodily harm",12,112.44
2015,Nova Scotia,"Assault, level 1",12,461.17
2015,Nova Scotia,Total robbery,12,34.28
2015,Nova Scotia,Uttering threats,12,260.11
2015,Nova Scotia,Total other violent violations,12,16.23
2015,New Brunswick,Total violent Criminal Code violations,13,1175.34
2015,New Brunswick,Homicide,13,1.45
2015,New Brunswick,Total other violations causing death,13,0.13
2015,New Brunswick,Attempted murder,13,2.24
2015,New Brunswick,"Sexual assault, level 3, aggravated",13,0.13
2015,New Brunswick,"Sexual assault, level 2, weapon or bodily harm",13,0.66
2015,New Brunswick,"Sexual assault, level 1",13,54.29
2015,New Brunswick,Total sexual violations against children,13,18.84
2015,New Brunswick,"Assault, level 3, aggravated",13,6.46
2015,New Brunswick,"Assault, level 2, weapon or bodily harm",13,102.79
2015,New Brunswick,"Assault, level 1",13,500.37
2015,New Brunswick,Total robbery,13,20.16
2015,New Brunswick,Uttering threats,13,273.84
2015,New Brunswick,Total other violent violations,13,9.75
2015,Quebec,Total violent Criminal Code violations,24,966.02
2015,Quebec,Homicide,24,0.97
2015,Quebec,Total other violations causing death,24,0.21
2015,Quebec,Attempted murder,24,2.5
2015,Quebec,"Sexual assault, level 3, aggravated",24,0.4
2015,Quebec,"Sexual assault, level 2, weapon or bodily harm",24,1.11
2015,Quebec,"Sexual assault, level 1",24,45.98
2015,Quebec,Total sexual violations against children,24,20.88
2015,Quebec,"Assault, level 3, aggravated",24,3.19
2015,Quebec,"Assault, level 2, weapon or bodily harm",24,114.69
2015,Quebec,"Assault, level 1",24,371.28
2015,Quebec,Total robbery,24,49.37
2015,Quebec,Uttering threats,24,189.31
2015,Quebec,Total other violent violations,24,23.06
2015,Ontario,Total violent Criminal Code violations,35,793.0
2015,Ontario,Homicide,35,1.27
2015,Ontario,Total other violations causing death,35,0.22
2015,Ontario,Attempted murder,35,1.84
2015,Ontario,"Sexual assault, level 3, aggravated",35,0.15
2015,Ontario,"Sexual assault, level 2, weapon or bodily harm",35,0.98
2015,Ontario,"Sexual assault, level 1",35,53.8
2015,Ontario,Total sexual violations against children,35,8.12
2015,Ontario,"Assault, level 3, aggravated",35,7.4
2015,Ontario,"Assault, level 2, weapon or bodily harm",35,89.76
2015,Ontario,"Assault, level 1",35,324.98
2015,Ontario,Total robbery,35,55.77
2015,Ontario,Uttering threats,35,109.27
2015,Ontario,Total other violent violations,35,11.14
2015,Manitoba,Total violent Criminal Code violations,46,1820.96
2015,Manitoba,Homicide,46,3.64
2015,Manitoba,Total other violations causing death,46,0.39
2015,Manitoba,Attempted murder,46,2.4
2015,Manitoba,"Sexual assault, level 3, aggravated",46,0.62
2015,Manitoba,"Sexual assault, level 2, weapon or bodily harm",46,2.4
2015,Manitoba,"Sexual assault, level 1",46,102.15
2015,Manitoba,Total sexual violations against children,46,20.43
2015,Manitoba,"Assault, level 3, aggravated",46,30.57
2015,Manitoba,"Assault, level 2, weapon or bodily harm",46,314.42
2015,Manitoba,"Assault, level 1",46,793.98
2015,Manitoba,Total robbery,46,129.08
2015,Manitoba,Uttering threats,46,248.56
2015,Manitoba,Total other violent violations,46,11.92
2015,Saskatchewan,Total violent Criminal Code violations,47,2054.74
2015,Saskatchewan,Homicide,47,3.93
2015,Saskatchewan,Total other violations causing death,47,0.54
2015,Saskatchewan,Attempted murder,47,2.5
2015,Saskatchewan,"Sexual assault, level 3, aggravated",47,0.62
2015,Saskatchewan,"Sexual assault, level 2, weapon or bodily harm",47,1.43
2015,Saskatchewan,"Sexual assault, level 1",47,97.06
2015,Saskatchewan,Total sexual violations against children,47,29.62
2015,Saskatchewan,"Assault, level 3, aggravated",47,32.56
2015,Saskatchewan,"Assault, level 2, weapon or bodily harm",47,344.79
2015,Saskatchewan,"Assault, level 1",47,939.28
2015,Saskatchewan,Total robbery,47,87.6
2015,Saskatchewan,Uttering threats,47,272.35
2015,Saskatchewan,Total other violent violations,47,16.77
2015,Alberta,Total violent Criminal Code violations,48,1316.33
2015,Alberta,Homicide,48,3.21
2015,Alberta,Total other violations causing death,48,0.12
2015,Alberta,Attempted murder,48,1.64
2015,Alberta,"Sexual assault, level 3, aggravated",48,0.17
2015,Alberta,"Sexual assault, level 2, weapon or bodily harm",48,1.09
2015,Alberta,"Sexual assault, level 1",48,67.54
2015,Alberta,Total sexual violations against children,48,14.6
2015,Alberta,"Assault, level 3, aggravated",48,16.7
2015,Alberta,"Assault, level 2, weapon or bodily harm",48,180.12
2015,Alberta,"Assault, level 1",48,558.26
2015,Alberta,Total robbery,48,82.74
2015,Alberta,Uttering threats,48,194.14
2015,Alberta,Total other violent violations,48,11.34
2015,British Columbia,Total violent Criminal Code violations,59,1191.76
2015,British Columbia,Homicide,59,2.03
2015,British Columbia,Total other violations causing death,59,0.38
2015,British Columbia,Attempted murder,59,2.7
2015,British Columbia,"Sexual assault, level 3, aggravated",59,0.4
2015,British Columbia,"Sexual assault, level 2, weapon or bodily harm",59,0.84
2015,British Columbia,"Sexual assault, level 1",59,46.69
2015,British Columbia,Total sexual violations against children,59,13.71
2015,British Columbia,"Assault, level 3, aggravated",59,6.93
2015,British Columbia,"Assault, level 2, weapon or bodily harm",59,144.54
2015,British Columbia,"Assault, level 1",59,466.75
2015,British Columbia,Total robbery,59,76.31
2015,British Columbia,Uttering threats,59,215.27
2015,British Columbia,Total other violent violations,59,10.15
2015,Yukon,Total violent Criminal Code violations,60,4083.31
2015,Yukon,Homicide,60,2.65
2015,Yukon,Total other violations causing death,60,0.0
2015,Yukon,Attempted murder,60,10.61
2015,Yukon,"Sexual assault, level 3, aggravated",60,0.0
2015,Yukon,"Sexual assault, level 2, weapon or bodily harm",60,2.65
2015,Yukon,"Sexual assault, level 1",60,204.3
2015,Yukon,Total sexual violations against children,60,68.98
2015,Yukon,"Assault, level 3, aggravated",60,58.37
2015,Yukon,"Assault, level 2, weapon or bodily harm",60,419.21
2015,Yukon,"Assault, level 1",60,2098.7
2015,Yukon,Total robbery,60,58.37
2015,Yukon,Uttering threats,60,697.8
2015,Yukon,Total other violent violations,60,21.23
2015,Northwest Territories,Total violent Criminal Code violations,61,7685.87
2015,Northwest Territories,Homicide,61,11.3
2015,Northwest Territories,Total other violations causing death,61,0.0
2015,Northwest Territories,Attempted murder,61,6.78
2015,Northwest Territories,"Sexual assault, level 3, aggravated",61,2.26
2015,Northwest Territories,"Sexual assault, level 2, weapon or bodily harm",61,13.56
2015,Northwest Territories,"Sexual assault, level 1",61,363.95
2015,Northwest Territories,Total sexual violations against children,61,90.42
2015,Northwest Territories,"Assault, level 3, aggravated",61,72.34
2015,Northwest Territories,"Assault, level 2, weapon or bodily harm",61,849.97
2015,Northwest Territories,"Assault, level 1",61,4265.66
2015,Northwest Territories,Total robbery,61,61.03
2015,Northwest Territories,Uttering threats,61,1118.97
2015,Northwest Territories,Total other violent violations,61,36.17
2015,Nunavut,Total violent Criminal Code violations,62,8054.7
2015,Nunavut,Homicide,62,5.48
2015,Nunavut,Total other violations causing death,62,0.0
2015,Nunavut,Attempted murder,62,2.74
2015,Nunavut,"Sexual assault, level 3, aggravated",62,2.74
2015,Nunavut,"Sexual assault, level 2, weapon or bodily harm",62,5.48
2015,Nunavut,"Sexual assault, level 1",62,441.24
2015,Nunavut,Total sexual violations against children,62,134.29
2015,Nunavut,"Assault, level 3, aggravated",62,65.78
2015,Nunavut,"Assault, level 2, weapon or bodily harm",62,951.0
2015,Nunavut,"Assault, level 1",62,4138.35
2015,Nunavut,Total robbery,62,52.07
2015,Nunavut,Uttering threats,62,1189.43
2015,Nunavut,Total other violent violations,62,74.0
2016,Canada,Homicide,,1.69
2016,Canada,Total other violations causing death,,0.3
2016,Canada,Attempted murder,,2.18
2016,Canada,"Sexual assault, level 3, aggravated",,0.31
2016,Canada,"Sexual assault, level 2, weapon or bodily harm",,1.09
2016,Canada,"Sexual assault, level 1",,58.36
2016,Canada,Total sexual violations against children,,20.31
2016,Canada,"Assault, level 3, aggravated",,9.6
2016,Canada,"Assault, level 2, weapon or bodily harm",,138.32
2016,Canada,"Assault, level 1",,441.97
2016,Canada,Total robbery,,60.81
2016,Canada,Uttering threats,,168.68
2016,Canada,Total other violent violations,,14.56
2016,Newfoundland and Labrador,Total violent Criminal Code violations,10,1327.29
2016,Newfoundland and Labrador,Homicide,10,1.32
2016,Newfoundland and Labrador,Total other violations causing death,10,0.38
2016,Newfoundland and Labrador,Attempted murder,10,1.51
2016,Newfoundland and Labrador,"Sexual assault, level 3, aggravated",10,0.0
2016,Newfoundland and Labrador,"Sexual assault, level 2, weapon or bodily harm",10,0.76
2016,Newfoundland and Labrador,"Sexual assault, level 1",10,56.85
2016,Newfoundland and Labrador,Total sexual violations against children,10,24.18
2016,Newfoundland and Labrador,"Assault, level 3, aggravated",10,9.26
2016,Newfoundland and Labrador,"Assault, level 2, weapon or bodily harm",10,106.15
2016,Newfoundland and Labrador,"Assault, level 1",10,577.8
2016,Newfoundland and Labrador,Total robbery,10,42.12
2016,Newfoundland and Labrador,Uttering threats,10,329.6
2016,Newfoundland and Labrador,Total other violent violations,10,8.31
2016,Prince Edward Island,Total violent Criminal Code violations,11,800.17
2016,Prince Edward Island,Homicide,11,0.0
2016,Prince Edward Island,Total other violations causing death,11,0.0
2016,Prince Edward Island,Attempted murder,11,0.0
2016,Prince Edward Island,"Sexual assault, level 3, aggravated",11,0.0
2016,Prince Edward Island,"Sexual assault, level 2, weapon or bodily harm",11,0.68
2016,Prince Edward Island,"Sexual assault, level 1",11,48.31
2016,Prince Edward Island,Total sexual violations against children,11,23.13
2016,Prince Edward Island,"Assault, level 3, aggravated",11,4.08
2016,Prince Edward Island,"Assault, level 2, weapon or bodily harm",11,66.0
2016,Prince Edward Island,"Assault, level 1",11,335.44
2016,Prince Edward Island,Total robbery,11,12.25
2016,Prince Edward Island,Uttering threats,11,153.77
2016,Prince Edward Island,Total other violent violations,11,4.08
2016,Nova Scotia,Total violent Criminal Code violations,12,1164.31
2016,Nova Scotia,Homicide,12,1.38
2016,Nova Scotia,Total other violations causing death,12,0.32
2016,Nova Scotia,Attempted murder,12,2.97
2016,Nova Scotia,"Sexual assault, level 3, aggravated",12,0.42
2016,Nova Scotia,"Sexual assault, level 2, weapon or bodily harm",12,0.74
2016,Nova Scotia,"Sexual assault, level 1",12,66.08
2016,Nova Scotia,Total sexual violations against children,12,23.23
2016,Nova Scotia,"Assault, level 3, aggravated",12,9.12
2016,Nova Scotia,"Assault, level 2, weapon or bodily harm",12,111.37
2016,Nova Scotia,"Assault, level 1",12,446.23
2016,Nova Scotia,Total robbery,12,28.74
2016,Nova Scotia,Uttering threats,12,244.27
2016,Nova Scotia,Total other violent violations,12,15.8
2016,New Brunswick,Total violent Criminal Code violations,13,1188.18
2016,New Brunswick,Homicide,13,1.44
2016,New Brunswick,Total other violations causing death,13,0.39
2016,New Brunswick,Attempted murder,13,0.92
2016,New Brunswick,"Sexual assault, level 3, aggravated",13,0.13
2016,New Brunswick,"Sexual assault, level 2, weapon or bodily harm",13,0.92
2016,New Brunswick,"Sexual assault, level 1",13,56.07
2016,New Brunswick,Total sexual violations against children,13,23.97
2016,New Brunswick,"Assault, level 3, aggravated",13,6.94
2016,New Brunswick,"Assault, level 2, weapon or bodily harm",13,121.44
2016,New Brunswick,"Assault, level 1",13,496.89
2016,New Brunswick,Total robbery,13,30.26
2016,New Brunswick,Uttering threats,13,256.5
2016,New Brunswick,Total other violent violations,13,12.18
2016,Quebec,Total violent Criminal Code violations,24,1013.59
2016,Quebec,Homicide,24,0.81
2016,Quebec,Total other violations causing death,24,0.3
2016,Quebec,Attempted murder,24,2.3
2016,Quebec,"Sexual assault, level 3, aggravated",24,0.22
2016,Quebec,"Sexual assault, level 2, weapon or bodily harm",24,1.11
2016,Quebec,"Sexual assault, level 1",24,52.7
2016,Quebec,Total sexual violations against children,24,24.97
2016,Quebec,"Assault, level 3, aggravated",24,3.57
2016,Quebec,"Assault, level 2, weapon or bodily harm",24,122.77
2016,Quebec,"Assault, level 1",24,399.1
2016,Quebec,Total robbery,24,45.45
2016,Quebec,Uttering threats,24,185.49
2016,Quebec,Total other violent violations,24,24.61
2016,Ontario,Total violent Criminal Code violations,35,805.89
2016,Ontario,Homicide,35,1.48
2016,Ontario,Total other violations causing death,35,0.26
2016,Ontario,Attempted murder,35,1.88
2016,Ontario,"Sexual assault, level 3, aggravated",35,0.25
2016,Ontario,"Sexual assault, level 2, weapon or bodily harm",35,1.05
2016,Ontario,"Sexual assault, level 1",35,53.58
2016,Ontario,Total sexual violations against children,35,14.62
2016,Ontario,"Assault, level 3, aggravated",35,7.71
2016,Ontario,"Assault, level 2, weapon or bodily harm",35,96.16
2016,Ontario,"Assault, level 1",35,327.93
2016,Ontario,Total robbery,35,59.64
2016,Ontario,Uttering threats,35,105.82
2016,Ontario,Total other violent violations,35,11.27
2016,Manitoba,Total violent Criminal Code violations,46,1949.18
2016,Manitoba,Homicide,46,3.2
2016,Manitoba,Total other violations causing death,46,0.38
2016,Manitoba,Attempted murder,46,3.27
2016,Manitoba,"Sexual assault, level 3, aggravated",46,0.53
2016,Manitoba,"Sexual assault, level 2, weapon or bodily harm",46,2.28
2016,Manitoba,"Sexual assault, level 1",46,105.62
2016,Manitoba,Total sexual violations against children,46,37.9
2016,Manitoba,"Assault, level 3, aggravated",46,35.16
2016,Manitoba,"Assault, level 2, weapon or bodily harm",46,347.3
2016,Manitoba,"Assault, level 1",46,834.08
2016,Manitoba,Total robbery,46,156.91
2016,Manitoba,Uttering threats,46,248.15
2016,Manitoba,Total other violent violations,46,11.87
2016,Saskatchewan,Total violent Criminal Code violations,47,2060.41
2016,Saskatchewan,Homicide,47,4.75
2016,Saskatchewan,Total other violations causing death,47,0.62
2016,Saskatchewan,Attempted murder,47,5.72
2016,Saskatchewan,"Sexual assault, level 3, aggravated",47,1.5
2016,Saskatchewan,"Sexual assault, level 2, weapon or bodily harm",47,1.5
2016,Saskatchewan,"Sexual assault, level 1",47,101.59
2016,Saskatchewan,Total sexual violations against children,47,33.8
2016,Saskatchewan,"Assault, level 3, aggravated",47,36.44
2016,Saskatchewan,"Assault, level 2, weapon or bodily harm",47,340.58
2016,Saskatchewan,"Assault, level 1",47,932.76
2016,Saskatchewan,Total robbery,47,88.82
2016,Saskatchewan,Uttering threats,47,270.07
2016,Saskatchewan,Total other violent violations,47,16.02
2016,Alberta,Total violent Criminal Code violations,48,1281.87
2016,Alberta,Homicide,48,2.76
2016,Alberta,Total other violations causing death,48,0.19
2016,Alberta,Attempted murder,48,1.31
2016,Alberta,"Sexual assault, level 3, aggravated",48,0.24
2016,Alberta,"Sexual assault, level 2, weapon or bodily harm",48,1.22
2016,Alberta,"Sexual assault, level 1",48,64.47
2016,Alberta,Total sexual violations against children,48,19.54
2016,Alberta,"Assault, level 3, aggravated",48,15.18
2016,Alberta,"Assault, level 2, weapon or bodily harm",48,182.91
2016,Alberta,"Assault, level 1",48,545.68
2016,Alberta,Total robbery,48,73.81
2016,Alberta,Uttering threats,48,183.7
2016,Alberta,Total other violent violations,48,12.3
2016,British Columbia,Total violent Criminal Code violations,59,1116.35
2016,British Columbia,Homicide,59,1.81
2016,British Columbia,Total other violations causing death,59,0.39
2016,British Columbia,Attempted murder,59,2.45
2016,British Columbia,"Sexual assault, level 3, aggravated",59,0.39
2016,British Columbia,"Sexual assault, level 2, weapon or bodily harm",59,0.72
2016,British Columbia,"Sexual assault, level 1",59,46.47
2016,British Columbia,Total sexual violations against children,59,16.96
2016,British Columbia,"Assault, level 3, aggravated",59,6.67
2016,British Columbia,"Assault, level 2, weapon or bodily harm",59,139.9
2016,British Columbia,"Assault, level 1",59,431.24
2016,British Columbia,Total robbery,59,61.08
2016,British Columbia,Uttering threats,59,195.44
2016,British Columbia,Total other violent violations,59,9.88
2016,Yukon,Total violent Criminal Code violations,60,4013.28
2016,Yukon,Homicide,60,10.38
2016,Yukon,Total other violations causing death,60,0.0
2016,Yukon,Attempted murder,60,5.19
2016,Yukon,"Sexual assault, level 3, aggravated",60,2.59
2016,Yukon,"Sexual assault, level 2, weapon or bodily harm",60,0.0
2016,Yukon,"Sexual assault, level 1",60,210.13
2016,Yukon,Total sexual violations against children,60,54.48
2016,Yukon,"Assault, level 3, aggravated",60,38.91
2016,Yukon,"Assault, level 2, weapon or bodily harm",60,456.59
2016,Yukon,"Assault, level 1",60,2049.45
2016,Yukon,Total robbery,60,62.26
2016,Yukon,Uttering threats,60,658.94
2016,Yukon,Total other violent violations,60,28.54
2016,Northwest Territories,Total violent Criminal Code violations,61,7805.33
2016,Northwest Territories,Homicide,61,6.72
2016,Northwest Territories,Total other violations causing death,61,0.0
2016,Northwest Territories,Attempted murder,61,0.0
2016,Northwest Territories,"Sexual assault, level 3, aggravated",61,2.24
2016,Northwest Territories,"Sexual assault, level 2, weapon or bodily harm",61,15.68
2016,Northwest Territories,"Sexual assault, level 1",61,293.4
2016,Northwest Territories,Total sexual violations against children,61,85.11
2016,Northwest Territories,"Assault, level 3, aggravated",61,49.27
2016,Northwest Territories,"Assault, level 2, weapon or bodily harm",61,891.4
2016,Northwest Territories,"Assault, level 1",61,4353.96
2016,Northwest Territories,Total robbery,61,69.43
2016,Northwest Territories,Uttering threats,61,1218.39
2016,Northwest Territories,Total other violent violations,61,44.79
2016,Nunavut,Total violent Criminal Code violations,62,8192.02
2016,Nunavut,Homicide,62,2.7
2016,Nunavut,Total other violations causing death,62,0.0
2016,Nunavut,Attempted murder,62,24.34
2016,Nunavut,"Sexual assault, level 3, aggravated",62,0.0
2016,Nunavut,"Sexual assault, level 2, weapon or bodily harm",62,0.0
2016,Nunavut,"Sexual assault, level 1",62,440.84
2016,Nunavut,Total sexual violations against children,62,278.57
2016,Nunavut,"Assault, level 3, aggravated",62,91.95
2016,Nunavut,"Assault, level 2, weapon or bodily harm",62,1046.65
2016,Nunavut,"Assault, level 1",62,4235.29
2016,Nunavut,Total robbery,62,27.05
2016,Nunavut,Uttering threats,62,1092.63
2016,Nunavut,Total other violent violations,62,37.86
2017,Canada,Homicide,,1.82
2017,Canada,Total other violations causing death,,0.27
2017,Canada,Attempted murder,,2.25
2017,Canada,"Sexual assault, level 3, aggravated",,0.44
2017,Canada,"Sexual assault, level 2, weapon or bodily harm",,1.16
2017,Canada,"Sexual assault, level 1",,66.1
2017,Canada,Total sexual violations against children,,22.65
2017,Canada,"Assault, level 3, aggravated",,9.81
2017,Canada,"Assault, level 2, weapon or bodily harm",,142.67
2017,Canada,"Assault, level 1",,446.79
2017,Canada,Total robbery,,62.47
2017,Canada,Uttering threats,,173.19
2017,Canada,Total other violent violations,,17.31
2017,Newfoundland and Labrador,Total violent Criminal Code violations,10,1319.26
2017,Newfoundland and Labrador,Homicide,10,0.76
2017,Newfoundland and Labrador,Total other violations causing death,10,0.19
2017,Newfoundland and Labrador,Attempted murder,10,0.95
2017,Newfoundland and Labrador,"Sexual assault, level 3, aggravated",10,0.19
2017,Newfoundland and Labrador,"Sexual assault, level 2, weapon or bodily harm",10,0.38
2017,Newfoundland and Labrador,"Sexual assault, level 1",10,61.52
2017,Newfoundland and Labrador,Total sexual violations against children,10,25.93
2017,Newfoundland and Labrador,"Assault, level 3, aggravated",10,8.9
2017,Newfoundland and Labrador,"Assault, level 2, weapon or bodily harm",10,114.72
2017,Newfoundland and Labrador,"Assault, level 1",10,567.54
2017,Newfoundland and Labrador,Total robbery,10,35.02
2017,Newfoundland and Labrador,Uttering threats,10,314.06
2017,Newfoundland and Labrador,Total other violent violations,10,13.44
2017,Prince Edward Island,Total violent Criminal Code violations,11,918.87
2017,Prince Edward Island,Homicide,11,1.33
2017,Prince Edward Island,Total other violations causing death,11,0.0
2017,Prince Edward Island,Attempted murder,11,1.33
2017,Prince Edward Island,"Sexual assault, level 3, aggravated",11,0.0
2017,Prince Edward Island,"Sexual assault, level 2, weapon or bodily harm",11,0.0
2017,Prince Edward Island,"Sexual assault, level 1",11,45.88
2017,Prince Edward Island,Total sexual violations against children,11,18.62
2017,Prince Edward Island,"Assault, level 3, aggravated",11,4.65
2017,Prince Edward Island,"Assault, level 2, weapon or bodily harm",11,79.79
2017,Prince Edward Island,"Assault, level 1",11,383.64
2017,Prince Edward Island,Total robbery,11,11.97
2017,Prince Edward Island,Uttering threats,11,179.52
2017,Prince Edward Island,Total other violent violations,11,4.65
2017,Nova Scotia,Total violent Criminal Code violations,12,1261.75
2017,Nova Scotia,Homicide,12,2.21
2017,Nova Scotia,Total other violations causing death,12,0.21
2017,Nova Scotia,Attempted murder,12,2.84
2017,Nova Scotia,"Sexual assault, level 3, aggravated",12,0.42
2017,Nova Scotia,"Sexual assault, level 2, weapon or bodily harm",12,0.95
2017,Nova Scotia,"Sexual assault, level 1",12,78.1
2017,Nova Scotia,Total sexual violations against children,12,26.73
2017,Nova Scotia,"Assault, level 3, aggravated",12,8.95
2017,Nova Scotia,"Assault, level 2, weapon or bodily harm",12,113.88
2017,Nova Scotia,"Assault, level 1",12,482.79
2017,Nova Scotia,Total robbery,12,32.52
2017,Nova Scotia,Uttering threats,12,255.87
2017,Nova Scotia,Total other violent violations,12,16.21
2017,New Brunswick,Total violent Criminal Code violations,13,1264.9
2017,New Brunswick,Homicide,13,1.3
2017,New Brunswick,Total other violations causing death,13,0.0
2017,New Brunswick,Attempted murder,13,0.78
2017,New Brunswick,"Sexual assault, level 3, aggravated",13,0.0
2017,New Brunswick,"Sexual assault, level 2, weapon or bodily harm",13,0.39
2017,New Brunswick,"Sexual assault, level 1",13,67.05
2017,New Brunswick,Total sexual violations against children,13,23.22
2017,New Brunswick,"Assault, level 3, aggravated",13,5.74
2017,New Brunswick,"Assault, level 2, weapon or bodily harm",13,123.79
2017,New Brunswick,"Assault, level 1",13,522.03
2017,New Brunswick,Total robbery,13,27.52
2017,New Brunswick,Uttering threats,13,274.06
2017,New Brunswick,Total other violent violations,13,16.04
2017,Quebec,Total violent Criminal Code violations,24,1063.55
2017,Quebec,Homicide,24,1.12
2017,Quebec,Total other violations causing death,24,0.35
2017,Quebec,Attempted murder,24,2.78
2017,Quebec,"Sexual assault, level 3, aggravated",24,0.41
2017,Quebec,"Sexual assault, level 2, weapon or bodily harm",24,1.2
2017,Quebec,"Sexual assault, level 1",24,62.0
2017,Quebec,Total sexual violations against children,24,30.34
2017,Quebec,"Assault, level 3, aggravated",24,3.66
2017,Quebec,"Assault, level 2, weapon or bodily harm",24,122.29
2017,Quebec,"Assault, level 1",24,403.54
2017,Quebec,Total robbery,24,43.95
2017,Quebec,Uttering threats,24,203.4
2017,Quebec,Total other violent violations,24,27.97
2017,Ontario,Total violent Criminal Code violations,35,854.06
2017,Ontario,Homicide,35,1.4
2017,Ontario,Total other violations causing death,35,0.21
2017,Ontario,Attempted murder,35,2.04
2017,Ontario,"Sexual assault, level 3, aggravated",35,0.41
2017,Ontario,"Sexual assault, level 2, weapon or bodily harm",35,1.07
2017,Ontario,"Sexual assault, level 1",35,62.42
2017,Ontario,Total sexual violations against children,35,15.0
2017,Ontario,"Assault, level 3, aggravated",35,7.67
2017,Ontario,"Assault, level 2, weapon or bodily harm",35,101.45
2017,Ontario,"Assault, level 1",35,337.51
2017,Ontario,Total robbery,35,65.86
2017,Ontario,Uttering threats,35,113.82
2017,Ontario,Total other violent violations,35,14.61
2017,Manitoba,Total violent Criminal Code violations,46,1987.13
2017,Manitoba,Homicide,46,3.52
2017,Manitoba,Total other violations causing death,46,0.45
2017,Manitoba,Attempted murder,46,3.07
2017,Manitoba,"Sexual assault, level 3, aggravated",46,1.05
2017,Manitoba,"Sexual assault, level 2, weapon or bodily harm",46,1.95
2017,Manitoba,"Sexual assault, level 1",46,103.76
2017,Manitoba,Total sexual violations against children,46,39.41
2017,Manitoba,"Assault, level 3, aggravated",46,36.19
2017,Manitoba,"Assault, level 2, weapon or bodily harm",46,360.58
2017,Manitoba,"Assault, level 1",46,840.81
2017,Manitoba,Total robbery,46,176.81
2017,Manitoba,Uttering threats,46,244.83
2017,Manitoba,Total other violent violations,46,13.49
2017,Saskatchewan,Total violent Criminal Code violations,47,2091.22
2017,Saskatchewan,Homicide,47,3.3
2017,Saskatchewan,Total other violations causing death,47,0.52
2017,Saskatchewan,Attempted murder,47,3.65
2017,Saskatchewan,"Sexual assault, level 3, aggravated",47,0.61
2017,Saskatchewan,"Sexual assault, level 2, weapon or bodily harm",47,1.83
2017,Saskatchewan,"Sexual assault, level 1",47,98.41
2017,Saskatchewan,Total sexual violations against children,47,39.38
2017,Saskatchewan,"Assault, level 3, aggravated",47,33.99
2017,Saskatchewan,"Assault, level 2, weapon or bodily harm",47,349.64
2017,Saskatchewan,"Assault, level 1",47,929.91
2017,Saskatchewan,Total robbery,47,89.19
2017,Saskatchewan,Uttering threats,47,271.66
2017,Saskatchewan,Total other violent violations,47,20.43
2017,Alberta,Total violent Criminal Code violations,48,1311.83
2017,Alberta,Homicide,48,2.81
2017,Alberta,Total other violations causing death,48,0.35
2017,Alberta,Attempted murder,48,1.41
2017,Alberta,"Sexual assault, level 3, aggravated",48,0.33
2017,Alberta,"Sexual assault, level 2, weapon or bodily harm",48,1.74
2017,Alberta,"Sexual assault, level 1",48,70.24
2017,Alberta,Total sexual violations against children,48,21.95
2017,Alberta,"Assault, level 3, aggravated",48,16.08
2017,Alberta,"Assault, level 2, weapon or bodily harm",48,197.31
2017,Alberta,"Assault, level 1",48,541.51
2017,Alberta,Total robbery,48,76.94
2017,Alberta,Uttering threats,48,180.05
2017,Alberta,Total other violent violations,48,14.57
2017,British Columbia,Total violent Criminal Code violations,59,1086.14
2017,British Columbia,Homicide,59,2.41
2017,British Columbia,Total other violations causing death,59,0.22
2017,British Columbia,Attempted murder,59,2.33
2017,British Columbia,"Sexual assault, level 3, aggravated",59,0.57
2017,British Columbia,"Sexual assault, level 2, weapon or bodily harm",59,0.63
2017,British Columbia,"Sexual assault, level 1",59,54.49
2017,British Columbia,Total sexual violations against children,59,20.0
2017,British Columbia,"Assault, level 3, aggravated",59,7.3
2017,British Columbia,"Assault, level 2, weapon or bodily harm",59,138.9
2017,British Columbia,"Assault, level 1",59,418.59
2017,British Columbia,Total robbery,59,50.45
2017,British Columbia,Uttering threats,59,175.68
2017,British Columbia,Total other violent violations,59,10.16
2017,Yukon,Total violent Criminal Code violations,60,3711.18
2017,Yukon,Homicide,60,20.2
2017,Yukon,Total other violations causing death,60,0.0
2017,Yukon,Attempted murder,60,5.05
2017,Yukon,"Sexual assault, level 3, aggravated",60,0.0
2017,Yukon,"Sexual assault, level 2, weapon or bodily harm",60,2.52
2017,Yukon,"Sexual assault, level 1",60,164.1
2017,Yukon,Total sexual violations against children,60,40.39
2017,Yukon,"Assault, level 3, aggravated",60,37.87
2017,Yukon,"Assault, level 2, weapon or bodily harm",60,348.4
2017,Yukon,"Assault, level 1",60,1895.99
2017,Yukon,Total robbery,60,30.3
2017,Yukon,Uttering threats,60,689.22
2017,Yukon,Total other violent violations,60,45.44
2017,Northwest Territories,Total violent Criminal Code violations,61,8424.85
2017,Northwest Territories,Homicide,61,4.46
2017,Northwest Territories,Total other violations causing death,61,0.0
2017,Northwest Territories,Attempted murder,61,2.23
2017,Northwest Territories,"Sexual assault, level 3, aggravated",61,2.23
2017,Northwest Territories,"Sexual assault, level 2, weapon or bodily harm",61,11.14
2017,Northwest Territories,"Sexual assault, level 1",61,405.43
2017,Northwest Territories,Total sexual violations against children,61,122.52
2017,Northwest Territories,"Assault, level 3, aggravated",61,75.74
2017,Northwest Territories,"Assault, level 2, weapon or bodily harm",61,948.97
2017,Northwest Territories,"Assault, level 1",61,4876.26
2017,Northwest Territories,Total robbery,61,66.83
2017,Northwest Territories,Uttering threats,61,1187.32
2017,Northwest Territories,Total other violent violations,61,53.46
2017,Nunavut,Total violent Criminal Code violations,62,8301.82
2017,Nunavut,Homicide,62,15.98
2017,Nunavut,Total other violations causing death,62,0.0
2017,Nunavut,Attempted murder,62,5.33
2017,Nunavut,"Sexual assault, level 3, aggravated",62,0.0
2017,Nunavut,"Sexual assault, level 2, weapon or bodily harm",62,2.66
2017,Nunavut,"Sexual assault, level 1",62,396.85
2017,Nunavut,Total sexual violations against children,62,218.4
2017,Nunavut,"Assault, level 3, aggravated",62,141.16
2017,Nunavut,"Assault, level 2, weapon or bodily harm",62,910.88
2017,Nunavut,"Assault, level 1",62,4434.56
2017,Nunavut,Total robbery,62,39.95
2017,Nunavut,Uttering threats,62,1158.58
2017,Nunavut,Total other violent violations,62,47.94
2018,Canada,Homicide,,1.78
2018,Canada,Total other violations causing death,,0.36
2018,Canada,Attempted murder,,2.22
2018,Canada,"Sexual assault, level 3, aggravated",,0.43
2018,Canada,"Sexual assault, level 2, weapon or bodily harm",,1.32
2018,Canada,"Sexual assault, level 1",,75.3
2018,Canada,Total sexual violations against children,,24.48
2018,Canada,"Assault, level 3, aggravated",,9.67
2018,Canada,"Assault, level 2, weapon or bodily harm",,146.28
2018,Canada,"Assault, level 1",,459.02
2018,Canada,Total robbery,,60.84
2018,Canada,Uttering threats,,180.24
2018,Canada,Total other violent violations,,15.94
2018,Newfoundland and Labrador,Total violent Criminal Code violations,10,1353.98
2018,Newfoundland and Labrador,Homicide,10,0.38
2018,Newfoundland and Labrador,Total other violations causing death,10,0.38
2018,Newfoundland and Labrador,Attempted murder,10,0.76
2018,Newfoundland and Labrador,"Sexual assault, level 3, aggravated",10,0.0
2018,Newfoundland and Labrador,"Sexual assault, level 2, weapon or bodily harm",10,0.95
2018,Newfoundland and Labrador,"Sexual assault, level 1",10,65.64
2018,Newfoundland and Labrador,Total sexual violations against children,10,23.21
2018,Newfoundland and Labrador,"Assault, level 3, aggravated",10,6.85
2018,Newfoundland and Labrador,"Assault, level 2, weapon or bodily harm",10,111.31
2018,Newfoundland and Labrador,"Assault, level 1",10,566.82
2018,Newfoundland and Labrador,Total robbery,10,40.91
2018,Newfoundland and Labrador,Uttering threats,10,333.93
2018,Newfoundland and Labrador,Total other violent violations,10,18.65
2018,Prince Edward Island,Total violent Criminal Code violations,11,1013.72
2018,Prince Edward Island,Homicide,11,0.0
2018,Prince Edward Island,Total other violations causing death,11,0.0
2018,Prince Edward Island,Attempted murder,11,0.65
2018,Prince Edward Island,"Sexual assault, level 3, aggravated",11,0.65
2018,Prince Edward Island,"Sexual assault, level 2, weapon or bodily harm",11,0.65
2018,Prince Edward Island,"Sexual assault, level 1",11,68.45
2018,Prince Edward Island,Total sexual violations against children,11,23.47
2018,Prince Edward Island,"Assault, level 3, aggravated",11,1.96
2018,Prince Edward Island,"Assault, level 2, weapon or bodily harm",11,69.1
2018,Prince Edward Island,"Assault, level 1",11,413.96
2018,Prince Edward Island,Total robbery,11,13.69
2018,Prince Edward Island,Uttering threats,11,224.91
2018,Prince Edward Island,Total other violent violations,11,14.34
2018,Nova Scotia,Total violent Criminal Code violations,12,1276.39
2018,Nova Scotia,Homicide,12,1.15
2018,Nova Scotia,Total other violations causing death,12,0.31
2018,Nova Scotia,Attempted murder,12,1.98
2018,Nova Scotia,"Sexual assault, level 3, aggravated",12,0.73
2018,Nova Scotia,"Sexual assault, level 2, weapon or bodily harm",12,0.73
2018,Nova Scotia,"Sexual assault, level 1",12,107.89
2018,Nova Scotia,Total sexual violations against children,12,27.13
2018,Nova Scotia,"Assault, level 3, aggravated",12,8.35
2018,Nova Scotia,"Assault, level 2, weapon or bodily harm",12,111.85
2018,Nova Scotia,"Assault, level 1",12,480.17
2018,Nova Scotia,Total robbery,12,32.76
2018,Nova Scotia,Uttering threats,12,252.09
2018,Nova Scotia,Total other violent violations,12,18.47
2018,New Brunswick,Total violent Criminal Code violations,13,1348.04
2018,New Brunswick,Homicide,13,1.69
2018,New Brunswick,Total other violations causing death,13,0.52
2018,New Brunswick,Attempted murder,13,1.17
2018,New Brunswick,"Sexual assault, level 3, aggravated",13,0.26
2018,New Brunswick,"Sexual assault, level 2, weapon or bodily harm",13,0.78
2018,New Brunswick,"Sexual assault, level 1",13,71.4
2018,New Brunswick,Total sexual violations against children,13,24.93
2018,New Brunswick,"Assault, level 3, aggravated",13,9.09
2018,New Brunswick,"Assault, level 2, weapon or bodily harm",13,129.82
2018,New Brunswick,"Assault, level 1",13,561.86
2018,New Brunswick,Total robbery,13,26.48
2018,New Brunswick,Uttering threats,13,292.61
2018,New Brunswick,Total other violent violations,13,15.06
2018,Quebec,Total violent Criminal Code violations,24,1074.86
2018,Quebec,Homicide,24,0.99
2018,Quebec,Total other violations causing death,24,0.51
2018,Quebec,Attempted murder,24,2.21
2018,Quebec,"Sexual assault, level 3, aggravated",24,0.42
2018,Quebec,"Sexual assault, level 2, weapon or bodily harm",24,1.17
2018,Quebec,"Sexual assault, level 1",24,65.86
2018,Quebec,Total sexual violations against children,24,32.2
2018,Quebec,"Assault, level 3, aggravated",24,3.33
2018,Quebec,"Assault, level 2, weapon or bodily harm",24,122.53
2018,Quebec,"Assault, level 1",24,409.93
2018,Quebec,Total robbery,24,38.56
2018,Quebec,Uttering threats,24,206.29
2018,Quebec,Total other violent violations,24,28.15
2018,Ontario,Total violent Criminal Code violations,35,905.46
2018,Ontario,Homicide,35,1.9
2018,Ontario,Total other violations causing death,35,0.36
2018,Ontario,Attempted murder,35,2.64
2018,Ontario,"Sexual assault, level 3, aggravated",35,0.26
2018,Ontario,"Sexual assault, level 2, weapon or bodily harm",35,1.23
2018,Ontario,"Sexual assault, level 1",35,73.86
2018,Ontario,Total sexual violations against children,35,15.92
2018,Ontario,"Assault, level 3, aggravated",35,7.37
2018,Ontario,"Assault, level 2, weapon or bodily harm",35,107.56
2018,Ontario,"Assault, level 1",35,357.94
2018,Ontario,Total robbery,35,61.84
2018,Ontario,Uttering threats,35,125.33
2018,Ontario,Total other violent violations,35,10.77
2018,Manitoba,Total violent Criminal Code violations,46,1999.15
2018,Manitoba,Homicide,46,4.07
2018,Manitoba,Total other violations causing death,46,0.37
2018,Manitoba,Attempted murder,46,2.66
2018,Manitoba,"Sexual assault, level 3, aggravated",46,1.33
2018,Manitoba,"Sexual assault, level 2, weapon or bodily harm",46,1.77
2018,Manitoba,"Sexual assault, level 1",46,107.85
2018,Manitoba,Total sexual violations against children,46,43.61
2018,Manitoba,"Assault, level 3, aggravated",46,36.59
2018,Manitoba,"Assault, level 2, weapon or bodily harm",46,366.94
2018,Manitoba,"Assault, level 1",46,813.78
2018,Manitoba,Total robbery,46,197.44
2018,Manitoba,Uttering threats,46,245.71
2018,Manitoba,Total other violent violations,46,14.78
2018,Saskatchewan,Total violent Criminal Code violations,47,1996.79
2018,Saskatchewan,Homicide,47,2.93
2018,Saskatchewan,Total other violations causing death,47,0.09
2018,Saskatchewan,Attempted murder,47,3.1
2018,Saskatchewan,"Sexual assault, level 3, aggravated",47,1.46
2018,Saskatchewan,"Sexual assault, level 2, weapon or bodily harm",47,1.38
2018,Saskatchewan,"Sexual assault, level 1",47,108.03
2018,Saskatchewan,Total sexual violations against children,47,34.26
2018,Saskatchewan,"Assault, level 3, aggravated",47,33.23
2018,Saskatchewan,"Assault, level 2, weapon or bodily harm",47,328.47
2018,Saskatchewan,"Assault, level 1",47,864.72
2018,Saskatchewan,Total robbery,47,85.65
2018,Saskatchewan,Uttering threats,47,259.09
2018,Saskatchewan,Total other violent violations,47,19.19
2018,Alberta,Total violent Criminal Code violations,48,1337.63
2018,Alberta,Homicide,48,1.88
2018,Alberta,Total other violations causing death,48,0.05
2018,Alberta,Attempted murder,48,1.23
2018,Alberta,"Sexual assault, level 3, aggravated",48,0.54
2018,Alberta,"Sexual assault, level 2, weapon or bodily harm",48,2.07
2018,Alberta,"Sexual assault, level 1",48,79.96
2018,Alberta,Total sexual violations against children,48,27.48
2018,Alberta,"Assault, level 3, aggravated",48,17.05
2018,Alberta,"Assault, level 2, weapon or bodily harm",48,201.62
2018,Alberta,"Assault, level 1",48,546.38
2018,Alberta,Total robbery,48,81.22
2018,Alberta,Uttering threats,48,173.93
2018,Alberta,Total other violent violations,48,12.63
2018,British Columbia,Total violent Criminal Code violations,59,1179.29
2018,British Columbia,Homicide,59,1.8
2018,British Columbia,Total other violations causing death,59,0.42
2018,British Columbia,Attempted murder,59,1.76
2018,British Columbia,"Sexual assault, level 3, aggravated",59,0.16
2018,British Columbia,"Sexual assault, level 2, weapon or bodily harm",59,1.28
2018,British Columbia,"Sexual assault, level 1",59,64.13
2018,British Columbia,Total sexual violations against children,59,22.63
2018,British Columbia,"Assault, level 3, aggravated",59,6.67
2018,British Columbia,"Assault, level 2, weapon or bodily harm",59,146.35
2018,British Columbia,"Assault, level 1",59,449.62
2018,British Columbia,Total robbery,59,49.54
2018,British Columbia,Uttering threats,59,193.65
2018,British Columbia,Total other violent violations,59,11.38
2018,Yukon,Total violent Criminal Code violations,60,3916.68
2018,Yukon,Homicide,60,7.4
2018,Yukon,Total other violations causing death,60,0.0
2018,Yukon,Attempted murder,60,4.94
2018,Yukon,"Sexual assault, level 3, aggravated",60,4.94
2018,Yukon,"Sexual assault, level 2, weapon or bodily harm",60,4.94
2018,Yukon,"Sexual assault, level 1",60,197.44
2018,Yukon,Total sexual violations against children,60,69.1
2018,Yukon,"Assault, level 3, aggravated",60,29.62
2018,Yukon,"Assault, level 2, weapon or bodily harm",60,515.81
2018,Yukon,"Assault, level 1",60,1984.25
2018,Yukon,Total robbery,60,39.49
2018,Yukon,Uttering threats,60,636.74
2018,Yukon,Total other violent violations,60,12.34
2018,Northwest Territories,Total violent Criminal Code violations,61,8643.65
2018,Northwest Territories,Homicide,61,13.34
2018,Northwest Territories,Total other violations causing death,61,0.0
2018,Northwest Territories,Attempted murder,61,2.22
2018,Northwest Territories,"Sexual assault, level 3, aggravated",61,2.22
2018,Northwest Territories,"Sexual assault, level 2, weapon or bodily harm",61,0.0
2018,Northwest Territories,"Sexual assault, level 1",61,360.15
2018,Northwest Territories,Total sexual violations against children,61,140.06
2018,Northwest Territories,"Assault, level 3, aggravated",61,84.48
2018,Northwest Territories,"Assault, level 2, weapon or bodily harm",61,878.15
2018,Northwest Territories,"Assault, level 1",61,5113.27
2018,Northwest Territories,Total robbery,61,86.7
2018,Northwest Territories,Uttering threats,61,1204.95
2018,Northwest Territories,Total other violent violations,61,48.91
2018,Nunavut,Total violent Criminal Code violations,62,8871.88
2018,Nunavut,Homicide,62,20.97
2018,Nunavut,Total other violations causing death,62,0.0
2018,Nunavut,Attempted murder,62,20.97
2018,Nunavut,"Sexual assault, level 3, aggravated",62,18.35
2018,Nunavut,"Sexual assault, level 2, weapon or bodily harm",62,5.24
2018,Nunavut,"Sexual assault, level 1",62,437.83
2018,Nunavut,Total sexual violations against children,62,230.71
2018,Nunavut,"Assault, level 3, aggravated",62,165.17
2018,Nunavut,"Assault, level 2, weapon or bodily harm",62,1014.6
2018,Nunavut,"Assault, level 1",62,4624.7
2018,Nunavut,Total robbery,62,34.08
2018,Nunavut,Uttering threats,62,1200.74
2018,Nunavut,Total other violent violations,62,73.41
2019,Canada,Homicide,,1.83
2019,Canada,Total other violations causing death,,0.31
2019,Canada,Attempted murder,,2.33
2019,Canada,"Sexual assault, level 3, aggravated",,0.33
2019,Canada,"Sexual assault, level 2, weapon or bodily harm",,1.42
2019,Canada,"Sexual assault, level 1",,80.68
2019,Canada,Total sexual violations against children,,27.5
2019,Canada,"Assault, level 3, aggravated",,10.57
2019,Canada,"Assault, level 2, weapon or bodily harm",,158.78
2019,Canada,"Assault, level 1",,500.48
2019,Canada,Total robbery,,62.15
2019,Canada,Uttering threats,,214.96
2019,Canada,Total other violent violations,,19.32
2019,Newfoundland and Labrador,Total violent Criminal Code violations,10,1556.09
2019,Newfoundland and Labrador,Homicide,10,0.96
2019,Newfoundland and Labrador,Total other violations causing death,10,0.0
2019,Newfoundland and Labrador,Attempted murder,10,0.76
2019,Newfoundland and Labrador,"Sexual assault, level 3, aggravated",10,0.0
2019,Newfoundland and Labrador,"Sexual assault, level 2, weapon or bodily harm",10,0.96
2019,Newfoundland and Labrador,"Sexual assault, level 1",10,73.55
2019,Newfoundland and Labrador,Total sexual violations against children,10,29.61
2019,Newfoundland and Labrador,"Assault, level 3, aggravated",10,5.73
2019,Newfoundland and Labrador,"Assault, level 2, weapon or bodily harm",10,137.55
2019,Newfoundland and Labrador,"Assault, level 1",10,638.87
2019,Newfoundland and Labrador,Total robbery,10,31.52
2019,Newfoundland and Labrador,Uttering threats,10,397.0
2019,Newfoundland and Labrador,Total other violent violations,10,19.1
2019,Prince Edward Island,Total violent Criminal Code violations,11,1273.67
2019,Prince Edward Island,Homicide,11,1.27
2019,Prince Edward Island,Total other violations causing death,11,0.64
2019,Prince Edward Island,Attempted murder,11,0.0
2019,Prince Edward Island,"Sexual assault, level 3, aggravated",11,0.0
2019,Prince Edward Island,"Sexual assault, level 2, weapon or bodily harm",11,0.0
2019,Prince Edward Island,"Sexual assault, level 1",11,83.85
2019,Prince Edward Island,Total sexual violations against children,11,33.03
2019,Prince Edward Island,"Assault, level 3, aggravated",11,1.91
2019,Prince Edward Island,"Assault, level 2, weapon or bodily harm",11,67.34
2019,Prince Edward Island,"Assault, level 1",11,466.91
2019,Prince Edward Island,Total robbery,11,15.25
2019,Prince Edward Island,Uttering threats,11,266.17
2019,Prince Edward Island,Total other violent violations,11,21.6
2019,Nova Scotia,Total violent Criminal Code violations,12,1421.19
2019,Nova Scotia,Homicide,12,0.62
2019,Nova Scotia,Total other violations causing death,12,0.82
2019,Nova Scotia,Attempted murder,12,4.33
2019,Nova Scotia,"Sexual assault, level 3, aggravated",12,0.41
2019,Nova Scotia,"Sexual assault, level 2, weapon or bodily harm",12,1.55
2019,Nova Scotia,"Sexual assault, level 1",12,91.01
2019,Nova Scotia,Total sexual violations against children,12,32.26
2019,Nova Scotia,"Assault, level 3, aggravated",12,10.82
2019,Nova Scotia,"Assault, level 2, weapon or bodily harm",12,119.35
2019,Nova Scotia,"Assault, level 1",12,512.66
2019,Nova Scotia,Total robbery,12,24.63
2019,Nova Scotia,Uttering threats,12,314.56
2019,Nova Scotia,Total other violent violations,12,26.49
2019,New Brunswick,Total violent Criminal Code violations,13,1603.34
2019,New Brunswick,Homicide,13,2.19
2019,New Brunswick,Total other violations causing death,13,0.39
2019,New Brunswick,Attempted murder,13,2.19
2019,New Brunswick,"Sexual assault, level 3, aggravated",13,0.13
2019,New Brunswick,"Sexual assault, level 2, weapon or bodily harm",13,0.9
2019,New Brunswick,"Sexual assault, level 1",13,80.42
2019,New Brunswick,Total sexual violations against children,13,29.47
2019,New Brunswick,"Assault, level 3, aggravated",13,9.52
2019,New Brunswick,"Assault, level 2, weapon or bodily harm",13,142.32
2019,New Brunswick,"Assault, level 1",13,643.01
2019,New Brunswick,Total robbery,13,21.62
2019,New Brunswick,Uttering threats,13,341.9
2019,New Brunswick,Total other violent violations,13,32.68
2019,Quebec,Total violent Criminal Code violations,24,1127.26
2019,Quebec,Homicide,24,0.91
2019,Quebec,Total other violations causing death,24,0.53
2019,Quebec,Attempted murder,24,2.39
2019,Quebec,"Sexual assault, level 3, aggravated",24,0.29
2019,Quebec,"Sexual assault, level 2, weapon or bodily harm",24,1.32
2019,Quebec,"Sexual assault, level 1",24,68.45
2019,Quebec,Total sexual violations against children,24,35.49
2019,Quebec,"Assault, level 3, aggravated",24,3.56
2019,Quebec,"Assault, level 2, weapon or bodily harm",24,131.71
2019,Quebec,"Assault, level 1",24,431.22
2019,Quebec,Total robbery,24,40.38
2019,Quebec,Uttering threats,24,211.69
2019,Quebec,Total other violent violations,24,29.36
2019,Ontario,Total violent Criminal Code violations,35,942.21
2019,Ontario,Homicide,35,1.74
2019,Ontario,Total other violations causing death,35,0.2
2019,Ontario,Attempted murder,35,2.39
2019,Ontario,"Sexual assault, level 3, aggravated",35,0.21
2019,Ontario,"Sexual assault, level 2, weapon or bodily harm",35,1.49
2019,Ontario,"Sexual assault, level 1",35,74.54
2019,Ontario,Total sexual violations against children,35,15.94
2019,Ontario,"Assault, level 3, aggravated",35,7.8
2019,Ontario,"Assault, level 2, weapon or bodily harm",35,109.72
2019,Ontario,"Assault, level 1",35,371.04
2019,Ontario,Total robbery,35,61.49
2019,Ontario,Uttering threats,35,135.17
2019,Ontario,Total other violent violations,35,13.08
2019,Manitoba,Total violent Criminal Code violations,46,2198.54
2019,Manitoba,Homicide,46,5.26
2019,Manitoba,Total other violations causing death,46,0.22
2019,Manitoba,Attempted murder,46,2.04
2019,Manitoba,"Sexual assault, level 3, aggravated",46,0.51
2019,Manitoba,"Sexual assault, level 2, weapon or bodily harm",46,2.19
2019,Manitoba,"Sexual assault, level 1",46,120.88
2019,Manitoba,Total sexual violations against children,46,47.81
2019,Manitoba,"Assault, level 3, aggravated",46,40.88
2019,Manitoba,"Assault, level 2, weapon or bodily harm",46,410.74
2019,Manitoba,"Assault, level 1",46,880.1
2019,Manitoba,Total robbery,46,196.5
2019,Manitoba,Uttering threats,46,284.02
2019,Manitoba,Total other violent violations,46,21.83
2019,Saskatchewan,Total violent Criminal Code violations,47,2271.77
2019,Saskatchewan,Homicide,47,4.69
2019,Saskatchewan,Total other violations causing death,47,0.26
2019,Saskatchewan,Attempted murder,47,6.06
2019,Saskatchewan,"Sexual assault, level 3, aggravated",47,1.28
2019,Saskatchewan,"Sexual assault, level 2, weapon or bodily harm",47,1.19
2019,Saskatchewan,"Sexual assault, level 1",47,122.56
2019,Saskatchewan,Total sexual violations against children,47,45.54
2019,Saskatchewan,"Assault, level 3, aggravated",47,38.29
2019,Saskatchewan,"Assault, level 2, weapon or bodily harm",47,360.01
2019,Saskatchewan,"Assault, level 1",47,960.61
2019,Saskatchewan,Total robbery,47,95.1
2019,Saskatchewan,Uttering threats,47,314.21
2019,Saskatchewan,Total other violent violations,47,31.47
2019,Alberta,Total violent Criminal Code violations,48,1460.28
2019,Alberta,Homicide,48,2.29
2019,Alberta,Total other violations causing death,48,0.05
2019,Alberta,Attempted murder,48,1.21
2019,Alberta,"Sexual assault, level 3, aggravated",48,0.62
2019,Alberta,"Sexual assault, level 2, weapon or bodily harm",48,1.81
2019,Alberta,"Sexual assault, level 1",48,88.71
2019,Alberta,Total sexual violations against children,48,32.0
2019,Alberta,"Assault, level 3, aggravated",48,19.14
2019,Alberta,"Assault, level 2, weapon or bodily harm",48,214.85
2019,Alberta,"Assault, level 1",48,567.37
2019,Alberta,Total robbery,48,83.69
2019,Alberta,Uttering threats,48,210.01
2019,Alberta,Total other violent violations,48,15.66
2019,British Columbia,Total violent Criminal Code violations,59,1566.56
2019,British Columbia,Homicide,59,1.77
2019,British Columbia,Total other violations causing death,59,0.47
2019,British Columbia,Attempted murder,59,1.98
2019,British Columbia,"Sexual assault, level 3, aggravated",59,0.2
2019,British Columbia,"Sexual assault, level 2, weapon or bodily harm",59,1.06
2019,British Columbia,"Sexual assault, level 1",59,80.24
2019,British Columbia,Total sexual violations against children,59,28.91
2019,British Columbia,"Assault, level 3, aggravated",59,6.71
2019,British Columbia,"Assault, level 2, weapon or bodily harm",59,175.98
2019,British Columbia,"Assault, level 1",59,576.57
2019,British Columbia,Total robbery,59,56.25
2019,British Columbia,Uttering threats,59,321.72
2019,British Columbia,Total other violent violations,59,15.15
2019,Yukon,Total violent Criminal Code violations,60,5050.53
2019,Yukon,Homicide,60,2.42
2019,Yukon,Total other violations causing death,60,0.0
2019,Yukon,Attempted murder,60,2.42
2019,Yukon,"Sexual assault, level 3, aggravated",60,2.42
2019,Yukon,"Sexual assault, level 2, weapon or bodily harm",60,4.84
2019,Yukon,"Sexual assault, level 1",60,299.79
2019,Yukon,Total sexual violations against children,60,67.69
2019,Yukon,"Assault, level 3, aggravated",60,29.01
2019,Yukon,"Assault, level 2, weapon or bodily harm",60,522.22
2019,Yukon,"Assault, level 1",60,2502.3
2019,Yukon,Total robbery,60,53.19
2019,Yukon,Uttering threats,60,964.65
2019,Yukon,Total other violent violations,60,38.68
2019,Northwest Territories,Total violent Criminal Code violations,61,11049.48
2019,Northwest Territories,Homicide,61,4.44
2019,Northwest Territories,Total other violations causing death,61,0.0
2019,Northwest Territories,Attempted murder,61,2.22
2019,Northwest Territories,"Sexual assault, level 3, aggravated",61,4.44
2019,Northwest Territories,"Sexual assault, level 2, weapon or bodily harm",61,2.22
2019,Northwest Territories,"Sexual assault, level 1",61,574.66
2019,Northwest Territories,Total sexual violations against children,61,142.0
2019,Northwest Territories,"Assault, level 3, aggravated",61,95.41
2019,Northwest Territories,"Assault, level 2, weapon or bodily harm",61,1124.92
2019,Northwest Territories,"Assault, level 1",61,6194.81
2019,Northwest Territories,Total robbery,61,79.88
2019,Northwest Territories,Uttering threats,61,1746.17
2019,Northwest Territories,Total other violent violations,61,102.06
2019,Nunavut,Total violent Criminal Code violations,62,11142.21
2019,Nunavut,Homicide,62,18.14
2019,Nunavut,Total other violations causing death,62,0.0
2019,Nunavut,Attempted murder,62,15.55
2019,Nunavut,"Sexual assault, level 3, aggravated",62,5.18
2019,Nunavut,"Sexual assault, level 2, weapon or bodily harm",62,0.0
2019,Nunavut,"Sexual assault, level 1",62,554.52
2019,Nunavut,Total sexual violations against children,62,266.89
2019,Nunavut,"Assault, level 3, aggravated",62,215.07
2019,Nunavut,"Assault, level 2, weapon or bodily harm",62,1412.21
2019,Nunavut,"Assault, level 1",62,5770.63
2019,Nunavut,Total robbery,62,38.87
2019,Nunavut,Uttering threats,62,1676.51
2019,Nunavut,Total other violent violations,62,88.1
2020,Canada,Homicide,,2.0
2020,Canada,Total other violations causing death,,0.31
2020,Canada,Attempted murder,,2.24
2020,Canada,"Sexual assault, level 3, aggravated",,0.37
2020,Canada,"Sexual assault, level 2, weapon or bodily harm",,1.64
2020,Canada,"Sexual assault, level 1",,74.05
2020,Canada,Total sexual violations against children,,28.27
2020,Canada,"Assault, level 3, aggravated",,10.2
2020,Canada,"Assault, level 2, weapon or bodily harm",,172.34
2020,Canada,"Assault, level 1",,470.84
2020,Canada,Total robbery,,50.91
2020,Canada,Uttering threats,,223.16
2020,Canada,Total other violent violations,,19.65
2020,Newfoundland and Labrador,Total violent Criminal Code violations,10,1676.77
2020,Newfoundland and Labrador,Homicide,10,0.77
2020,Newfoundland and Labrador,Total other violations causing death,10,0.38
2020,Newfoundland and Labrador,Attempted murder,10,0.19
2020,Newfoundland and Labrador,"Sexual assault, level 3, aggravated",10,0.0
2020,Newfoundland and Labrador,"Sexual assault, level 2, weapon or bodily harm",10,0.58
2020,Newfoundland and Labrador,"Sexual assault, level 1",10,79.41
2020,Newfoundland and Labrador,Total sexual violations against children,10,30.31
2020,Newfoundland and Labrador,"Assault, level 3, aggravated",10,7.67
2020,Newfoundland and Labrador,"Assault, level 2, weapon or bodily harm",10,155.56
2020,Newfoundland and Labrador,"Assault, level 1",10,683.6
2020,Newfoundland and Labrador,Total robbery,10,24.36
2020,Newfoundland and Labrador,Uttering threats,10,429.26
2020,Newfoundland and Labrador,Total other violent violations,10,18.61
2020,Prince Edward Island,Total violent Criminal Code violations,11,1257.87
2020,Prince Edward Island,Homicide,11,0.62
2020,Prince Edward Island,Total other violations causing death,11,0.0
2020,Prince Edward Island,Attempted murder,11,0.0
2020,Prince Edward Island,"Sexual assault, level 3, aggravated",11,0.62
2020,Prince Edward Island,"Sexual assault, level 2, weapon or bodily harm",11,0.62
2020,Prince Edward Island,"Sexual assault, level 1",11,73.77
2020,Prince Edward Island,Total sexual violations against children,11,27.28
2020,Prince Edward Island,"Assault, level 3, aggravated",11,3.1
2020,Prince Edward Island,"Assault, level 2, weapon or bodily harm",11,69.43
2020,Prince Edward Island,"Assault, level 1",11,403.58
2020,Prince Edward Island,Total robbery,11,4.96
2020,Prince Edward Island,Uttering threats,11,305.63
2020,Prince Edward Island,Total other violent violations,11,24.18
2020,Nova Scotia,Total violent Criminal Code violations,12,1512.49
2020,Nova Scotia,Homicide,12,3.77
2020,Nova Scotia,Total other violations causing death,12,0.2
2020,Nova Scotia,Attempted murder,12,4.89
2020,Nova Scotia,"Sexual assault, level 3, aggravated",12,0.92
2020,Nova Scotia,"Sexual assault, level 2, weapon or bodily harm",12,1.32
2020,Nova Scotia,"Sexual assault, level 1",12,86.48
2020,Nova Scotia,Total sexual violations against children,12,33.21
2020,Nova Scotia,"Assault, level 3, aggravated",12,7.13
2020,Nova Scotia,"Assault, level 2, weapon or bodily harm",12,145.16
2020,Nova Scotia,"Assault, level 1",12,522.57
2020,Nova Scotia,Total robbery,12,27.1
2020,Nova Scotia,Uttering threats,12,363.35
2020,Nova Scotia,Total other violent violations,12,32.09
2020,New Brunswick,Total violent Criminal Code violations,13,1635.0
2020,New Brunswick,Homicide,13,1.79
2020,New Brunswick,Total other violations causing death,13,0.51
2020,New Brunswick,Attempted murder,13,1.15
2020,New Brunswick,"Sexual assault, level 3, aggravated",13,0.38
2020,New Brunswick,"Sexual assault, level 2, weapon or bodily harm",13,1.02
2020,New Brunswick,"Sexual assault, level 1",13,76.5
2020,New Brunswick,Total sexual violations against children,13,27.71
2020,New Brunswick,"Assault, level 3, aggravated",13,9.2
2020,New Brunswick,"Assault, level 2, weapon or bodily harm",13,151.85
2020,New Brunswick,"Assault, level 1",13,640.74
2020,New Brunswick,Total robbery,13,18.65
2020,New Brunswick,Uttering threats,13,369.99
2020,New Brunswick,Total other violent violations,13,21.97
2020,Quebec,Total violent Criminal Code violations,24,1117.35
2020,Quebec,Homicide,24,1.01
2020,Quebec,Total other violations causing death,24,0.54
2020,Quebec,Attempted murder,24,2.62
2020,Quebec,"Sexual assault, level 3, aggravated",24,0.41
2020,Quebec,"Sexual assault, level 2, weapon or bodily harm",24,1.4
2020,Quebec,"Sexual assault, level 1",24,68.96
2020,Quebec,Total sexual violations against children,24,35.67
2020,Quebec,"Assault, level 3, aggravated",24,3.05
2020,Quebec,"Assault, level 2, weapon or bodily harm",24,138.07
2020,Quebec,"Assault, level 1",24,412.55
2020,Quebec,Total robbery,24,32.41
2020,Quebec,Uttering threats,24,216.74
2020,Quebec,Total other violent violations,24,29.52
2020,Ontario,Total violent Criminal Code violations,35,900.73
2020,Ontario,Homicide,35,1.63
2020,Ontario,Total other violations causing death,35,0.18
2020,Ontario,Attempted murder,35,2.23
2020,Ontario,"Sexual assault, level 3, aggravated",35,0.2
2020,Ontario,"Sexual assault, level 2, weapon or bodily harm",35,1.69
2020,Ontario,"Sexual assault, level 1",35,63.17
2020,Ontario,Total sexual violations against children,35,16.79
2020,Ontario,"Assault, level 3, aggravated",35,7.08
2020,Ontario,"Assault, level 2, weapon or bodily harm",35,117.66
2020,Ontario,"Assault, level 1",35,329.79
2020,Ontario,Total robbery,35,48.22
2020,Ontario,Uttering threats,35,140.26
2020,Ontario,Total other violent violations,35,13.74
2020,Manitoba,Total violent Criminal Code violations,46,2113.5
2020,Manitoba,Homicide,46,4.49
2020,Manitoba,Total other violations causing death,46,0.29
2020,Manitoba,Attempted murder,46,1.45
2020,Manitoba,"Sexual assault, level 3, aggravated",46,0.36
2020,Manitoba,"Sexual assault, level 2, weapon or bodily harm",46,3.04
2020,Manitoba,"Sexual assault, level 1",46,114.21
2020,Manitoba,Total sexual violations against children,46,53.56
2020,Manitoba,"Assault, level 3, aggravated",46,35.44
2020,Manitoba,"Assault, level 2, weapon or bodily harm",46,419.67
2020,Manitoba,"Assault, level 1",46,860.58
2020,Manitoba,Total robbery,46,162.77
2020,Manitoba,Uttering threats,46,267.92
2020,Manitoba,Total other violent violations,46,18.99
2020,Saskatchewan,Total violent Criminal Code violations,47,2377.83
2020,Saskatchewan,Homicide,47,5.43
2020,Saskatchewan,Total other violations causing death,47,0.25
2020,Saskatchewan,Attempted murder,47,4.07
2020,Saskatchewan,"Sexual assault, level 3, aggravated",47,0.93
2020,Saskatchewan,"Sexual assault, level 2, weapon or bodily harm",47,1.87
2020,Saskatchewan,"Sexual assault, level 1",47,111.76
2020,Saskatchewan,Total sexual violations against children,47,50.4
2020,Saskatchewan,"Assault, level 3, aggravated",47,41.49
2020,Saskatchewan,"Assault, level 2, weapon or bodily harm",47,427.84
2020,Saskatchewan,"Assault, level 1",47,946.99
2020,Saskatchewan,Total robbery,47,80.44
2020,Saskatchewan,Uttering threats,47,347.49
2020,Saskatchewan,Total other violent violations,47,27.41
2020,Alberta,Total violent Criminal Code violations,48,1452.11
2020,Alberta,Homicide,48,3.19
2020,Alberta,Total other violations causing death,48,0.25
2020,Alberta,Attempted murder,48,1.4
2020,Alberta,"Sexual assault, level 3, aggravated",48,0.57
2020,Alberta,"Sexual assault, level 2, weapon or bodily harm",48,2.33
2020,Alberta,"Sexual assault, level 1",48,79.61
2020,Alberta,Total sexual violations against children,48,32.94
2020,Alberta,"Assault, level 3, aggravated",48,20.81
2020,Alberta,"Assault, level 2, weapon or bodily harm",48,236.97
2020,Alberta,"Assault, level 1",48,527.07
2020,Alberta,Total robbery,48,66.79
2020,Alberta,Uttering threats,48,218.6
2020,Alberta,Total other violent violations,48,18.5
2020,British Columbia,Total violent Criminal Code violations,59,1557.52
2020,British Columbia,Homicide,59,1.94
2020,British Columbia,Total other violations causing death,59,0.41
2020,British Columbia,Attempted murder,59,1.92
2020,British Columbia,"Sexual assault, level 3, aggravated",59,0.35
2020,British Columbia,"Sexual assault, level 2, weapon or bodily harm",59,0.97
2020,British Columbia,"Sexual assault, level 1",59,74.13
2020,British Columbia,Total sexual violations against children,59,27.68
2020,British Columbia,"Assault, level 3, aggravated",59,6.63
2020,British Columbia,"Assault, level 2, weapon or bodily harm",59,195.4
2020,British Columbia,"Assault, level 1",59,543.79
2020,British Columbia,Total robbery,59,52.51
2020,British Columbia,Uttering threats,59,325.98
2020,British Columbia,Total other violent violations,59,15.05
2020,Yukon,Total violent Criminal Code violations,60,5111.12
2020,Yukon,Homicide,60,0.0
2020,Yukon,Total other violations causing death,60,0.0
2020,Yukon,Attempted murder,60,7.12
2020,Yukon,"Sexual assault, level 3, aggravated",60,7.12
2020,Yukon,"Sexual assault, level 2, weapon or bodily harm",60,2.37
2020,Yukon,"Sexual assault, level 1",60,277.49
2020,Yukon,Total sexual violations against children,60,71.15
2020,Yukon,"Assault, level 3, aggravated",60,68.78
2020,Yukon,"Assault, level 2, weapon or bodily harm",60,453.0
2020,Yukon,"Assault, level 1",60,2450.02
2020,Yukon,Total robbery,60,54.55
2020,Yukon,Uttering threats,60,898.89
2020,Yukon,Total other violent violations,60,68.78
2020,Northwest Territories,Total violent Criminal Code violations,61,11573.24
2020,Northwest Territories,Homicide,61,13.23
2020,Northwest Territories,Total other violations causing death,61,0.0
2020,Northwest Territories,Attempted murder,61,2.21
2020,Northwest Territories,"Sexual assault, level 3, aggravated",61,0.0
2020,Northwest Territories,"Sexual assault, level 2, weapon or bodily harm",61,6.62
2020,Northwest Territories,"Sexual assault, level 1",61,540.29
2020,Northwest Territories,Total sexual violations against children,61,121.29
2020,Northwest Territories,"Assault, level 3, aggravated",61,88.21
2020,Northwest Territories,"Assault, level 2, weapon or bodily harm",61,1268.03
2020,Northwest Territories,"Assault, level 1",61,6190.18
2020,Northwest Territories,Total robbery,61,74.98
2020,Northwest Territories,Uttering threats,61,1962.69
2020,Northwest Territories,Total other violent violations,61,81.59
2020,Nunavut,Total violent Criminal Code violations,62,12291.54
2020,Nunavut,Homicide,62,7.66
2020,Nunavut,Total other violations causing death,62,0.0
2020,Nunavut,Attempted murder,62,15.32
2020,Nunavut,"Sexual assault, level 3, aggravated",62,2.55
2020,Nunavut,"Sexual assault, level 2, weapon or bodily harm",62,15.32
2020,Nunavut,"Sexual assault, level 1",62,638.46
2020,Nunavut,Total sexual violations against children,62,403.5
2020,Nunavut,"Assault, level 3, aggravated",62,194.09
2020,Nunavut,"Assault, level 2, weapon or bodily harm",62,1649.77
2020,Nunavut,"Assault, level 1",62,6034.68
2020,Nunavut,Total robbery,62,30.65
2020,Nunavut,Uttering threats,62,2053.27
2020,Nunavut,Total other violent violations,62,84.28
2021,Canada,Homicide,,2.08
2021,Canada,Total other violations causing death,,0.28
2021,Canada,Attempted murder,,1.96
2021,Canada,"Sexual assault, level 3, aggravated",,0.33
2021,Canada,"Sexual assault, level 2, weapon or bodily harm",,1.61
2021,Canada,"Sexual assault, level 1",,88.0
2021,Canada,Total sexual violations against children,,33.58
2021,Canada,"Assault, level 3, aggravated",,10.36
2021,Canada,"Assault, level 2, weapon or bodily harm",,186.45
2021,Canada,"Assault, level 1",,484.48
2021,Canada,Total robbery,,48.7
2021,Canada,Uttering threats,,229.68
2021,Canada,Total other violent violations,,20.4
2021,Newfoundland and Labrador,Total violent Criminal Code violations,10,1828.22
2021,Newfoundland and Labrador,Homicide,10,1.54
2021,Newfoundland and Labrador,Total other violations causing death,10,0.58
2021,Newfoundland and Labrador,Attempted murder,10,0.19
2021,Newfoundland and Labrador,"Sexual assault, level 3, aggravated",10,0.58
2021,Newfoundland and Labrador,"Sexual assault, level 2, weapon or bodily harm",10,1.15
2021,Newfoundland and Labrador,"Sexual assault, level 1",10,99.14
2021,Newfoundland and Labrador,Total sexual violations against children,10,47.27
2021,Newfoundland and Labrador,"Assault, level 3, aggravated",10,9.03
2021,Newfoundland and Labrador,"Assault, level 2, weapon or bodily harm",10,162.94
2021,Newfoundland and Labrador,"Assault, level 1",10,733.59
2021,Newfoundland and Labrador,Total robbery,10,32.66
2021,Newfoundland and Labrador,Uttering threats,10,433.47
2021,Newfoundland and Labrador,Total other violent violations,10,20.56
2021,Prince Edward Island,Total violent Criminal Code violations,11,1243.04
2021,Prince Edward Island,Homicide,11,0.61
2021,Prince Edward Island,Total other violations causing death,11,0.61
2021,Prince Edward Island,Attempted murder,11,0.61
2021,Prince Edward Island,"Sexual assault, level 3, aggravated",11,0.0
2021,Prince Edward Island,"Sexual assault, level 2, weapon or bodily harm",11,0.61
2021,Prince Edward Island,"Sexual assault, level 1",11,91.04
2021,Prince Edward Island,Total sexual violations against children,11,33.38
2021,Prince Edward Island,"Assault, level 3, aggravated",11,3.64
2021,Prince Edward Island,"Assault, level 2, weapon or bodily harm",11,77.08
2021,Prince Edward Island,"Assault, level 1",11,404.84
2021,Prince Edward Island,Total robbery,11,10.32
2021,Prince Edward Island,Uttering threats,11,236.71
2021,Prince Edward Island,Total other violent violations,11,22.46
2021,Nova Scotia,Total violent Criminal Code violations,12,1517.58
2021,Nova Scotia,Homicide,12,2.32
2021,Nova Scotia,Total other violations causing death,12,0.0
2021,Nova Scotia,Attempted murder,12,4.84
2021,Nova Scotia,"Sexual assault, level 3, aggravated",12,0.4
2021,Nova Scotia,"Sexual assault, level 2, weapon or bodily harm",12,1.92
2021,Nova Scotia,"Sexual assault, level 1",12,91.31
2021,Nova Scotia,Total sexual violations against children,12,38.44
2021,Nova Scotia,"Assault, level 3, aggravated",12,7.77
2021,Nova Scotia,"Assault, level 2, weapon or bodily harm",12,156.99
2021,Nova Scotia,"Assault, level 1",12,505.39
2021,Nova Scotia,Total robbery,12,29.76
2021,Nova Scotia,Uttering threats,12,336.09
2021,Nova Scotia,Total other violent violations,12,28.86
2021,New Brunswick,Total violent Criminal Code violations,13,1741.78
2021,New Brunswick,Homicide,13,1.39
2021,New Brunswick,Total other violations causing death,13,0.25
2021,New Brunswick,Attempted murder,13,1.9
2021,New Brunswick,"Sexual assault, level 3, aggravated",13,0.13
2021,New Brunswick,"Sexual assault, level 2, weapon or bodily harm",13,1.64
2021,New Brunswick,"Sexual assault, level 1",13,93.12
2021,New Brunswick,Total sexual violations against children,13,35.05
2021,New Brunswick,"Assault, level 3, aggravated",13,7.84
2021,New Brunswick,"Assault, level 2, weapon or bodily harm",13,166.75
2021,New Brunswick,"Assault, level 1",13,643.85
2021,New Brunswick,Total robbery,13,15.44
2021,New Brunswick,Uttering threats,13,391.45
2021,New Brunswick,Total other violent violations,13,22.65
2021,Quebec,Total violent Criminal Code violations,24,1226.2
2021,Quebec,Homicide,24,1.05
2021,Quebec,Total other violations causing death,24,0.45
2021,Quebec,Attempted murder,24,2.32
2021,Quebec,"Sexual assault, level 3, aggravated",24,0.36
2021,Quebec,"Sexual assault, level 2, weapon or bodily harm",24,1.17
2021,Quebec,"Sexual assault, level 1",24,88.17
2021,Quebec,Total sexual violations against children,24,44.23
2021,Quebec,"Assault, level 3, aggravated",24,3.94
2021,Quebec,"Assault, level 2, weapon or bodily harm",24,152.88
2021,Quebec,"Assault, level 1",24,447.13
2021,Quebec,Total robbery,24,31.39
2021,Quebec,Uttering threats,24,227.87
2021,Quebec,Total other violent violations,24,32.34
2021,Ontario,Total violent Criminal Code violations,35,954.25
2021,Ontario,Homicide,35,1.9
2021,Ontario,Total other violations causing death,35,0.2
2021,Ontario,Attempted murder,35,2.04
2021,Ontario,"Sexual assault, level 3, aggravated",35,0.24
2021,Ontario,"Sexual assault, level 2, weapon or bodily harm",35,1.65
2021,Ontario,"Sexual assault, level 1",35,74.44
2021,Ontario,Total sexual violations against children,35,19.01
2021,Ontario,"Assault, level 3, aggravated",35,7.14
2021,Ontario,"Assault, level 2, weapon or bodily harm",35,128.51
2021,Ontario,"Assault, level 1",35,342.41
2021,Ontario,Total robbery,35,43.5
2021,Ontario,Uttering threats,35,150.63
2021,Ontario,Total other violent violations,35,13.14
2021,Manitoba,Total violent Criminal Code violations,46,2278.41
2021,Manitoba,Homicide,46,4.45
2021,Manitoba,Total other violations causing death,46,0.43
2021,Manitoba,Attempted murder,46,0.79
2021,Manitoba,"Sexual assault, level 3, aggravated",46,0.65
2021,Manitoba,"Sexual assault, level 2, weapon or bodily harm",46,3.02
2021,Manitoba,"Sexual assault, level 1",46,124.0
2021,Manitoba,Total sexual violations against children,46,56.47
2021,Manitoba,"Assault, level 3, aggravated",46,36.78
2021,Manitoba,"Assault, level 2, weapon or bodily harm",46,487.72
2021,Manitoba,"Assault, level 1",46,891.61
2021,Manitoba,Total robbery,46,162.93
2021,Manitoba,Uttering threats,46,307.62
2021,Manitoba,Total other violent violations,46,20.91
2021,Saskatchewan,Total violent Criminal Code violations,47,2418.47
2021,Saskatchewan,Homicide,47,5.92
2021,Saskatchewan,Total other violations causing death,47,0.25
2021,Saskatchewan,Attempted murder,47,3.89
2021,Saskatchewan,"Sexual assault, level 3, aggravated",47,1.02
2021,Saskatchewan,"Sexual assault, level 2, weapon or bodily harm",47,1.78
2021,Saskatchewan,"Sexual assault, level 1",47,122.64
2021,Saskatchewan,Total sexual violations against children,47,58.82
2021,Saskatchewan,"Assault, level 3, aggravated",47,44.01
2021,Saskatchewan,"Assault, level 2, weapon or bodily harm",47,442.58
2021,Saskatchewan,"Assault, level 1",47,931.28
2021,Saskatchewan,Total robbery,47,77.7
2021,Saskatchewan,Uttering threats,47,338.47
2021,Saskatchewan,Total other violent violations,47,29.54
2021,Alberta,Total violent Criminal Code violations,48,1515.15
2021,Alberta,Homicide,48,2.66
2021,Alberta,Total other violations causing death,48,0.18
2021,Alberta,Attempted murder,48,1.06
2021,Alberta,"Sexual assault, level 3, aggravated",48,0.47
2021,Alberta,"Sexual assault, level 2, weapon or bodily harm",48,2.36
2021,Alberta,"Sexual assault, level 1",48,98.34
2021,Alberta,Total sexual violations against children,48,42.89
2021,Alberta,"Assault, level 3, aggravated",48,19.53
2021,Alberta,"Assault, level 2, weapon or bodily harm",48,250.8
2021,Alberta,"Assault, level 1",48,535.83
2021,Alberta,Total robbery,48,64.76
2021,Alberta,Uttering threats,48,217.7
2021,Alberta,Total other violent violations,48,20.95
2021,British Columbia,Total violent Criminal Code violations,59,1563.0
2021,British Columbia,Homicide,59,2.4
2021,British Columbia,Total other violations causing death,59,0.27
2021,British Columbia,Attempted murder,59,1.29
2021,British Columbia,"Sexual assault, level 3, aggravated",59,0.13
2021,British Columbia,"Sexual assault, level 2, weapon or bodily harm",59,1.08
2021,British Columbia,"Sexual assault, level 1",59,85.42
2021,British Columbia,Total sexual violations against children,59,30.76
2021,British Columbia,"Assault, level 3, aggravated",59,6.94
2021,British Columbia,"Assault, level 2, weapon or bodily harm",59,204.2
2021,British Columbia,"Assault, level 1",59,533.6
2021,British Columbia,Total robbery,59,52.73
2021,British Columbia,Uttering threats,59,320.91
2021,British Columbia,Total other violent violations,59,14.9
2021,Yukon,Total violent Criminal Code violations,60,5077.46
2021,Yukon,Homicide,60,9.25
2021,Yukon,Total other violations causing death,60,0.0
2021,Yukon,Attempted murder,60,2.31
2021,Yukon,"Sexual assault, level 3, aggravated",60,0.0
2021,Yukon,"Sexual assault, level 2, weapon or bodily harm",60,4.62
2021,Yukon,"Sexual assault, level 1",60,279.77
2021,Yukon,Total sexual violations against children,60,90.17
2021,Yukon,"Assault, level 3, aggravated",60,60.12
2021,Yukon,"Assault, level 2, weapon or bodily harm",60,517.92
2021,Yukon,"Assault, level 1",60,2265.9
2021,Yukon,Total robbery,60,43.93
2021,Yukon,Uttering threats,60,959.54
2021,Yukon,Total other violent violations,60,43.93
2021,Northwest Territories,Total violent Criminal Code violations,61,12097.29
2021,Northwest Territories,Homicide,61,2.19
2021,Northwest Territories,Total other violations causing death,61,0.0
2021,Northwest Territories,Attempted murder,61,6.58
2021,Northwest Territories,"Sexual assault, level 3, aggravated",61,0.0
2021,Northwest Territories,"Sexual assault, level 2, weapon or bodily harm",61,8.77
2021,Northwest Territories,"Sexual assault, level 1",61,502.23
2021,Northwest Territories,Total sexual violations against children,61,133.78
2021,Northwest Territories,"Assault, level 3, aggravated",61,78.95
2021,Northwest Territories,"Assault, level 2, weapon or bodily harm",61,1333.42
2021,Northwest Territories,"Assault, level 1",61,6662.72
2021,Northwest Territories,Total robbery,61,65.79
2021,Northwest Territories,Uttering threats,61,2013.29
2021,Northwest Territories,Total other violent violations,61,87.73
2021,Nunavut,Total violent Criminal Code violations,62,11991.64
2021,Nunavut,Homicide,62,5.04
2021,Nunavut,Total other violations causing death,62,0.0
2021,Nunavut,Attempted murder,62,15.11
2021,Nunavut,"Sexual assault, level 3, aggravated",62,2.52
2021,Nunavut,"Sexual assault, level 2, weapon or bodily harm",62,7.55
2021,Nunavut,"Sexual assault, level 1",62,564.08
2021,Nunavut,Total sexual violations against children,62,402.91
2021,Nunavut,"Assault, level 3, aggravated",62,108.28
2021,Nunavut,"Assault, level 2, weapon or bodily harm",62,1548.69
2021,Nunavut,"Assault, level 1",62,5892.57
2021,Nunavut,Total robbery,62,40.29
2021,Nunavut,Uttering threats,62,1951.6
2021,Nunavut,Total other violent violations,62,105.76
2022,Canada,Homicide,,2.25
2022,Canada,Total other violations causing death,,0.22
2022,Canada,Attempted murder,,2.16
2022,Canada,"Sexual assault, level 3, aggravated",,0.32
2022,Canada,"Sexual assault, level 2, weapon or bodily harm",,1.61
2022,Canada,"Sexual assault, level 1",,90.46
2022,Canada,Total sexual violations against children,,30.46
2022,Canada,"Assault, level 3, aggravated",,10.59
2022,Canada,"Assault, level 2, weapon or bodily harm",,196.41
2022,Canada,"Assault, level 1",,502.7
2022,Canada,Total robbery,,56.16
2022,Canada,Uttering threats,,224.23
2022,Canada,Total other violent violations,,20.35
2022,Newfoundland and Labrador,Total violent Criminal Code violations,10,1796.86
2022,Newfoundland and Labrador,Homicide,10,0.57
2022,Newfoundland and Labrador,Total other violations causing death,10,0.19
2022,Newfoundland and Labrador,Attempted murder,10,1.14
2022,Newfoundland and Labrador,"Sexual assault, level 3, aggravated",10,0.19
2022,Newfoundland and Labrador,"Sexual assault, level 2, weapon or bodily harm",10,1.14
2022,Newfoundland and Labrador,"Sexual assault, level 1",10,102.67
2022,Newfoundland and Labrador,Total sexual violations against children,10,36.31
2022,Newfoundland and Labrador,"Assault, level 3, aggravated",10,11.03
2022,Newfoundland and Labrador,"Assault, level 2, weapon or bodily harm",10,163.89
2022,Newfoundland and Labrador,"Assault, level 1",10,698.33
2022,Newfoundland and Labrador,Total robbery,10,46.39
2022,Newfoundland and Labrador,Uttering threats,10,427.21
2022,Newfoundland and Labrador,Total other violent violations,10,27.76
2022,Prince Edward Island,Total violent Criminal Code violations,11,1340.46
2022,Prince Edward Island,Homicide,11,0.0
2022,Prince Edward Island,Total other violations causing death,11,1.76
2022,Prince Edward Island,Attempted murder,11,0.59
2022,Prince Edward Island,"Sexual assault, level 3, aggravated",11,0.0
2022,Prince Edward Island,"Sexual assault, level 2, weapon or bodily harm",11,0.59
2022,Prince Edward Island,"Sexual assault, level 1",11,106.04
2022,Prince Edward Island,Total sexual violations against children,11,26.36
2022,Prince Edward Island,"Assault, level 3, aggravated",11,2.34
2022,Prince Edward Island,"Assault, level 2, weapon or bodily harm",11,82.02
2022,Prince Edward Island,"Assault, level 1",11,421.24
2022,Prince Edward Island,Total robbery,11,4.69
2022,Prince Edward Island,Uttering threats,11,256.02
2022,Prince Edward Island,Total other violent violations,11,25.19
2022,Nova Scotia,Total violent Criminal Code violations,12,1590.53
2022,Nova Scotia,Homicide,12,1.86
2022,Nova Scotia,Total other violations causing death,12,0.2
2022,Nova Scotia,Attempted murder,12,4.51
2022,Nova Scotia,"Sexual assault, level 3, aggravated",12,0.39
2022,Nova Scotia,"Sexual assault, level 2, weapon or bodily harm",12,1.27
2022,Nova Scotia,"Sexual assault, level 1",12,92.48
2022,Nova Scotia,Total sexual violations against children,12,30.5
2022,Nova Scotia,"Assault, level 3, aggravated",12,9.51
2022,Nova Scotia,"Assault, level 2, weapon or bodily harm",12,165.93
2022,Nova Scotia,"Assault, level 1",12,535.63
2022,Nova Scotia,Total robbery,12,43.15
2022,Nova Scotia,Uttering threats,12,357.55
2022,Nova Scotia,Total other violent violations,12,29.62
2022,New Brunswick,Total violent Criminal Code violations,13,1736.82
2022,New Brunswick,Homicide,13,1.85
2022,New Brunswick,Total other violations causing death,13,0.62
2022,New Brunswick,Attempted murder,13,2.09
2022,New Brunswick,"Sexual assault, level 3, aggravated",13,0.49
2022,New Brunswick,"Sexual assault, level 2, weapon or bodily harm",13,0.86
2022,New Brunswick,"Sexual assault, level 1",13,103.19
2022,New Brunswick,Total sexual violations against children,13,29.8
2022,New Brunswick,"Assault, level 3, aggravated",13,8.99
2022,New Brunswick,"Assault, level 2, weapon or bodily harm",13,192.97
2022,New Brunswick,"Assault, level 1",13,642.32
2022,New Brunswick,Total robbery,13,23.52
2022,New Brunswick,Uttering threats,13,364.75
2022,New Brunswick,Total other violent violations,13,22.66
2022,Quebec,Total violent Criminal Code violations,24,1270.4
2022,Quebec,Homicide,24,1.26
2022,Quebec,Total other violations causing death,24,0.38
2022,Quebec,Attempted murder,24,2.33
2022,Quebec,"Sexual assault, level 3, aggravated",24,0.36
2022,Quebec,"Sexual assault, level 2, weapon or bodily harm",24,1.25
2022,Quebec,"Sexual assault, level 1",24,90.9
2022,Quebec,Total sexual violations against children,24,43.84
2022,Quebec,"Assault, level 3, aggravated",24,3.94
2022,Quebec,"Assault, level 2, weapon or bodily harm",24,163.73
2022,Quebec,"Assault, level 1",24,472.42
2022,Quebec,Total robbery,24,37.31
2022,Quebec,Uttering threats,24,226.0
2022,Quebec,Total other violent violations,24,31.19
2022,Ontario,Total violent Criminal Code violations,35,994.41
2022,Ontario,Homicide,35,1.91
2022,Ontario,Total other violations causing death,35,0.12
2022,Ontario,Attempted murder,35,2.08
2022,Ontario,"Sexual assault, level 3, aggravated",35,0.21
2022,Ontario,"Sexual assault, level 2, weapon or bodily harm",35,1.73
2022,Ontario,"Sexual assault, level 1",35,80.45
2022,Ontario,Total sexual violations against children,35,18.0
2022,Ontario,"Assault, level 3, aggravated",35,6.67
2022,Ontario,"Assault, level 2, weapon or bodily harm",35,139.79
2022,Ontario,"Assault, level 1",35,358.53
2022,Ontario,Total robbery,35,51.73
2022,Ontario,Uttering threats,35,147.64
2022,Ontario,Total other violent violations,35,14.06
2022,Manitoba,Total violent Criminal Code violations,46,2440.56
2022,Manitoba,Homicide,46,6.24
2022,Manitoba,Total other violations causing death,46,0.5
2022,Manitoba,Attempted murder,46,1.14
2022,Manitoba,"Sexual assault, level 3, aggravated",46,0.43
2022,Manitoba,"Sexual assault, level 2, weapon or bodily harm",46,2.63
2022,Manitoba,"Sexual assault, level 1",46,134.54
2022,Manitoba,Total sexual violations against children,46,54.29
2022,Manitoba,"Assault, level 3, aggravated",46,45.13
2022,Manitoba,"Assault, level 2, weapon or bodily harm",46,525.75
2022,Manitoba,"Assault, level 1",46,943.21
2022,Manitoba,Total robbery,46,196.92
2022,Manitoba,Uttering threats,46,311.16
2022,Manitoba,Total other violent violations,46,21.5
2022,Saskatchewan,Total violent Criminal Code violations,47,2479.66
2022,Saskatchewan,Homicide,47,5.94
2022,Saskatchewan,Total other violations causing death,47,0.08
2022,Saskatchewan,Attempted murder,47,4.27
2022,Saskatchewan,"Sexual assault, level 3, aggravated",47,0.92
2022,Saskatchewan,"Sexual assault, level 2, weapon or bodily harm",47,1.67
2022,Saskatchewan,"Sexual assault, level 1",47,126.46
2022,Saskatchewan,Total sexual violations against children,47,44.61
2022,Saskatchewan,"Assault, level 3, aggravated",47,47.54
2022,Saskatchewan,"Assault, level 2, weapon or bodily harm",47,456.56
2022,Saskatchewan,"Assault, level 1",47,982.67
2022,Saskatchewan,Total robbery,47,92.65
2022,Saskatchewan,Uttering threats,47,324.74
2022,Saskatchewan,Total other violent violations,47,28.46
2022,Alberta,Total violent Criminal Code violations,48,1531.81
2022,Alberta,Homicide,48,2.62
2022,Alberta,Total other violations causing death,48,0.15
2022,Alberta,Attempted murder,48,1.19
2022,Alberta,"Sexual assault, level 3, aggravated",48,0.33
2022,Alberta,"Sexual assault, level 2, weapon or bodily harm",48,2.16
2022,Alberta,"Sexual assault, level 1",48,90.47
2022,Alberta,Total sexual violations against children,48,32.33
2022,Alberta,"Assault, level 3, aggravated",48,18.97
2022,Alberta,"Assault, level 2, weapon or bodily harm",48,251.26
2022,Alberta,"Assault, level 1",48,560.5
2022,Alberta,Total robbery,48,65.2
2022,Alberta,Uttering threats,48,217.74
2022,Alberta,Total other violent violations,48,20.25
2022,British Columbia,Total violent Criminal Code violations,59,1532.64
2022,British Columbia,Homicide,59,2.91
2022,British Columbia,Total other violations causing death,59,0.15
2022,British Columbia,Attempted murder,59,2.26
2022,British Columbia,"Sexual assault, level 3, aggravated",59,0.26
2022,British Columbia,"Sexual assault, level 2, weapon or bodily harm",59,1.22
2022,British Columbia,"Sexual assault, level 1",59,83.86
2022,British Columbia,Total sexual violations against children,59,28.46
2022,British Columbia,"Assault, level 3, aggravated",59,6.62
2022,British Columbia,"Assault, level 2, weapon or bodily harm",59,204.57
2022,British Columbia,"Assault, level 1",59,528.56
2022,British Columbia,Total robbery,59,56.02
2022,British Columbia,Uttering threats,59,296.82
2022,British Columbia,Total other violent violations,59,13.87
2022,Yukon,Total violent Criminal Code violations,60,5170.25
2022,Yukon,Homicide,60,4.57
2022,Yukon,Total other violations causing death,60,0.0
2022,Yukon,Attempted murder,60,6.85
2022,Yukon,"Sexual assault, level 3, aggravated",60,2.28
2022,Yukon,"Sexual assault, level 2, weapon or bodily harm",60,4.57
2022,Yukon,"Sexual assault, level 1",60,299.16
2022,Yukon,Total sexual violations against children,60,43.39
2022,Yukon,"Assault, level 3, aggravated",60,57.09
2022,Yukon,"Assault, level 2, weapon or bodily harm",60,612.03
2022,Yukon,"Assault, level 1",60,2308.8
2022,Yukon,Total robbery,60,79.93
2022,Yukon,Uttering threats,60,950.01
2022,Yukon,Total other violent violations,60,36.54
2022,Northwest Territories,Total violent Criminal Code violations,61,12325.4
2022,Northwest Territories,Homicide,61,6.58
2022,Northwest Territories,Total other violations causing death,61,0.0
2022,Northwest Territories,Attempted murder,61,2.19
2022,Northwest Territories,"Sexual assault, level 3, aggravated",61,2.19
2022,Northwest Territories,"Sexual assault, level 2, weapon or bodily harm",61,8.77
2022,Northwest Territories,"Sexual assault, level 1",61,508.72
2022,Northwest Territories,Total sexual violations against children,61,157.88
2022,Northwest Territories,"Assault, level 3, aggravated",61,118.41
2022,Northwest Territories,"Assault, level 2, weapon or bodily harm",61,1447.21
2022,Northwest Territories,"Assault, level 1",61,6762.42
2022,Northwest Territories,Total robbery,61,118.41
2022,Northwest Territories,Uttering threats,61,1874.79
2022,Northwest Territories,Total other violent violations,61,98.67
2022,Nunavut,Total violent Criminal Code violations,62,12404.38
2022,Nunavut,Homicide,62,2.47
2022,Nunavut,Total other violations causing death,62,2.47
2022,Nunavut,Attempted murder,62,14.81
2022,Nunavut,"Sexual assault, level 3, aggravated",62,7.4
2022,Nunavut,"Sexual assault, level 2, weapon or bodily harm",62,2.47
2022,Nunavut,"Sexual assault, level 1",62,594.68
2022,Nunavut,Total sexual violations against children,62,387.41
2022,Nunavut,"Assault, level 3, aggravated",62,98.7
2022,Nunavut,"Assault, level 2, weapon or bodily harm",62,1811.18
2022,Nunavut,"Assault, level 1",62,6270.05
2022,Nunavut,Total robbery,62,19.74
2022,Nunavut,Uttering threats,62,1872.87
2022,Nunavut,Total other violent violations,62,96.23
