Year,Geography,Violations,GeoCode,Value
2015,Canada,"Total, all violations",,5934.2
2016,Canada,"Total, all violations",,5987.14
2017,Canada,"Total, all violations",,6056.3
2018,Canada,"Total, all violations",,6152.21
2019,Canada,"Total, all violations",,6491.82
2020,Canada,"Total, all violations",,5856.04
2015,Canada,Homicide,,1.71
2016,Canada,Homicide,,1.69
2017,Canada,Homicide,,1.82
2018,Canada,Homicide,,1.78
2019,Canada,Homicide,,1.83
2020,Canada,Homicide,,1.95
2015,Canada,Total other violations causing death,,0.24
2016,Canada,Total other violations causing death,,0.3
2017,Canada,Total other violations causing death,,0.27
2018,Canada,Total other violations causing death,,0.36
2019,Canada,Total other violations causing death,,0.31
2020,Canada,Total other violations causing death,,0.31
2015,Canada,Attempted murder,,2.18
2016,Canada,Attempted murder,,2.18
2017,Canada,Attempted murder,,2.25
2018,Canada,Attempted murder,,2.22
2019,Canada,Attempted murder,,2.33
2020,Canada,Attempted murder,,2.27
2015,Canada,"Sexual assault, level 3, aggravated",,0.29
2016,Canada,"Sexual assault, level 3, aggravated",,0.31
2017,Canada,"Sexual assault, level 3, aggravated",,0.44
2018,Canada,"Sexual assault, level 3, aggravated",,0.43
2019,Canada,"Sexual assault, level 3, aggravated",,0.33
2020,Canada,"Sexual assault, level 3, aggravated",,0.36
2015,Canada,"Sexual assault, level 2, weapon or bodily harm",,1.06
2016,Canada,"Sexual assault, level 2, weapon or bodily harm",,1.09
2017,Canada,"Sexual assault, level 2, weapon or bodily harm",,1.16
2018,Canada,"Sexual assault, level 2, weapon or bodily harm",,1.32
2019,Canada,"Sexual assault, level 2, weapon or bodily harm",,1.42
2020,Canada,"Sexual assault, level 2, weapon or bodily harm",,1.6
2015,Canada,"Sexual assault, level 1",,57.32
2016,Canada,"Sexual assault, level 1",,58.36
2017,Canada,"Sexual assault, level 1",,66.1
2018,Canada,"Sexual assault, level 1",,75.3
2019,Canada,"Sexual assault, level 1",,80.69
2020,Canada,"Sexual assault, level 1",,73.4
2015,Canada,Total sexual violations against children,,14.72
2016,Canada,Total sexual violations against children,,20.31
2017,Canada,Total sexual violations against children,,22.65
2018,Canada,Total sexual violations against children,,24.48
2019,Canada,Total sexual violations against children,,27.5
2020,Canada,Total sexual violations against children,,27.33
2015,Canada,"Assault, level 3, aggravated",,9.3
2016,Canada,"Assault, level 3, aggravated",,9.6
2017,Canada,"Assault, level 3, aggravated",,9.81
2018,Canada,"Assault, level 3, aggravated",,9.67
2019,Canada,"Assault, level 3, aggravated",,10.57
2020,Canada,"Assault, level 3, aggravated",,10.04
2015,Canada,"Assault, level 2, weapon or bodily harm",,132.73
2016,Canada,"Assault, level 2, weapon or bodily harm",,138.32
2017,Canada,"Assault, level 2, weapon or bodily harm",,142.67
2018,Canada,"Assault, level 2, weapon or bodily harm",,146.28
2019,Canada,"Assault, level 2, weapon or bodily harm",,158.82
2020,Canada,"Assault, level 2, weapon or bodily harm",,170.52
2015,Canada,"Assault, level 1",,439.87
2016,Canada,"Assault, level 1",,441.97
2017,Canada,"Assault, level 1",,446.79
2018,Canada,"Assault, level 1",,459.02
2019,Canada,"Assault, level 1",,500.58
2020,Canada,"Assault, level 1",,467.25
2015,Canada,Total robbery,,62.04
2016,Canada,Total robbery,,60.81
2017,Canada,Total robbery,,62.47
2018,Canada,Total robbery,,60.84
2019,Canada,Total robbery,,62.17
2020,Canada,Total robbery,,50.7
2015,Canada,Uttering threats,,175.94
2016,Canada,Uttering threats,,168.68
2017,Canada,Uttering threats,,173.19
2018,Canada,Uttering threats,,180.24
2019,Canada,Uttering threats,,215.01
2020,Canada,Uttering threats,,221.47
2015,Canada,Total other violent violations,,14.16
2016,Canada,Total other violent violations,,14.56
2017,Canada,Total other violent violations,,17.31
2018,Canada,Total other violent violations,,15.94
2019,Canada,Total other violent violations,,19.32
2020,Canada,Total other violent violations,,19.36
2015,Newfoundland and Labrador,"Total, all violations",10,6370.75
2016,Newfoundland and Labrador,"Total, all violations",10,6500.63
2017,Newfoundland and Labrador,"Total, all violations",10,6042.04
2018,Newfoundland and Labrador,"Total, all violations",10,6041.56
2019,Newfoundland and Labrador,"Total, all violations",10,6686.65
2020,Newfoundland and Labrador,"Total, all violations",10,6727.98
2015,Newfoundland and Labrador,Homicide,,0.57
2016,Newfoundland and Labrador,Homicide,,1.32
2017,Newfoundland and Labrador,Homicide,,0.76
2018,Newfoundland and Labrador,Homicide,,0.38
2019,Newfoundland and Labrador,Homicide,,0.96
2020,Newfoundland and Labrador,Homicide,,0.77
2015,Newfoundland and Labrador,Total other violations causing death,,0.0
2016,Newfoundland and Labrador,Total other violations causing death,,0.38
2017,Newfoundland and Labrador,Total other violations causing death,,0.19
2018,Newfoundland and Labrador,Total other violations causing death,,0.38
2019,Newfoundland and Labrador,Total other violations causing death,,0.0
2020,Newfoundland and Labrador,Total other violations causing death,,0.38
2015,Newfoundland and Labrador,Attempted murder,,0.76
2016,Newfoundland and Labrador,Attempted murder,,1.51
2017,Newfoundland and Labrador,Attempted murder,,0.95
2018,Newfoundland and Labrador,Attempted murder,,0.76
2019,Newfoundland and Labrador,Attempted murder,,0.76
2020,Newfoundland and Labrador,Attempted murder,,0.19
2015,Newfoundland and Labrador,"Sexual assault, level 3, aggravated",,0.19
2016,Newfoundland and Labrador,"Sexual assault, level 3, aggravated",,0.0
2017,Newfoundland and Labrador,"Sexual assault, level 3, aggravated",,0.19
2018,Newfoundland and Labrador,"Sexual assault, level 3, aggravated",,0.0
2019,Newfoundland and Labrador,"Sexual assault, level 3, aggravated",,0.0
2020,Newfoundland and Labrador,"Sexual assault, level 3, aggravated",,0.0
2015,Newfoundland and Labrador,"Sexual assault, level 2, weapon or bodily harm",,0.19
2016,Newfoundland and Labrador,"Sexual assault, level 2, weapon or bodily harm",,0.76
2017,Newfoundland and Labrador,"Sexual assault, level 2, weapon or bodily harm",,0.38
2018,Newfoundland and Labrador,"Sexual assault, level 2, weapon or bodily harm",,0.95
2019,Newfoundland and Labrador,"Sexual assault, level 2, weapon or bodily harm",,0.96
2020,Newfoundland and Labrador,"Sexual assault, level 2, weapon or bodily harm",,0.38
2015,Newfoundland and Labrador,"Sexual assault, level 1",,68.55
2016,Newfoundland and Labrador,"Sexual assault, level 1",,56.85
2017,Newfoundland and Labrador,"Sexual assault, level 1",,61.52
2018,Newfoundland and Labrador,"Sexual assault, level 1",,65.64
2019,Newfoundland and Labrador,"Sexual assault, level 1",,73.55
2020,Newfoundland and Labrador,"Sexual assault, level 1",,80.83
2015,Newfoundland and Labrador,Total sexual violations against children,,19.12
2016,Newfoundland and Labrador,Total sexual violations against children,,24.18
2017,Newfoundland and Labrador,Total sexual violations against children,,25.93
2018,Newfoundland and Labrador,Total sexual violations against children,,23.21
2019,Newfoundland and Labrador,Total sexual violations against children,,29.61
2020,Newfoundland and Labrador,Total sexual violations against children,,28.35
2015,Newfoundland and Labrador,"Assault, level 3, aggravated",,7.38
2016,Newfoundland and Labrador,"Assault, level 3, aggravated",,9.26
2017,Newfoundland and Labrador,"Assault, level 3, aggravated",,8.9
2018,Newfoundland and Labrador,"Assault, level 3, aggravated",,6.85
2019,Newfoundland and Labrador,"Assault, level 3, aggravated",,5.73
2020,Newfoundland and Labrador,"Assault, level 3, aggravated",,7.85
2015,Newfoundland and Labrador,"Assault, level 2, weapon or bodily harm",,114.94
2016,Newfoundland and Labrador,"Assault, level 2, weapon or bodily harm",,106.15
2017,Newfoundland and Labrador,"Assault, level 2, weapon or bodily harm",,114.72
2018,Newfoundland and Labrador,"Assault, level 2, weapon or bodily harm",,111.31
2019,Newfoundland and Labrador,"Assault, level 2, weapon or bodily harm",,137.54
2020,Newfoundland and Labrador,"Assault, level 2, weapon or bodily harm",,154.38
2015,Newfoundland and Labrador,"Assault, level 1",,600.44
2016,Newfoundland and Labrador,"Assault, level 1",,577.8
2017,Newfoundland and Labrador,"Assault, level 1",,567.54
2018,Newfoundland and Labrador,"Assault, level 1",,566.82
2019,Newfoundland and Labrador,"Assault, level 1",,638.81
2020,Newfoundland and Labrador,"Assault, level 1",,679.18
2015,Newfoundland and Labrador,Total robbery,,35.41
2016,Newfoundland and Labrador,Total robbery,,42.12
2017,Newfoundland and Labrador,Total robbery,,35.02
2018,Newfoundland and Labrador,Total robbery,,40.91
2019,Newfoundland and Labrador,Total robbery,,31.52
2020,Newfoundland and Labrador,Total robbery,,24.32
2015,Newfoundland and Labrador,Uttering threats,,351.82
2016,Newfoundland and Labrador,Uttering threats,,329.6
2017,Newfoundland and Labrador,Uttering threats,,314.06
2018,Newfoundland and Labrador,Uttering threats,,333.93
2019,Newfoundland and Labrador,Uttering threats,,396.96
2020,Newfoundland and Labrador,Uttering threats,,425.59
2015,Newfoundland and Labrador,Total other violent violations,,9.09
2016,Newfoundland and Labrador,Total other violent violations,,8.31
2017,Newfoundland and Labrador,Total other violent violations,,13.44
2018,Newfoundland and Labrador,Total other violent violations,,18.65
2019,Newfoundland and Labrador,Total other violent violations,,19.1
2020,Newfoundland and Labrador,Total other violent violations,,18.2
2015,Prince Edward Island,"Total, all violations",11,4750.04
2016,Prince Edward Island,"Total, all violations",11,5012.62
2017,Prince Edward Island,"Total, all violations",11,4713.37
2018,Prince Edward Island,"Total, all violations",11,5391.93
2019,Prince Edward Island,"Total, all violations",11,6279.33
2020,Prince Edward Island,"Total, all violations",11,5506.03
2015,Prince Edward Island,Homicide,,0.69
2016,Prince Edward Island,Homicide,,0.0
2017,Prince Edward Island,Homicide,,1.33
2018,Prince Edward Island,Homicide,,0.0
2019,Prince Edward Island,Homicide,,1.27
2020,Prince Edward Island,Homicide,,0.63
2015,Prince Edward Island,Total other violations causing death,,0.0
2016,Prince Edward Island,Total other violations causing death,,0.0
2017,Prince Edward Island,Total other violations causing death,,0.0
2018,Prince Edward Island,Total other violations causing death,,0.0
2019,Prince Edward Island,Total other violations causing death,,0.64
2020,Prince Edward Island,Total other violations causing death,,0.0
2015,Prince Edward Island,Attempted murder,,2.08
2016,Prince Edward Island,Attempted murder,,0.0
2017,Prince Edward Island,Attempted murder,,1.33
2018,Prince Edward Island,Attempted murder,,0.65
2019,Prince Edward Island,Attempted murder,,0.0
2020,Prince Edward Island,Attempted murder,,0.0
2015,Prince Edward Island,"Sexual assault, level 3, aggravated",,0.0
2016,Prince Edward Island,"Sexual assault, level 3, aggravated",,0.0
2017,Prince Edward Island,"Sexual assault, level 3, aggravated",,0.0
2018,Prince Edward Island,"Sexual assault, level 3, aggravated",,0.65
2019,Prince Edward Island,"Sexual assault, level 3, aggravated",,0.0
2020,Prince Edward Island,"Sexual assault, level 3, aggravated",,0.63
2015,Prince Edward Island,"Sexual assault, level 2, weapon or bodily harm",,0.0
2016,Prince Edward Island,"Sexual assault, level 2, weapon or bodily harm",,0.68
2017,Prince Edward Island,"Sexual assault, level 2, weapon or bodily harm",,0.0
2018,Prince Edward Island,"Sexual assault, level 2, weapon or bodily harm",,0.65
2019,Prince Edward Island,"Sexual assault, level 2, weapon or bodily harm",,0.0
2020,Prince Edward Island,"Sexual assault, level 2, weapon or bodily harm",,1.25
2015,Prince Edward Island,"Sexual assault, level 1",,48.43
2016,Prince Edward Island,"Sexual assault, level 1",,48.31
2017,Prince Edward Island,"Sexual assault, level 1",,45.88
2018,Prince Edward Island,"Sexual assault, level 1",,68.45
2019,Prince Edward Island,"Sexual assault, level 1",,83.94
2020,Prince Edward Island,"Sexual assault, level 1",,70.79
2015,Prince Edward Island,Total sexual violations against children,,15.91
2016,Prince Edward Island,Total sexual violations against children,,23.13
2017,Prince Edward Island,Total sexual violations against children,,18.62
2018,Prince Edward Island,Total sexual violations against children,,23.47
2019,Prince Edward Island,Total sexual violations against children,,33.07
2020,Prince Edward Island,Total sexual violations against children,,26.94
2015,Prince Edward Island,"Assault, level 3, aggravated",,4.15
2016,Prince Edward Island,"Assault, level 3, aggravated",,4.08
2017,Prince Edward Island,"Assault, level 3, aggravated",,4.65
2018,Prince Edward Island,"Assault, level 3, aggravated",,1.96
2019,Prince Edward Island,"Assault, level 3, aggravated",,1.91
2020,Prince Edward Island,"Assault, level 3, aggravated",,3.13
2015,Prince Edward Island,"Assault, level 2, weapon or bodily harm",,62.26
2016,Prince Edward Island,"Assault, level 2, weapon or bodily harm",,66.0
2017,Prince Edward Island,"Assault, level 2, weapon or bodily harm",,79.79
2018,Prince Edward Island,"Assault, level 2, weapon or bodily harm",,69.1
2019,Prince Edward Island,"Assault, level 2, weapon or bodily harm",,67.4
2020,Prince Edward Island,"Assault, level 2, weapon or bodily harm",,65.78
2015,Prince Edward Island,"Assault, level 1",,312.7
2016,Prince Edward Island,"Assault, level 1",,335.44
2017,Prince Edward Island,"Assault, level 1",,383.64
2018,Prince Edward Island,"Assault, level 1",,413.96
2019,Prince Edward Island,"Assault, level 1",,467.37
2020,Prince Edward Island,"Assault, level 1",,394.68
2015,Prince Edward Island,Total robbery,,11.07
2016,Prince Edward Island,Total robbery,,12.25
2017,Prince Edward Island,Total robbery,,11.97
2018,Prince Edward Island,Total robbery,,13.69
2019,Prince Edward Island,Total robbery,,15.26
2020,Prince Edward Island,Total robbery,,5.01
2015,Prince Edward Island,Uttering threats,,140.44
2016,Prince Edward Island,Uttering threats,,153.77
2017,Prince Edward Island,Uttering threats,,179.52
2018,Prince Edward Island,Uttering threats,,224.91
2019,Prince Edward Island,Uttering threats,,266.43
2020,Prince Edward Island,Uttering threats,,306.97
2015,Prince Edward Island,Total other violent violations,,13.84
2016,Prince Edward Island,Total other violent violations,,4.08
2017,Prince Edward Island,Total other violent violations,,4.65
2018,Prince Edward Island,Total other violent violations,,14.34
2019,Prince Edward Island,Total other violent violations,,21.62
2020,Prince Edward Island,Total other violent violations,,25.69
2015,Nova Scotia,"Total, all violations",12,5727.24
2016,Nova Scotia,"Total, all violations",12,5589.79
2017,Nova Scotia,"Total, all violations",12,5731.87
2018,Nova Scotia,"Total, all violations",12,5685.69
2019,Nova Scotia,"Total, all violations",12,5873.28
2020,Nova Scotia,"Total, all violations",12,5850.61
2015,Nova Scotia,Homicide,,1.28
2016,Nova Scotia,Homicide,,1.38
2017,Nova Scotia,Homicide,,2.21
2018,Nova Scotia,Homicide,,1.15
2019,Nova Scotia,Homicide,,0.62
2020,Nova Scotia,Homicide,,3.57
2015,Nova Scotia,Total other violations causing death,,0.21
2016,Nova Scotia,Total other violations causing death,,0.32
2017,Nova Scotia,Total other violations causing death,,0.21
2018,Nova Scotia,Total other violations causing death,,0.31
2019,Nova Scotia,Total other violations causing death,,0.82
2020,Nova Scotia,Total other violations causing death,,0.31
2015,Nova Scotia,Attempted murder,,3.52
2016,Nova Scotia,Attempted murder,,2.97
2017,Nova Scotia,Attempted murder,,2.84
2018,Nova Scotia,Attempted murder,,1.98
2019,Nova Scotia,Attempted murder,,4.33
2020,Nova Scotia,Attempted murder,,4.8
2015,Nova Scotia,"Sexual assault, level 3, aggravated",,0.43
2016,Nova Scotia,"Sexual assault, level 3, aggravated",,0.42
2017,Nova Scotia,"Sexual assault, level 3, aggravated",,0.42
2018,Nova Scotia,"Sexual assault, level 3, aggravated",,0.73
2019,Nova Scotia,"Sexual assault, level 3, aggravated",,0.41
2020,Nova Scotia,"Sexual assault, level 3, aggravated",,0.92
2015,Nova Scotia,"Sexual assault, level 2, weapon or bodily harm",,0.75
2016,Nova Scotia,"Sexual assault, level 2, weapon or bodily harm",,0.74
2017,Nova Scotia,"Sexual assault, level 2, weapon or bodily harm",,0.95
2018,Nova Scotia,"Sexual assault, level 2, weapon or bodily harm",,0.73
2019,Nova Scotia,"Sexual assault, level 2, weapon or bodily harm",,1.55
2020,Nova Scotia,"Sexual assault, level 2, weapon or bodily harm",,1.33
2015,Nova Scotia,"Sexual assault, level 1",,69.62
2016,Nova Scotia,"Sexual assault, level 1",,66.08
2017,Nova Scotia,"Sexual assault, level 1",,78.1
2018,Nova Scotia,"Sexual assault, level 1",,107.89
2019,Nova Scotia,"Sexual assault, level 1",,91.05
2020,Nova Scotia,"Sexual assault, level 1",,86.18
2015,Nova Scotia,Total sexual violations against children,,21.14
2016,Nova Scotia,Total sexual violations against children,,23.23
2017,Nova Scotia,Total sexual violations against children,,26.73
2018,Nova Scotia,Total sexual violations against children,,27.13
2019,Nova Scotia,Total sexual violations against children,,32.28
2020,Nova Scotia,Total sexual violations against children,,31.35
2015,Nova Scotia,"Assault, level 3, aggravated",,9.5
2016,Nova Scotia,"Assault, level 3, aggravated",,9.12
2017,Nova Scotia,"Assault, level 3, aggravated",,8.95
2018,Nova Scotia,"Assault, level 3, aggravated",,8.35
2019,Nova Scotia,"Assault, level 3, aggravated",,10.83
2020,Nova Scotia,"Assault, level 3, aggravated",,6.74
2015,Nova Scotia,"Assault, level 2, weapon or bodily harm",,112.44
2016,Nova Scotia,"Assault, level 2, weapon or bodily harm",,111.37
2017,Nova Scotia,"Assault, level 2, weapon or bodily harm",,113.88
2018,Nova Scotia,"Assault, level 2, weapon or bodily harm",,111.85
2019,Nova Scotia,"Assault, level 2, weapon or bodily harm",,119.41
2020,Nova Scotia,"Assault, level 2, weapon or bodily harm",,144.08
2015,Nova Scotia,"Assault, level 1",,461.17
2016,Nova Scotia,"Assault, level 1",,446.23
2017,Nova Scotia,"Assault, level 1",,482.79
2018,Nova Scotia,"Assault, level 1",,480.17
2019,Nova Scotia,"Assault, level 1",,512.92
2020,Nova Scotia,"Assault, level 1",,521.16
2015,Nova Scotia,Total robbery,,34.28
2016,Nova Scotia,Total robbery,,28.74
2017,Nova Scotia,Total robbery,,32.52
2018,Nova Scotia,Total robbery,,32.76
2019,Nova Scotia,Total robbery,,24.65
2020,Nova Scotia,Total robbery,,27.26
2015,Nova Scotia,Uttering threats,,260.11
2016,Nova Scotia,Uttering threats,,244.27
2017,Nova Scotia,Uttering threats,,255.87
2018,Nova Scotia,Uttering threats,,252.09
2019,Nova Scotia,Uttering threats,,314.72
2020,Nova Scotia,Uttering threats,,361.16
2015,Nova Scotia,Total other violent violations,,16.23
2016,Nova Scotia,Total other violent violations,,15.8
2017,Nova Scotia,Total other violent violations,,16.21
2018,Nova Scotia,Total other violent violations,,18.47
2019,Nova Scotia,Total other violent violations,,26.5
2020,Nova Scotia,Total other violent violations,,30.33
2015,New Brunswick,"Total, all violations",13,5478.74
2016,New Brunswick,"Total, all violations",13,5276.22
2017,New Brunswick,"Total, all violations",13,5753.3
2018,New Brunswick,"Total, all violations",13,6055.68
2019,New Brunswick,"Total, all violations",13,6752.37
2020,New Brunswick,"Total, all violations",13,6763.36
2015,New Brunswick,Homicide,,1.45
2016,New Brunswick,Homicide,,1.44
2017,New Brunswick,Homicide,,1.3
2018,New Brunswick,Homicide,,1.69
2019,New Brunswick,Homicide,,2.19
2020,New Brunswick,Homicide,,1.79
2015,New Brunswick,Total other violations causing death,,0.13
2016,New Brunswick,Total other violations causing death,,0.39
2017,New Brunswick,Total other violations causing death,,0.0
2018,New Brunswick,Total other violations causing death,,0.52
2019,New Brunswick,Total other violations causing death,,0.39
2020,New Brunswick,Total other violations causing death,,0.64
2015,New Brunswick,Attempted murder,,2.24
2016,New Brunswick,Attempted murder,,0.92
2017,New Brunswick,Attempted murder,,0.78
2018,New Brunswick,Attempted murder,,1.17
2019,New Brunswick,Attempted murder,,2.19
2020,New Brunswick,Attempted murder,,1.28
2015,New Brunswick,"Sexual assault, level 3, aggravated",,0.13
2016,New Brunswick,"Sexual assault, level 3, aggravated",,0.13
2017,New Brunswick,"Sexual assault, level 3, aggravated",,0.0
2018,New Brunswick,"Sexual assault, level 3, aggravated",,0.26
2019,New Brunswick,"Sexual assault, level 3, aggravated",,0.13
2020,New Brunswick,"Sexual assault, level 3, aggravated",,0.38
2015,New Brunswick,"Sexual assault, level 2, weapon or bodily harm",,0.66
2016,New Brunswick,"Sexual assault, level 2, weapon or bodily harm",,0.92
2017,New Brunswick,"Sexual assault, level 2, weapon or bodily harm",,0.39
2018,New Brunswick,"Sexual assault, level 2, weapon or bodily harm",,0.78
2019,New Brunswick,"Sexual assault, level 2, weapon or bodily harm",,0.9
2020,New Brunswick,"Sexual assault, level 2, weapon or bodily harm",,0.9
2015,New Brunswick,"Sexual assault, level 1",,54.29
2016,New Brunswick,"Sexual assault, level 1",,56.07
2017,New Brunswick,"Sexual assault, level 1",,67.05
2018,New Brunswick,"Sexual assault, level 1",,71.4
2019,New Brunswick,"Sexual assault, level 1",,80.45
2020,New Brunswick,"Sexual assault, level 1",,76.78
2015,New Brunswick,Total sexual violations against children,,18.84
2016,New Brunswick,Total sexual violations against children,,23.97
2017,New Brunswick,Total sexual violations against children,,23.22
2018,New Brunswick,Total sexual violations against children,,24.93
2019,New Brunswick,Total sexual violations against children,,29.48
2020,New Brunswick,Total sexual violations against children,,27.26
2015,New Brunswick,"Assault, level 3, aggravated",,6.46
2016,New Brunswick,"Assault, level 3, aggravated",,6.94
2017,New Brunswick,"Assault, level 3, aggravated",,5.74
2018,New Brunswick,"Assault, level 3, aggravated",,9.09
2019,New Brunswick,"Assault, level 3, aggravated",,9.53
2020,New Brunswick,"Assault, level 3, aggravated",,9.09
2015,New Brunswick,"Assault, level 2, weapon or bodily harm",,102.79
2016,New Brunswick,"Assault, level 2, weapon or bodily harm",,121.44
2017,New Brunswick,"Assault, level 2, weapon or bodily harm",,123.79
2018,New Brunswick,"Assault, level 2, weapon or bodily harm",,129.82
2019,New Brunswick,"Assault, level 2, weapon or bodily harm",,142.37
2020,New Brunswick,"Assault, level 2, weapon or bodily harm",,152.02
2015,New Brunswick,"Assault, level 1",,500.37
2016,New Brunswick,"Assault, level 1",,496.89
2017,New Brunswick,"Assault, level 1",,522.03
2018,New Brunswick,"Assault, level 1",,561.86
2019,New Brunswick,"Assault, level 1",,643.22
2020,New Brunswick,"Assault, level 1",,641.22
2015,New Brunswick,Total robbery,,20.16
2016,New Brunswick,Total robbery,,30.26
2017,New Brunswick,Total robbery,,27.52
2018,New Brunswick,Total robbery,,26.48
2019,New Brunswick,Total robbery,,21.63
2020,New Brunswick,Total robbery,,17.15
2015,New Brunswick,Uttering threats,,273.84
2016,New Brunswick,Uttering threats,,256.5
2017,New Brunswick,Uttering threats,,274.06
2018,New Brunswick,Uttering threats,,292.61
2019,New Brunswick,Uttering threats,,342.01
2020,New Brunswick,Uttering threats,,371.35
2015,New Brunswick,Total other violent violations,,9.75
2016,New Brunswick,Total other violent violations,,12.18
2017,New Brunswick,Total other violent violations,,16.04
2018,New Brunswick,Total other violent violations,,15.06
2019,New Brunswick,Total other violent violations,,32.7
2020,New Brunswick,Total other violent violations,,21.88
2015,Quebec,"Total, all violations",24,4252.49
2016,Quebec,"Total, all violations",24,4232.93
2017,Quebec,"Total, all violations",24,4329.65
2018,Quebec,"Total, all violations",24,4164.85
2019,Quebec,"Total, all violations",24,4065.71
2020,Quebec,"Total, all violations",24,3592.83
2015,Quebec,Homicide,,0.97
2016,Quebec,Homicide,,0.81
2017,Quebec,Homicide,,1.12
2018,Quebec,Homicide,,0.99
2019,Quebec,Homicide,,0.91
2020,Quebec,Homicide,,1.01
2015,Quebec,Total other violations causing death,,0.21
2016,Quebec,Total other violations causing death,,0.3
2017,Quebec,Total other violations causing death,,0.35
2018,Quebec,Total other violations causing death,,0.51
2019,Quebec,Total other violations causing death,,0.53
2020,Quebec,Total other violations causing death,,0.49
2015,Quebec,Attempted murder,,2.5
2016,Quebec,Attempted murder,,2.3
2017,Quebec,Attempted murder,,2.78
2018,Quebec,Attempted murder,,2.21
2019,Quebec,Attempted murder,,2.39
2020,Quebec,Attempted murder,,2.9
2015,Quebec,"Sexual assault, level 3, aggravated",,0.4
2016,Quebec,"Sexual assault, level 3, aggravated",,0.22
2017,Quebec,"Sexual assault, level 3, aggravated",,0.41
2018,Quebec,"Sexual assault, level 3, aggravated",,0.42
2019,Quebec,"Sexual assault, level 3, aggravated",,0.29
2020,Quebec,"Sexual assault, level 3, aggravated",,0.38
2015,Quebec,"Sexual assault, level 2, weapon or bodily harm",,1.11
2016,Quebec,"Sexual assault, level 2, weapon or bodily harm",,1.11
2017,Quebec,"Sexual assault, level 2, weapon or bodily harm",,1.2
2018,Quebec,"Sexual assault, level 2, weapon or bodily harm",,1.17
2019,Quebec,"Sexual assault, level 2, weapon or bodily harm",,1.32
2020,Quebec,"Sexual assault, level 2, weapon or bodily harm",,1.4
2015,Quebec,"Sexual assault, level 1",,45.98
2016,Quebec,"Sexual assault, level 1",,52.7
2017,Quebec,"Sexual assault, level 1",,62.0
2018,Quebec,"Sexual assault, level 1",,65.86
2019,Quebec,"Sexual assault, level 1",,68.47
2020,Quebec,"Sexual assault, level 1",,69.48
2015,Quebec,Total sexual violations against children,,20.88
2016,Quebec,Total sexual violations against children,,24.97
2017,Quebec,Total sexual violations against children,,30.34
2018,Quebec,Total sexual violations against children,,32.2
2019,Quebec,Total sexual violations against children,,35.5
2020,Quebec,Total sexual violations against children,,35.34
2015,Quebec,"Assault, level 3, aggravated",,3.19
2016,Quebec,"Assault, level 3, aggravated",,3.57
2017,Quebec,"Assault, level 3, aggravated",,3.66
2018,Quebec,"Assault, level 3, aggravated",,3.33
2019,Quebec,"Assault, level 3, aggravated",,3.56
2020,Quebec,"Assault, level 3, aggravated",,2.99
2015,Quebec,"Assault, level 2, weapon or bodily harm",,114.69
2016,Quebec,"Assault, level 2, weapon or bodily harm",,122.77
2017,Quebec,"Assault, level 2, weapon or bodily harm",,122.29
2018,Quebec,"Assault, level 2, weapon or bodily harm",,122.53
2019,Quebec,"Assault, level 2, weapon or bodily harm",,131.74
2020,Quebec,"Assault, level 2, weapon or bodily harm",,136.47
2015,Quebec,"Assault, level 1",,371.28
2016,Quebec,"Assault, level 1",,399.1
2017,Quebec,"Assault, level 1",,403.54
2018,Quebec,"Assault, level 1",,409.93
2019,Quebec,"Assault, level 1",,431.31
2020,Quebec,"Assault, level 1",,411.99
2015,Quebec,Total robbery,,49.37
2016,Quebec,Total robbery,,45.45
2017,Quebec,Total robbery,,43.95
2018,Quebec,Total robbery,,38.56
2019,Quebec,Total robbery,,40.39
2020,Quebec,Total robbery,,32.2
2015,Quebec,Uttering threats,,189.31
2016,Quebec,Uttering threats,,185.49
2017,Quebec,Uttering threats,,203.4
2018,Quebec,Uttering threats,,206.29
2019,Quebec,Uttering threats,,211.73
2020,Quebec,Uttering threats,,217.03
2015,Quebec,Total other violent violations,,23.06
2016,Quebec,Total other violent violations,,24.61
2017,Quebec,Total other violent violations,,27.97
2018,Quebec,Total other violent violations,,28.15
2019,Quebec,Total other violent violations,,29.37
2020,Quebec,Total other violent violations,,29.72
2015,Ontario,"Total, all violations",35,4021.58
2016,Ontario,"Total, all violations",35,4090.89
2017,Ontario,"Total, all violations",35,4259.47
2018,Ontario,"Total, all violations",35,4509.15
2019,Ontario,"Total, all violations",35,4544.1
2020,Ontario,"Total, all violations",35,4044.17
2015,Ontario,Homicide,,1.27
2016,Ontario,Homicide,,1.48
2017,Ontario,Homicide,,1.4
2018,Ontario,Homicide,,1.9
2019,Ontario,Homicide,,1.74
2020,Ontario,Homicide,,1.59
2015,Ontario,Total other violations causing death,,0.22
2016,Ontario,Total other violations causing death,,0.26
2017,Ontario,Total other violations causing death,,0.21
2018,Ontario,Total other violations causing death,,0.36
2019,Ontario,Total other violations causing death,,0.2
2020,Ontario,Total other violations causing death,,0.19
2015,Ontario,Attempted murder,,1.84
2016,Ontario,Attempted murder,,1.88
2017,Ontario,Attempted murder,,2.04
2018,Ontario,Attempted murder,,2.64
2019,Ontario,Attempted murder,,2.39
2020,Ontario,Attempted murder,,2.19
2015,Ontario,"Sexual assault, level 3, aggravated",,0.15
2016,Ontario,"Sexual assault, level 3, aggravated",,0.25
2017,Ontario,"Sexual assault, level 3, aggravated",,0.41
2018,Ontario,"Sexual assault, level 3, aggravated",,0.26
2019,Ontario,"Sexual assault, level 3, aggravated",,0.21
2020,Ontario,"Sexual assault, level 3, aggravated",,0.18
2015,Ontario,"Sexual assault, level 2, weapon or bodily harm",,0.98
2016,Ontario,"Sexual assault, level 2, weapon or bodily harm",,1.05
2017,Ontario,"Sexual assault, level 2, weapon or bodily harm",,1.07
2018,Ontario,"Sexual assault, level 2, weapon or bodily harm",,1.23
2019,Ontario,"Sexual assault, level 2, weapon or bodily harm",,1.49
2020,Ontario,"Sexual assault, level 2, weapon or bodily harm",,1.68
2015,Ontario,"Sexual assault, level 1",,53.8
2016,Ontario,"Sexual assault, level 1",,53.58
2017,Ontario,"Sexual assault, level 1",,62.42
2018,Ontario,"Sexual assault, level 1",,73.86
2019,Ontario,"Sexual assault, level 1",,74.54
2020,Ontario,"Sexual assault, level 1",,63.18
2015,Ontario,Total sexual violations against children,,8.12
2016,Ontario,Total sexual violations against children,,14.62
2017,Ontario,Total sexual violations against children,,15.0
2018,Ontario,Total sexual violations against children,,15.92
2019,Ontario,Total sexual violations against children,,15.94
2020,Ontario,Total sexual violations against children,,16.56
2015,Ontario,"Assault, level 3, aggravated",,7.4
2016,Ontario,"Assault, level 3, aggravated",,7.71
2017,Ontario,"Assault, level 3, aggravated",,7.67
2018,Ontario,"Assault, level 3, aggravated",,7.37
2019,Ontario,"Assault, level 3, aggravated",,7.8
2020,Ontario,"Assault, level 3, aggravated",,7.1
2015,Ontario,"Assault, level 2, weapon or bodily harm",,89.76
2016,Ontario,"Assault, level 2, weapon or bodily harm",,96.16
2017,Ontario,"Assault, level 2, weapon or bodily harm",,101.45
2018,Ontario,"Assault, level 2, weapon or bodily harm",,107.56
2019,Ontario,"Assault, level 2, weapon or bodily harm",,109.72
2020,Ontario,"Assault, level 2, weapon or bodily harm",,117.65
2015,Ontario,"Assault, level 1",,324.98
2016,Ontario,"Assault, level 1",,327.93
2017,Ontario,"Assault, level 1",,337.51
2018,Ontario,"Assault, level 1",,357.94
2019,Ontario,"Assault, level 1",,371.04
2020,Ontario,"Assault, level 1",,328.88
2015,Ontario,Total robbery,,55.77
2016,Ontario,Total robbery,,59.64
2017,Ontario,Total robbery,,65.86
2018,Ontario,Total robbery,,61.84
2019,Ontario,Total robbery,,61.49
2020,Ontario,Total robbery,,48.3
2015,Ontario,Uttering threats,,109.27
2016,Ontario,Uttering threats,,105.82
2017,Ontario,Uttering threats,,113.82
2018,Ontario,Uttering threats,,125.33
2019,Ontario,Uttering threats,,135.17
2020,Ontario,Uttering threats,,140.11
2015,Ontario,Total other violent violations,,11.14
2016,Ontario,Total other violent violations,,11.27
2017,Ontario,Total other violent violations,,14.61
2018,Ontario,Total other violent violations,,10.77
2019,Ontario,Total other violent violations,,13.08
2020,Ontario,Total other violent violations,,13.64
2015,Manitoba,"Total, all violations",46,8925.91
2016,Manitoba,"Total, all violations",46,9507.82
2017,Manitoba,"Total, all violations",46,9758.09
2018,Manitoba,"Total, all violations",46,9998.34
2019,Manitoba,"Total, all violations",46,10863.72
2020,Manitoba,"Total, all violations",46,10114.89
2015,Manitoba,Homicide,,3.64
2016,Manitoba,Homicide,,3.2
2017,Manitoba,Homicide,,3.52
2018,Manitoba,Homicide,,4.07
2019,Manitoba,Homicide,,5.26
2020,Manitoba,Homicide,,4.5
2015,Manitoba,Total other violations causing death,,0.39
2016,Manitoba,Total other violations causing death,,0.38
2017,Manitoba,Total other violations causing death,,0.45
2018,Manitoba,Total other violations causing death,,0.37
2019,Manitoba,Total other violations causing death,,0.22
2020,Manitoba,Total other violations causing death,,0.29
2015,Manitoba,Attempted murder,,2.4
2016,Manitoba,Attempted murder,,3.27
2017,Manitoba,Attempted murder,,3.07
2018,Manitoba,Attempted murder,,2.66
2019,Manitoba,Attempted murder,,2.04
2020,Manitoba,Attempted murder,,1.38
2015,Manitoba,"Sexual assault, level 3, aggravated",,0.62
2016,Manitoba,"Sexual assault, level 3, aggravated",,0.53
2017,Manitoba,"Sexual assault, level 3, aggravated",,1.05
2018,Manitoba,"Sexual assault, level 3, aggravated",,1.33
2019,Manitoba,"Sexual assault, level 3, aggravated",,0.51
2020,Manitoba,"Sexual assault, level 3, aggravated",,0.36
2015,Manitoba,"Sexual assault, level 2, weapon or bodily harm",,2.4
2016,Manitoba,"Sexual assault, level 2, weapon or bodily harm",,2.28
2017,Manitoba,"Sexual assault, level 2, weapon or bodily harm",,1.95
2018,Manitoba,"Sexual assault, level 2, weapon or bodily harm",,1.77
2019,Manitoba,"Sexual assault, level 2, weapon or bodily harm",,2.19
2020,Manitoba,"Sexual assault, level 2, weapon or bodily harm",,2.97
2015,Manitoba,"Sexual assault, level 1",,102.15
2016,Manitoba,"Sexual assault, level 1",,105.62
2017,Manitoba,"Sexual assault, level 1",,103.76
2018,Manitoba,"Sexual assault, level 1",,107.85
2019,Manitoba,"Sexual assault, level 1",,120.92
2020,Manitoba,"Sexual assault, level 1",,114.05
2015,Manitoba,Total sexual violations against children,,20.43
2016,Manitoba,Total sexual violations against children,,37.9
2017,Manitoba,Total sexual violations against children,,39.41
2018,Manitoba,Total sexual violations against children,,43.61
2019,Manitoba,Total sexual violations against children,,47.83
2020,Manitoba,Total sexual violations against children,,51.04
2015,Manitoba,"Assault, level 3, aggravated",,30.57
2016,Manitoba,"Assault, level 3, aggravated",,35.16
2017,Manitoba,"Assault, level 3, aggravated",,36.19
2018,Manitoba,"Assault, level 3, aggravated",,36.59
2019,Manitoba,"Assault, level 3, aggravated",,40.89
2020,Manitoba,"Assault, level 3, aggravated",,35.02
2015,Manitoba,"Assault, level 2, weapon or bodily harm",,314.42
2016,Manitoba,"Assault, level 2, weapon or bodily harm",,347.3
2017,Manitoba,"Assault, level 2, weapon or bodily harm",,360.58
2018,Manitoba,"Assault, level 2, weapon or bodily harm",,366.94
2019,Manitoba,"Assault, level 2, weapon or bodily harm",,410.87
2020,Manitoba,"Assault, level 2, weapon or bodily harm",,416.16
2015,Manitoba,"Assault, level 1",,793.98
2016,Manitoba,"Assault, level 1",,834.08
2017,Manitoba,"Assault, level 1",,840.81
2018,Manitoba,"Assault, level 1",,813.78
2019,Manitoba,"Assault, level 1",,880.37
2020,Manitoba,"Assault, level 1",,858.28
2015,Manitoba,Total robbery,,129.08
2016,Manitoba,Total robbery,,156.91
2017,Manitoba,Total robbery,,176.81
2018,Manitoba,Total robbery,,197.44
2019,Manitoba,Total robbery,,196.56
2020,Manitoba,Total robbery,,162.41
2015,Manitoba,Uttering threats,,248.56
2016,Manitoba,Uttering threats,,248.15
2017,Manitoba,Uttering threats,,244.83
2018,Manitoba,Uttering threats,,245.71
2019,Manitoba,Uttering threats,,284.11
2020,Manitoba,Uttering threats,,267.17
2015,Manitoba,Total other violent violations,,11.92
2016,Manitoba,Total other violent violations,,11.87
2017,Manitoba,Total other violent violations,,13.49
2018,Manitoba,Total other violent violations,,14.78
2019,Manitoba,Total other violent violations,,21.83
2020,Manitoba,Total other violent violations,,18.27
2015,Saskatchewan,"Total, all violations",47,12919.2
2016,Saskatchewan,"Total, all violations",47,13510.63
2017,Saskatchewan,"Total, all violations",47,12983.31
2018,Saskatchewan,"Total, all violations",47,12665.28
2019,Saskatchewan,"Total, all violations",47,12897.62
2020,Saskatchewan,"Total, all violations",47,12224.26
2015,Saskatchewan,Homicide,,3.93
2016,Saskatchewan,Homicide,,4.75
2017,Saskatchewan,Homicide,,3.3
2018,Saskatchewan,Homicide,,2.93
2019,Saskatchewan,Homicide,,4.69
2020,Saskatchewan,Homicide,,5.09
2015,Saskatchewan,Total other violations causing death,,0.54
2016,Saskatchewan,Total other violations causing death,,0.62
2017,Saskatchewan,Total other violations causing death,,0.52
2018,Saskatchewan,Total other violations causing death,,0.09
2019,Saskatchewan,Total other violations causing death,,0.26
2020,Saskatchewan,Total other violations causing death,,0.25
2015,Saskatchewan,Attempted murder,,2.5
2016,Saskatchewan,Attempted murder,,5.72
2017,Saskatchewan,Attempted murder,,3.65
2018,Saskatchewan,Attempted murder,,3.1
2019,Saskatchewan,Attempted murder,,6.06
2020,Saskatchewan,Attempted murder,,3.9
2015,Saskatchewan,"Sexual assault, level 3, aggravated",,0.62
2016,Saskatchewan,"Sexual assault, level 3, aggravated",,1.5
2017,Saskatchewan,"Sexual assault, level 3, aggravated",,0.61
2018,Saskatchewan,"Sexual assault, level 3, aggravated",,1.46
2019,Saskatchewan,"Sexual assault, level 3, aggravated",,1.28
2020,Saskatchewan,"Sexual assault, level 3, aggravated",,0.93
2015,Saskatchewan,"Sexual assault, level 2, weapon or bodily harm",,1.43
2016,Saskatchewan,"Sexual assault, level 2, weapon or bodily harm",,1.5
2017,Saskatchewan,"Sexual assault, level 2, weapon or bodily harm",,1.83
2018,Saskatchewan,"Sexual assault, level 2, weapon or bodily harm",,1.38
2019,Saskatchewan,"Sexual assault, level 2, weapon or bodily harm",,1.19
2020,Saskatchewan,"Sexual assault, level 2, weapon or bodily harm",,1.7
2015,Saskatchewan,"Sexual assault, level 1",,97.06
2016,Saskatchewan,"Sexual assault, level 1",,101.59
2017,Saskatchewan,"Sexual assault, level 1",,98.41
2018,Saskatchewan,"Sexual assault, level 1",,108.03
2019,Saskatchewan,"Sexual assault, level 1",,122.58
2020,Saskatchewan,"Sexual assault, level 1",,109.95
2015,Saskatchewan,Total sexual violations against children,,29.62
2016,Saskatchewan,Total sexual violations against children,,33.8
2017,Saskatchewan,Total sexual violations against children,,39.38
2018,Saskatchewan,Total sexual violations against children,,34.26
2019,Saskatchewan,Total sexual violations against children,,45.55
2020,Saskatchewan,Total sexual violations against children,,46.83
2015,Saskatchewan,"Assault, level 3, aggravated",,32.56
2016,Saskatchewan,"Assault, level 3, aggravated",,36.44
2017,Saskatchewan,"Assault, level 3, aggravated",,33.99
2018,Saskatchewan,"Assault, level 3, aggravated",,33.23
2019,Saskatchewan,"Assault, level 3, aggravated",,38.3
2020,Saskatchewan,"Assault, level 3, aggravated",,40.89
2015,Saskatchewan,"Assault, level 2, weapon or bodily harm",,344.79
2016,Saskatchewan,"Assault, level 2, weapon or bodily harm",,340.58
2017,Saskatchewan,"Assault, level 2, weapon or bodily harm",,349.64
2018,Saskatchewan,"Assault, level 2, weapon or bodily harm",,328.47
2019,Saskatchewan,"Assault, level 2, weapon or bodily harm",,360.06
2020,Saskatchewan,"Assault, level 2, weapon or bodily harm",,425.22
2015,Saskatchewan,"Assault, level 1",,939.28
2016,Saskatchewan,"Assault, level 1",,932.76
2017,Saskatchewan,"Assault, level 1",,929.91
2018,Saskatchewan,"Assault, level 1",,864.72
2019,Saskatchewan,"Assault, level 1",,960.76
2020,Saskatchewan,"Assault, level 1",,942.41
2015,Saskatchewan,Total robbery,,87.6
2016,Saskatchewan,Total robbery,,88.82
2017,Saskatchewan,Total robbery,,89.19
2018,Saskatchewan,Total robbery,,85.65
2019,Saskatchewan,Total robbery,,95.11
2020,Saskatchewan,Total robbery,,80.26
2015,Saskatchewan,Uttering threats,,272.35
2016,Saskatchewan,Uttering threats,,270.07
2017,Saskatchewan,Uttering threats,,271.66
2018,Saskatchewan,Uttering threats,,259.09
2019,Saskatchewan,Uttering threats,,314.25
2020,Saskatchewan,Uttering threats,,345.98
2015,Saskatchewan,Total other violent violations,,16.77
2016,Saskatchewan,Total other violent violations,,16.02
2017,Saskatchewan,Total other violent violations,,20.43
2018,Saskatchewan,Total other violent violations,,19.19
2019,Saskatchewan,Total other violent violations,,31.48
2020,Saskatchewan,Total other violent violations,,26.47
2015,Alberta,"Total, all violations",48,8916.56
2016,Alberta,"Total, all violations",48,9025.97
2017,Alberta,"Total, all violations",48,9335.17
2018,Alberta,"Total, all violations",48,9392.19
2019,Alberta,"Total, all violations",48,10026.65
2020,Alberta,"Total, all violations",48,8722.11
2015,Alberta,Homicide,,3.21
2016,Alberta,Homicide,,2.76
2017,Alberta,Homicide,,2.81
2018,Alberta,Homicide,,1.88
2019,Alberta,Homicide,,2.29
2020,Alberta,Homicide,,3.14
2015,Alberta,Total other violations causing death,,0.12
2016,Alberta,Total other violations causing death,,0.19
2017,Alberta,Total other violations causing death,,0.35
2018,Alberta,Total other violations causing death,,0.05
2019,Alberta,Total other violations causing death,,0.05
2020,Alberta,Total other violations causing death,,0.25
2015,Alberta,Attempted murder,,1.64
2016,Alberta,Attempted murder,,1.31
2017,Alberta,Attempted murder,,1.41
2018,Alberta,Attempted murder,,1.23
2019,Alberta,Attempted murder,,1.22
2020,Alberta,Attempted murder,,1.27
2015,Alberta,"Sexual assault, level 3, aggravated",,0.17
2016,Alberta,"Sexual assault, level 3, aggravated",,0.24
2017,Alberta,"Sexual assault, level 3, aggravated",,0.33
2018,Alberta,"Sexual assault, level 3, aggravated",,0.54
2019,Alberta,"Sexual assault, level 3, aggravated",,0.62
2020,Alberta,"Sexual assault, level 3, aggravated",,0.57
2015,Alberta,"Sexual assault, level 2, weapon or bodily harm",,1.09
2016,Alberta,"Sexual assault, level 2, weapon or bodily harm",,1.22
2017,Alberta,"Sexual assault, level 2, weapon or bodily harm",,1.74
2018,Alberta,"Sexual assault, level 2, weapon or bodily harm",,2.07
2019,Alberta,"Sexual assault, level 2, weapon or bodily harm",,1.81
2020,Alberta,"Sexual assault, level 2, weapon or bodily harm",,2.26
2015,Alberta,"Sexual assault, level 1",,67.54
2016,Alberta,"Sexual assault, level 1",,64.47
2017,Alberta,"Sexual assault, level 1",,70.24
2018,Alberta,"Sexual assault, level 1",,79.96
2019,Alberta,"Sexual assault, level 1",,88.73
2020,Alberta,"Sexual assault, level 1",,77.34
2015,Alberta,Total sexual violations against children,,14.6
2016,Alberta,Total sexual violations against children,,19.54
2017,Alberta,Total sexual violations against children,,21.95
2018,Alberta,Total sexual violations against children,,27.48
2019,Alberta,Total sexual violations against children,,32.01
2020,Alberta,Total sexual violations against children,,30.67
2015,Alberta,"Assault, level 3, aggravated",,16.7
2016,Alberta,"Assault, level 3, aggravated",,15.18
2017,Alberta,"Assault, level 3, aggravated",,16.08
2018,Alberta,"Assault, level 3, aggravated",,17.05
2019,Alberta,"Assault, level 3, aggravated",,19.14
2020,Alberta,"Assault, level 3, aggravated",,20.33
2015,Alberta,"Assault, level 2, weapon or bodily harm",,180.12
2016,Alberta,"Assault, level 2, weapon or bodily harm",,182.91
2017,Alberta,"Assault, level 2, weapon or bodily harm",,197.31
2018,Alberta,"Assault, level 2, weapon or bodily harm",,201.62
2019,Alberta,"Assault, level 2, weapon or bodily harm",,214.89
2020,Alberta,"Assault, level 2, weapon or bodily harm",,232.05
2015,Alberta,"Assault, level 1",,558.26
2016,Alberta,"Assault, level 1",,545.68
2017,Alberta,"Assault, level 1",,541.51
2018,Alberta,"Assault, level 1",,546.38
2019,Alberta,"Assault, level 1",,567.49
2020,Alberta,"Assault, level 1",,520.91
2015,Alberta,Total robbery,,82.74
2016,Alberta,Total robbery,,73.81
2017,Alberta,Total robbery,,76.94
2018,Alberta,Total robbery,,81.22
2019,Alberta,Total robbery,,83.71
2020,Alberta,Total robbery,,66.17
2015,Alberta,Uttering threats,,194.14
2016,Alberta,Uttering threats,,183.7
2017,Alberta,Uttering threats,,180.05
2018,Alberta,Uttering threats,,173.93
2019,Alberta,Uttering threats,,210.06
2020,Alberta,Uttering threats,,216.18
2015,Alberta,Total other violent violations,,11.34
2016,Alberta,Total other violent violations,,12.3
2017,Alberta,Total other violent violations,,14.57
2018,Alberta,Total other violent violations,,12.63
2019,Alberta,Total other violent violations,,15.66
2020,Alberta,Total other violent violations,,17.73
2015,British Columbia,"Total, all violations",59,8608.09
2016,British Columbia,"Total, all violations",59,8488.51
2017,British Columbia,"Total, all violations",59,8090.02
2018,British Columbia,"Total, all violations",59,8250.95
2019,British Columbia,"Total, all violations",59,9573.92
2020,British Columbia,"Total, all violations",59,8532.04
2015,British Columbia,Homicide,,2.03
2016,British Columbia,Homicide,,1.81
2017,British Columbia,Homicide,,2.41
2018,British Columbia,Homicide,,1.8
2019,British Columbia,Homicide,,1.77
2020,British Columbia,Homicide,,1.9
2015,British Columbia,Total other violations causing death,,0.38
2016,British Columbia,Total other violations causing death,,0.39
2017,British Columbia,Total other violations causing death,,0.22
2018,British Columbia,Total other violations causing death,,0.42
2019,British Columbia,Total other violations causing death,,0.47
2020,British Columbia,Total other violations causing death,,0.39
2015,British Columbia,Attempted murder,,2.7
2016,British Columbia,Attempted murder,,2.45
2017,British Columbia,Attempted murder,,2.33
2018,British Columbia,Attempted murder,,1.76
2019,British Columbia,Attempted murder,,1.98
2020,British Columbia,Attempted murder,,1.98
2015,British Columbia,"Sexual assault, level 3, aggravated",,0.4
2016,British Columbia,"Sexual assault, level 3, aggravated",,0.39
2017,British Columbia,"Sexual assault, level 3, aggravated",,0.57
2018,British Columbia,"Sexual assault, level 3, aggravated",,0.16
2019,British Columbia,"Sexual assault, level 3, aggravated",,0.2
2020,British Columbia,"Sexual assault, level 3, aggravated",,0.35
2015,British Columbia,"Sexual assault, level 2, weapon or bodily harm",,0.84
2016,British Columbia,"Sexual assault, level 2, weapon or bodily harm",,0.72
2017,British Columbia,"Sexual assault, level 2, weapon or bodily harm",,0.63
2018,British Columbia,"Sexual assault, level 2, weapon or bodily harm",,1.28
2019,British Columbia,"Sexual assault, level 2, weapon or bodily harm",,1.06
2020,British Columbia,"Sexual assault, level 2, weapon or bodily harm",,0.89
2015,British Columbia,"Sexual assault, level 1",,46.69
2016,British Columbia,"Sexual assault, level 1",,46.47
2017,British Columbia,"Sexual assault, level 1",,54.49
2018,British Columbia,"Sexual assault, level 1",,64.13
2019,British Columbia,"Sexual assault, level 1",,80.3
2020,British Columbia,"Sexual assault, level 1",,73.26
2015,British Columbia,Total sexual violations against children,,13.71
2016,British Columbia,Total sexual violations against children,,16.96
2017,British Columbia,Total sexual violations against children,,20.0
2018,British Columbia,Total sexual violations against children,,22.63
2019,British Columbia,Total sexual violations against children,,28.93
2020,British Columbia,Total sexual violations against children,,26.69
2015,British Columbia,"Assault, level 3, aggravated",,6.93
2016,British Columbia,"Assault, level 3, aggravated",,6.67
2017,British Columbia,"Assault, level 3, aggravated",,7.3
2018,British Columbia,"Assault, level 3, aggravated",,6.67
2019,British Columbia,"Assault, level 3, aggravated",,6.72
2020,British Columbia,"Assault, level 3, aggravated",,6.31
2015,British Columbia,"Assault, level 2, weapon or bodily harm",,144.54
2016,British Columbia,"Assault, level 2, weapon or bodily harm",,139.9
2017,British Columbia,"Assault, level 2, weapon or bodily harm",,138.9
2018,British Columbia,"Assault, level 2, weapon or bodily harm",,146.35
2019,British Columbia,"Assault, level 2, weapon or bodily harm",,176.12
2020,British Columbia,"Assault, level 2, weapon or bodily harm",,191.48
2015,British Columbia,"Assault, level 1",,466.75
2016,British Columbia,"Assault, level 1",,431.24
2017,British Columbia,"Assault, level 1",,418.59
2018,British Columbia,"Assault, level 1",,449.62
2019,British Columbia,"Assault, level 1",,577.0
2020,British Columbia,"Assault, level 1",,531.34
2015,British Columbia,Total robbery,,76.31
2016,British Columbia,Total robbery,,61.08
2017,British Columbia,Total robbery,,50.45
2018,British Columbia,Total robbery,,49.54
2019,British Columbia,Total robbery,,56.3
2020,British Columbia,Total robbery,,51.95
2015,British Columbia,Uttering threats,,215.27
2016,British Columbia,Uttering threats,,195.44
2017,British Columbia,Uttering threats,,175.68
2018,British Columbia,Uttering threats,,193.65
2019,British Columbia,Uttering threats,,321.96
2020,British Columbia,Uttering threats,,317.85
2015,British Columbia,Total other violent violations,,10.15
2016,British Columbia,Total other violent violations,,9.88
2017,British Columbia,Total other violent violations,,10.16
2018,British Columbia,Total other violent violations,,11.38
2019,British Columbia,Total other violent violations,,15.16
2020,British Columbia,Total other violent violations,,14.51
2015,Yukon,"Total, all violations",60,25794.64
2016,Yukon,"Total, all violations",60,23542.69
2017,Yukon,"Total, all violations",60,22191.13
2018,Yukon,"Total, all violations",60,21638.39
2019,Yukon,"Total, all violations",60,26390.53
2020,Yukon,"Total, all violations",60,25818.03
2015,Yukon,Homicide,,2.65
2016,Yukon,Homicide,,10.38
2017,Yukon,Homicide,,20.17
2018,Yukon,Homicide,,7.39
2019,Yukon,Homicide,,2.41
2020,Yukon,Homicide,,0.0
2015,Yukon,Total other violations causing death,,0.0
2016,Yukon,Total other violations causing death,,0.0
2017,Yukon,Total other violations causing death,,0.0
2018,Yukon,Total other violations causing death,,0.0
2019,Yukon,Total other violations causing death,,0.0
2020,Yukon,Total other violations causing death,,0.0
2015,Yukon,Attempted murder,,10.61
2016,Yukon,Attempted murder,,5.19
2017,Yukon,Attempted murder,,5.04
2018,Yukon,Attempted murder,,4.92
2019,Yukon,Attempted murder,,2.41
2020,Yukon,Attempted murder,,7.13
2015,Yukon,"Sexual assault, level 3, aggravated",,0.0
2016,Yukon,"Sexual assault, level 3, aggravated",,2.59
2017,Yukon,"Sexual assault, level 3, aggravated",,0.0
2018,Yukon,"Sexual assault, level 3, aggravated",,4.92
2019,Yukon,"Sexual assault, level 3, aggravated",,2.41
2020,Yukon,"Sexual assault, level 3, aggravated",,7.13
2015,Yukon,"Sexual assault, level 2, weapon or bodily harm",,2.65
2016,Yukon,"Sexual assault, level 2, weapon or bodily harm",,0.0
2017,Yukon,"Sexual assault, level 2, weapon or bodily harm",,2.52
2018,Yukon,"Sexual assault, level 2, weapon or bodily harm",,4.92
2019,Yukon,"Sexual assault, level 2, weapon or bodily harm",,4.82
2020,Yukon,"Sexual assault, level 2, weapon or bodily harm",,2.38
2015,Yukon,"Sexual assault, level 1",,204.3
2016,Yukon,"Sexual assault, level 1",,210.13
2017,Yukon,"Sexual assault, level 1",,163.86
2018,Yukon,"Sexual assault, level 1",,196.98
2019,Yukon,"Sexual assault, level 1",,298.96
2020,Yukon,"Sexual assault, level 1",,275.85
2015,Yukon,Total sexual violations against children,,68.98
2016,Yukon,Total sexual violations against children,,54.48
2017,Yukon,Total sexual violations against children,,40.33
2018,Yukon,Total sexual violations against children,,68.94
2019,Yukon,Total sexual violations against children,,67.51
2020,Yukon,Total sexual violations against children,,64.21
2015,Yukon,"Assault, level 3, aggravated",,58.37
2016,Yukon,"Assault, level 3, aggravated",,38.91
2017,Yukon,"Assault, level 3, aggravated",,37.81
2018,Yukon,"Assault, level 3, aggravated",,29.55
2019,Yukon,"Assault, level 3, aggravated",,28.93
2020,Yukon,"Assault, level 3, aggravated",,68.96
2015,Yukon,"Assault, level 2, weapon or bodily harm",,419.21
2016,Yukon,"Assault, level 2, weapon or bodily harm",,456.59
2017,Yukon,"Assault, level 2, weapon or bodily harm",,347.88
2018,Yukon,"Assault, level 2, weapon or bodily harm",,514.61
2019,Yukon,"Assault, level 2, weapon or bodily harm",,520.77
2020,Yukon,"Assault, level 2, weapon or bodily harm",,444.69
2015,Yukon,"Assault, level 1",,2098.7
2016,Yukon,"Assault, level 1",,2049.45
2017,Yukon,"Assault, level 1",,1893.17
2018,Yukon,"Assault, level 1",,1979.66
2019,Yukon,"Assault, level 1",,2495.36
2020,Yukon,"Assault, level 1",,2444.59
2015,Yukon,Total robbery,,58.37
2016,Yukon,Total robbery,,62.26
2017,Yukon,Total robbery,,30.25
2018,Yukon,Total robbery,,39.4
2019,Yukon,Total robbery,,53.04
2020,Yukon,Total robbery,,54.69
2015,Yukon,Uttering threats,,697.8
2016,Yukon,Uttering threats,,658.94
2017,Yukon,Uttering threats,,688.19
2018,Yukon,Uttering threats,,635.26
2019,Yukon,Uttering threats,,961.98
2020,Yukon,Uttering threats,,901.27
2015,Yukon,Total other violent violations,,21.23
2016,Yukon,Total other violent violations,,28.54
2017,Yukon,Total other violent violations,,45.38
2018,Yukon,Total other violent violations,,12.31
2019,Yukon,Total other violent violations,,38.58
2020,Yukon,Total other violent violations,,68.96
2015,Northwest Territories,"Total, all violations",61,47229.69
2016,Northwest Territories,"Total, all violations",61,43320.12
2017,Northwest Territories,"Total, all violations",61,44536.77
2018,Northwest Territories,"Total, all violations",61,45461.42
2019,Northwest Territories,"Total, all violations",61,55469.93
2020,Northwest Territories,"Total, all violations",61,60421.6
2015,Northwest Territories,Homicide,,11.3
2016,Northwest Territories,Homicide,,6.72
2017,Northwest Territories,Homicide,,4.46
2018,Northwest Territories,Homicide,,13.34
2019,Northwest Territories,Homicide,,4.44
2020,Northwest Territories,Homicide,,13.29
2015,Northwest Territories,Total other violations causing death,,0.0
2016,Northwest Territories,Total other violations causing death,,0.0
2017,Northwest Territories,Total other violations causing death,,0.0
2018,Northwest Territories,Total other violations causing death,,0.0
2019,Northwest Territories,Total other violations causing death,,0.0
2020,Northwest Territories,Total other violations causing death,,0.0
2015,Northwest Territories,Attempted murder,,6.78
2016,Northwest Territories,Attempted murder,,0.0
2017,Northwest Territories,Attempted murder,,2.23
2018,Northwest Territories,Attempted murder,,2.22
2019,Northwest Territories,Attempted murder,,2.22
2020,Northwest Territories,Attempted murder,,2.21
2015,Northwest Territories,"Sexual assault, level 3, aggravated",,2.26
2016,Northwest Territories,"Sexual assault, level 3, aggravated",,2.24
2017,Northwest Territories,"Sexual assault, level 3, aggravated",,2.23
2018,Northwest Territories,"Sexual assault, level 3, aggravated",,2.22
2019,Northwest Territories,"Sexual assault, level 3, aggravated",,4.44
2020,Northwest Territories,"Sexual assault, level 3, aggravated",,0.0
2015,Northwest Territories,"Sexual assault, level 2, weapon or bodily harm",,13.56
2016,Northwest Territories,"Sexual assault, level 2, weapon or bodily harm",,15.68
2017,Northwest Territories,"Sexual assault, level 2, weapon or bodily harm",,11.14
2018,Northwest Territories,"Sexual assault, level 2, weapon or bodily harm",,0.0
2019,Northwest Territories,"Sexual assault, level 2, weapon or bodily harm",,2.22
2020,Northwest Territories,"Sexual assault, level 2, weapon or bodily harm",,6.64
2015,Northwest Territories,"Sexual assault, level 1",,363.95
2016,Northwest Territories,"Sexual assault, level 1",,293.4
2017,Northwest Territories,"Sexual assault, level 1",,405.43
2018,Northwest Territories,"Sexual assault, level 1",,360.15
2019,Northwest Territories,"Sexual assault, level 1",,575.2
2020,Northwest Territories,"Sexual assault, level 1",,540.29
2015,Northwest Territories,Total sexual violations against children,,90.42
2016,Northwest Territories,Total sexual violations against children,,85.11
2017,Northwest Territories,Total sexual violations against children,,122.52
2018,Northwest Territories,Total sexual violations against children,,140.06
2019,Northwest Territories,Total sexual violations against children,,142.13
2020,Northwest Territories,Total sexual violations against children,,112.93
2015,Northwest Territories,"Assault, level 3, aggravated",,72.34
2016,Northwest Territories,"Assault, level 3, aggravated",,49.27
2017,Northwest Territories,"Assault, level 3, aggravated",,75.74
2018,Northwest Territories,"Assault, level 3, aggravated",,84.48
2019,Northwest Territories,"Assault, level 3, aggravated",,95.5
2020,Northwest Territories,"Assault, level 3, aggravated",,88.57
2015,Northwest Territories,"Assault, level 2, weapon or bodily harm",,849.97
2016,Northwest Territories,"Assault, level 2, weapon or bodily harm",,891.4
2017,Northwest Territories,"Assault, level 2, weapon or bodily harm",,948.97
2018,Northwest Territories,"Assault, level 2, weapon or bodily harm",,878.15
2019,Northwest Territories,"Assault, level 2, weapon or bodily harm",,1125.97
2020,Northwest Territories,"Assault, level 2, weapon or bodily harm",,1262.15
2015,Northwest Territories,"Assault, level 1",,4265.66
2016,Northwest Territories,"Assault, level 1",,4353.96
2017,Northwest Territories,"Assault, level 1",,4876.26
2018,Northwest Territories,"Assault, level 1",,5113.27
2019,Northwest Territories,"Assault, level 1",,6200.59
2020,Northwest Territories,"Assault, level 1",,6200.04
2015,Northwest Territories,Total robbery,,61.03
2016,Northwest Territories,Total robbery,,69.43
2017,Northwest Territories,Total robbery,,66.83
2018,Northwest Territories,Total robbery,,86.7
2019,Northwest Territories,Total robbery,,79.95
2020,Northwest Territories,Total robbery,,75.29
2015,Northwest Territories,Uttering threats,,1118.97
2016,Northwest Territories,Uttering threats,,1218.39
2017,Northwest Territories,Uttering threats,,1187.32
2018,Northwest Territories,Uttering threats,,1204.95
2019,Northwest Territories,Uttering threats,,1747.8
2020,Northwest Territories,Uttering threats,,2008.37
2015,Northwest Territories,Total other violent violations,,36.17
2016,Northwest Territories,Total other violent violations,,44.79
2017,Northwest Territories,Total other violent violations,,53.46
2018,Northwest Territories,Total other violent violations,,48.91
2019,Northwest Territories,Total other violent violations,,102.16
2020,Northwest Territories,Total other violent violations,,79.71
2015,Nunavut,"Total, all violations",62,34482.57
2016,Nunavut,"Total, all violations",62,35935.09
2017,Nunavut,"Total, all violations",62,36912.05
2018,Nunavut,"Total, all violations",62,40093.86
2019,Nunavut,"Total, all violations",62,49158.34
2020,Nunavut,"Total, all violations",62,53284.37
2015,Nunavut,Homicide,,5.48
2016,Nunavut,Homicide,,2.7
2017,Nunavut,Homicide,,15.98
2018,Nunavut,Homicide,,20.97
2019,Nunavut,Homicide,,18.13
2020,Nunavut,Homicide,,7.62
2015,Nunavut,Total other violations causing death,,0.0
2016,Nunavut,Total other violations causing death,,0.0
2017,Nunavut,Total other violations causing death,,0.0
2018,Nunavut,Total other violations causing death,,0.0
2019,Nunavut,Total other violations causing death,,0.0
2020,Nunavut,Total other violations causing death,,0.0
2015,Nunavut,Attempted murder,,2.74
2016,Nunavut,Attempted murder,,24.34
2017,Nunavut,Attempted murder,,5.33
2018,Nunavut,Attempted murder,,20.97
2019,Nunavut,Attempted murder,,15.54
2020,Nunavut,Attempted murder,,17.79
2015,Nunavut,"Sexual assault, level 3, aggravated",,2.74
2016,Nunavut,"Sexual assault, level 3, aggravated",,0.0
2017,Nunavut,"Sexual assault, level 3, aggravated",,0.0
2018,Nunavut,"Sexual assault, level 3, aggravated",,18.35
2019,Nunavut,"Sexual assault, level 3, aggravated",,5.18
2020,Nunavut,"Sexual assault, level 3, aggravated",,2.54
2015,Nunavut,"Sexual assault, level 2, weapon or bodily harm",,5.48
2016,Nunavut,"Sexual assault, level 2, weapon or bodily harm",,0.0
2017,Nunavut,"Sexual assault, level 2, weapon or bodily harm",,2.66
2018,Nunavut,"Sexual assault, level 2, weapon or bodily harm",,5.24
2019,Nunavut,"Sexual assault, level 2, weapon or bodily harm",,0.0
2020,Nunavut,"Sexual assault, level 2, weapon or bodily harm",,15.25
2015,Nunavut,"Sexual assault, level 1",,441.24
2016,Nunavut,"Sexual assault, level 1",,440.84
2017,Nunavut,"Sexual assault, level 1",,396.85
2018,Nunavut,"Sexual assault, level 1",,437.83
2019,Nunavut,"Sexual assault, level 1",,554.2
2020,Nunavut,"Sexual assault, level 1",,581.91
2015,Nunavut,Total sexual violations against children,,134.29
2016,Nunavut,Total sexual violations against children,,278.57
2017,Nunavut,Total sexual violations against children,,218.4
2018,Nunavut,Total sexual violations against children,,230.71
2019,Nunavut,Total sexual violations against children,,266.74
2020,Nunavut,Total sexual violations against children,,363.38
2015,Nunavut,"Assault, level 3, aggravated",,65.78
2016,Nunavut,"Assault, level 3, aggravated",,91.95
2017,Nunavut,"Assault, level 3, aggravated",,141.16
2018,Nunavut,"Assault, level 3, aggravated",,165.17
2019,Nunavut,"Assault, level 3, aggravated",,214.95
2020,Nunavut,"Assault, level 3, aggravated",,188.04
2015,Nunavut,"Assault, level 2, weapon or bodily harm",,951.0
2016,Nunavut,"Assault, level 2, weapon or bodily harm",,1046.65
2017,Nunavut,"Assault, level 2, weapon or bodily harm",,910.88
2018,Nunavut,"Assault, level 2, weapon or bodily harm",,1014.6
2019,Nunavut,"Assault, level 2, weapon or bodily harm",,1411.41
2020,Nunavut,"Assault, level 2, weapon or bodily harm",,1611.06
2015,Nunavut,"Assault, level 1",,4138.35
2016,Nunavut,"Assault, level 1",,4235.29
2017,Nunavut,"Assault, level 1",,4434.56
2018,Nunavut,"Assault, level 1",,4624.7
2019,Nunavut,"Assault, level 1",,5767.34
2020,Nunavut,"Assault, level 1",,5961.43
2015,Nunavut,Total robbery,,52.07
2016,Nunavut,Total robbery,,27.05
2017,Nunavut,Total robbery,,39.95
2018,Nunavut,Total robbery,,34.08
2019,Nunavut,Total robbery,,38.85
2020,Nunavut,Total robbery,,27.95
2015,Nunavut,Uttering threats,,1189.43
2016,Nunavut,Uttering threats,,1092.63
2017,Nunavut,Uttering threats,,1158.58
2018,Nunavut,Uttering threats,,1200.74
2019,Nunavut,Uttering threats,,1675.56
2020,Nunavut,Uttering threats,,2025.26
2015,Nunavut,Total other violent violations,,74.0
2016,Nunavut,Total other violent violations,,37.86
2017,Nunavut,Total other violent violations,,47.94
2018,Nunavut,Total other violent violations,,73.41
2019,Nunavut,Total other violent violations,,88.05
2020,Nunavut,Total other violent violations,,86.4
