Year,Geography,data.Living arrangement,data.Household food security status,Value
2015-2016,Canada,data.Total all living arrangements,data.Food secure,
2017-2018,Canada,data.Total all living arrangements,data.Food secure,87.3
2015-2016,Canada,data.Total all living arrangements,data.Food insecure marginal,
2017-2018,Canada,data.Total all living arrangements,data.Food insecure marginal,4.0
2015-2016,Canada,data.Total all living arrangements,data.Food insecure moderate and severe,
2017-2018,Canada,data.Total all living arrangements,data.Food insecure moderate and severe,8.7
2015-2016,Canada,data.Female living alone,data.Food secure,
2017-2018,Canada,data.Female living alone,data.Food secure,83.8
2015-2016,Canada,data.Female living alone,data.Food insecure marginal,
2017-2018,Canada,data.Female living alone,data.Food insecure marginal,4.1
2015-2016,Canada,data.Female living alone,data.Food insecure moderate and severe,
2017-2018,Canada,data.Female living alone,data.Food insecure moderate and severe,12.1
2015-2016,Canada,data.Male living alone,data.Food secure,
2017-2018,Canada,data.Male living alone,data.Food secure,83.3
2015-2016,Canada,data.Male living alone,data.Food insecure marginal,
2017-2018,Canada,data.Male living alone,data.Food insecure marginal,4.7
2015-2016,Canada,data.Male living alone,data.Food insecure moderate and severe,
2017-2018,Canada,data.Male living alone,data.Food insecure moderate and severe,12.0
2015-2016,Canada,data.Couple no children,data.Food secure,
2017-2018,Canada,data.Couple no children,data.Food secure,94.3
2015-2016,Canada,data.Couple no children,data.Food insecure marginal,
2017-2018,Canada,data.Couple no children,data.Food insecure marginal,2.3
2015-2016,Canada,data.Couple no children,data.Food insecure moderate and severe,
2017-2018,Canada,data.Couple no children,data.Food insecure moderate and severe,3.4
2015-2016,Canada,data.Couple with child(ren) less than 18 years old,data.Food secure,
2017-2018,Canada,data.Couple with child(ren) less than 18 years old,data.Food secure,88.2
2015-2016,Canada,data.Couple with child(ren) less than 18 years old,data.Food insecure marginal,
2017-2018,Canada,data.Couple with child(ren) less than 18 years old,data.Food insecure marginal,4.4
2015-2016,Canada,data.Couple with child(ren) less than 18 years old,data.Food insecure moderate and severe,
2017-2018,Canada,data.Couple with child(ren) less than 18 years old,data.Food insecure moderate and severe,7.3
2015-2016,Canada,data.Female lone parent with child(ren) less than 18 years old,data.Food secure,
2017-2018,Canada,data.Female lone parent with child(ren) less than 18 years old,data.Food secure,66.9
2015-2016,Canada,data.Female lone parent with child(ren) less than 18 years old,data.Food insecure marginal,
2017-2018,Canada,data.Female lone parent with child(ren) less than 18 years old,data.Food insecure marginal,8.0
2015-2016,Canada,data.Female lone parent with child(ren) less than 18 years old,data.Food insecure moderate and severe,
2017-2018,Canada,data.Female lone parent with child(ren) less than 18 years old,data.Food insecure moderate and severe,25.1
2015-2016,Canada,data.Male lone parent with child(ren) less than 18 years old,data.Food secure,
2017-2018,Canada,data.Male lone parent with child(ren) less than 18 years old,data.Food secure,78.4
2015-2016,Canada,data.Male lone parent with child(ren) less than 18 years old,data.Food insecure marginal,
2017-2018,Canada,data.Male lone parent with child(ren) less than 18 years old,data.Food insecure marginal,5.3
2015-2016,Canada,data.Male lone parent with child(ren) less than 18 years old,data.Food insecure moderate and severe,
2017-2018,Canada,data.Male lone parent with child(ren) less than 18 years old,data.Food insecure moderate and severe,16.3
2015-2016,Canada,data.Other living arrangements,data.Food secure,
2017-2018,Canada,data.Other living arrangements,data.Food secure,86.2
2015-2016,Canada,data.Other living arrangements,data.Food insecure marginal,
2017-2018,Canada,data.Other living arrangements,data.Food insecure marginal,4.5
2015-2016,Canada,data.Other living arrangements,data.Food insecure moderate and severe,
2017-2018,Canada,data.Other living arrangements,data.Food insecure moderate and severe,9.3
2015-2016,Newfoundland and Labrador,data.Total all living arrangements,data.Food secure,
2017-2018,Newfoundland and Labrador,data.Total all living arrangements,data.Food secure,85.3
2015-2016,Newfoundland and Labrador,data.Total all living arrangements,data.Food insecure marginal,
2017-2018,Newfoundland and Labrador,data.Total all living arrangements,data.Food insecure marginal,4.7
2015-2016,Newfoundland and Labrador,data.Total all living arrangements,data.Food insecure moderate and severe,
2017-2018,Newfoundland and Labrador,data.Total all living arrangements,data.Food insecure moderate and severe,10.1
2015-2016,Newfoundland and Labrador,data.Female living alone,data.Food secure,
2017-2018,Newfoundland and Labrador,data.Female living alone,data.Food secure,74.4
2015-2016,Newfoundland and Labrador,data.Female living alone,data.Food insecure marginal,
2017-2018,Newfoundland and Labrador,data.Female living alone,data.Food insecure marginal,7.3
2015-2016,Newfoundland and Labrador,data.Female living alone,data.Food insecure moderate and severe,
2017-2018,Newfoundland and Labrador,data.Female living alone,data.Food insecure moderate and severe,18.3
2015-2016,Newfoundland and Labrador,data.Male living alone,data.Food secure,
2017-2018,Newfoundland and Labrador,data.Male living alone,data.Food secure,77.7
2015-2016,Newfoundland and Labrador,data.Male living alone,data.Food insecure marginal,
2017-2018,Newfoundland and Labrador,data.Male living alone,data.Food insecure marginal,6.8
2015-2016,Newfoundland and Labrador,data.Male living alone,data.Food insecure moderate and severe,
2017-2018,Newfoundland and Labrador,data.Male living alone,data.Food insecure moderate and severe,15.5
2015-2016,Newfoundland and Labrador,data.Couple no children,data.Food secure,
2017-2018,Newfoundland and Labrador,data.Couple no children,data.Food secure,93.4
2015-2016,Newfoundland and Labrador,data.Couple no children,data.Food insecure marginal,
2017-2018,Newfoundland and Labrador,data.Couple no children,data.Food insecure marginal,3.6
2015-2016,Newfoundland and Labrador,data.Couple no children,data.Food insecure moderate and severe,
2017-2018,Newfoundland and Labrador,data.Couple no children,data.Food insecure moderate and severe,3.1
2015-2016,Newfoundland and Labrador,data.Couple with child(ren) less than 18 years old,data.Food secure,
2017-2018,Newfoundland and Labrador,data.Couple with child(ren) less than 18 years old,data.Food secure,88.5
2015-2016,Newfoundland and Labrador,data.Couple with child(ren) less than 18 years old,data.Food insecure marginal,
2017-2018,Newfoundland and Labrador,data.Couple with child(ren) less than 18 years old,data.Food insecure marginal,3.9
2015-2016,Newfoundland and Labrador,data.Couple with child(ren) less than 18 years old,data.Food insecure moderate and severe,
2017-2018,Newfoundland and Labrador,data.Couple with child(ren) less than 18 years old,data.Food insecure moderate and severe,7.6
2015-2016,Newfoundland and Labrador,data.Female lone parent with child(ren) less than 18 years old,data.Food secure,
2017-2018,Newfoundland and Labrador,data.Female lone parent with child(ren) less than 18 years old,data.Food secure,54.5
2015-2016,Newfoundland and Labrador,data.Female lone parent with child(ren) less than 18 years old,data.Food insecure marginal,
2017-2018,Newfoundland and Labrador,data.Female lone parent with child(ren) less than 18 years old,data.Food insecure marginal,8.9
2015-2016,Newfoundland and Labrador,data.Female lone parent with child(ren) less than 18 years old,data.Food insecure moderate and severe,
2017-2018,Newfoundland and Labrador,data.Female lone parent with child(ren) less than 18 years old,data.Food insecure moderate and severe,36.6
2015-2016,Newfoundland and Labrador,data.Male lone parent with child(ren) less than 18 years old,data.Food secure,
2017-2018,Newfoundland and Labrador,data.Male lone parent with child(ren) less than 18 years old,data.Food secure,84.0
2015-2016,Newfoundland and Labrador,data.Male lone parent with child(ren) less than 18 years old,data.Food insecure marginal,
2017-2018,Newfoundland and Labrador,data.Male lone parent with child(ren) less than 18 years old,data.Food insecure marginal,
2015-2016,Newfoundland and Labrador,data.Male lone parent with child(ren) less than 18 years old,data.Food insecure moderate and severe,
2017-2018,Newfoundland and Labrador,data.Male lone parent with child(ren) less than 18 years old,data.Food insecure moderate and severe,
2015-2016,Newfoundland and Labrador,data.Other living arrangements,data.Food secure,
2017-2018,Newfoundland and Labrador,data.Other living arrangements,data.Food secure,86.5
2015-2016,Newfoundland and Labrador,data.Other living arrangements,data.Food insecure marginal,
2017-2018,Newfoundland and Labrador,data.Other living arrangements,data.Food insecure marginal,3.7
2015-2016,Newfoundland and Labrador,data.Other living arrangements,data.Food insecure moderate and severe,
2017-2018,Newfoundland and Labrador,data.Other living arrangements,data.Food insecure moderate and severe,9.9
2015-2016,Prince Edward Island,data.Total all living arrangements,data.Food secure,85.4
2017-2018,Prince Edward Island,data.Total all living arrangements,data.Food secure,86.0
2015-2016,Prince Edward Island,data.Total all living arrangements,data.Food insecure marginal,3.7
2017-2018,Prince Edward Island,data.Total all living arrangements,data.Food insecure marginal,4.0
2015-2016,Prince Edward Island,data.Total all living arrangements,data.Food insecure moderate and severe,10.9
2017-2018,Prince Edward Island,data.Total all living arrangements,data.Food insecure moderate and severe,9.9
2015-2016,Prince Edward Island,data.Female living alone,data.Food secure,83.3
2017-2018,Prince Edward Island,data.Female living alone,data.Food secure,81.8
2015-2016,Prince Edward Island,data.Female living alone,data.Food insecure marginal,3.4
2017-2018,Prince Edward Island,data.Female living alone,data.Food insecure marginal,3.6
2015-2016,Prince Edward Island,data.Female living alone,data.Food insecure moderate and severe,13.4
2017-2018,Prince Edward Island,data.Female living alone,data.Food insecure moderate and severe,14.6
2015-2016,Prince Edward Island,data.Male living alone,data.Food secure,77.8
2017-2018,Prince Edward Island,data.Male living alone,data.Food secure,79.7
2015-2016,Prince Edward Island,data.Male living alone,data.Food insecure marginal,6.2
2017-2018,Prince Edward Island,data.Male living alone,data.Food insecure marginal,6.7
2015-2016,Prince Edward Island,data.Male living alone,data.Food insecure moderate and severe,16.0
2017-2018,Prince Edward Island,data.Male living alone,data.Food insecure moderate and severe,13.7
2015-2016,Prince Edward Island,data.Couple no children,data.Food secure,92.5
2017-2018,Prince Edward Island,data.Couple no children,data.Food secure,91.9
2015-2016,Prince Edward Island,data.Couple no children,data.Food insecure marginal,3.3
2017-2018,Prince Edward Island,data.Couple no children,data.Food insecure marginal,2.7
2015-2016,Prince Edward Island,data.Couple no children,data.Food insecure moderate and severe,4.2
2017-2018,Prince Edward Island,data.Couple no children,data.Food insecure moderate and severe,5.5
2015-2016,Prince Edward Island,data.Couple with child(ren) less than 18 years old,data.Food secure,86.4
2017-2018,Prince Edward Island,data.Couple with child(ren) less than 18 years old,data.Food secure,88.9
2015-2016,Prince Edward Island,data.Couple with child(ren) less than 18 years old,data.Food insecure marginal,
2017-2018,Prince Edward Island,data.Couple with child(ren) less than 18 years old,data.Food insecure marginal,3.5
2015-2016,Prince Edward Island,data.Couple with child(ren) less than 18 years old,data.Food insecure moderate and severe,10.2
2017-2018,Prince Edward Island,data.Couple with child(ren) less than 18 years old,data.Food insecure moderate and severe,7.6
2015-2016,Prince Edward Island,data.Female lone parent with child(ren) less than 18 years old,data.Food secure,45.0
2017-2018,Prince Edward Island,data.Female lone parent with child(ren) less than 18 years old,data.Food secure,60.3
2015-2016,Prince Edward Island,data.Female lone parent with child(ren) less than 18 years old,data.Food insecure marginal,
2017-2018,Prince Edward Island,data.Female lone parent with child(ren) less than 18 years old,data.Food insecure marginal,
2015-2016,Prince Edward Island,data.Female lone parent with child(ren) less than 18 years old,data.Food insecure moderate and severe,49.4
2017-2018,Prince Edward Island,data.Female lone parent with child(ren) less than 18 years old,data.Food insecure moderate and severe,30.4
2015-2016,Prince Edward Island,data.Male lone parent with child(ren) less than 18 years old,data.Food secure,
2017-2018,Prince Edward Island,data.Male lone parent with child(ren) less than 18 years old,data.Food secure,
2015-2016,Prince Edward Island,data.Male lone parent with child(ren) less than 18 years old,data.Food insecure marginal,
2017-2018,Prince Edward Island,data.Male lone parent with child(ren) less than 18 years old,data.Food insecure marginal,
2015-2016,Prince Edward Island,data.Male lone parent with child(ren) less than 18 years old,data.Food insecure moderate and severe,
2017-2018,Prince Edward Island,data.Male lone parent with child(ren) less than 18 years old,data.Food insecure moderate and severe,
2015-2016,Prince Edward Island,data.Other living arrangements,data.Food secure,89.6
2017-2018,Prince Edward Island,data.Other living arrangements,data.Food secure,85.1
2015-2016,Prince Edward Island,data.Other living arrangements,data.Food insecure marginal,3.3
2017-2018,Prince Edward Island,data.Other living arrangements,data.Food insecure marginal,4.7
2015-2016,Prince Edward Island,data.Other living arrangements,data.Food insecure moderate and severe,7.1
2017-2018,Prince Edward Island,data.Other living arrangements,data.Food insecure moderate and severe,10.2
2015-2016,Nova Scotia,data.Total all living arrangements,data.Food secure,83.1
2017-2018,Nova Scotia,data.Total all living arrangements,data.Food secure,84.7
2015-2016,Nova Scotia,data.Total all living arrangements,data.Food insecure marginal,5.2
2017-2018,Nova Scotia,data.Total all living arrangements,data.Food insecure marginal,4.4
2015-2016,Nova Scotia,data.Total all living arrangements,data.Food insecure moderate and severe,11.7
2017-2018,Nova Scotia,data.Total all living arrangements,data.Food insecure moderate and severe,11.0
2015-2016,Nova Scotia,data.Female living alone,data.Food secure,77.6
2017-2018,Nova Scotia,data.Female living alone,data.Food secure,80.1
2015-2016,Nova Scotia,data.Female living alone,data.Food insecure marginal,6.9
2017-2018,Nova Scotia,data.Female living alone,data.Food insecure marginal,6.2
2015-2016,Nova Scotia,data.Female living alone,data.Food insecure moderate and severe,15.5
2017-2018,Nova Scotia,data.Female living alone,data.Food insecure moderate and severe,13.7
2015-2016,Nova Scotia,data.Male living alone,data.Food secure,78.7
2017-2018,Nova Scotia,data.Male living alone,data.Food secure,77.4
2015-2016,Nova Scotia,data.Male living alone,data.Food insecure marginal,5.5
2017-2018,Nova Scotia,data.Male living alone,data.Food insecure marginal,4.8
2015-2016,Nova Scotia,data.Male living alone,data.Food insecure moderate and severe,15.8
2017-2018,Nova Scotia,data.Male living alone,data.Food insecure moderate and severe,17.8
2015-2016,Nova Scotia,data.Couple no children,data.Food secure,92.8
2017-2018,Nova Scotia,data.Couple no children,data.Food secure,93.2
2015-2016,Nova Scotia,data.Couple no children,data.Food insecure marginal,2.7
2017-2018,Nova Scotia,data.Couple no children,data.Food insecure marginal,2.3
2015-2016,Nova Scotia,data.Couple no children,data.Food insecure moderate and severe,4.6
2017-2018,Nova Scotia,data.Couple no children,data.Food insecure moderate and severe,4.6
2015-2016,Nova Scotia,data.Couple with child(ren) less than 18 years old,data.Food secure,83.9
2017-2018,Nova Scotia,data.Couple with child(ren) less than 18 years old,data.Food secure,87.2
2015-2016,Nova Scotia,data.Couple with child(ren) less than 18 years old,data.Food insecure marginal,5.5
2017-2018,Nova Scotia,data.Couple with child(ren) less than 18 years old,data.Food insecure marginal,3.6
2015-2016,Nova Scotia,data.Couple with child(ren) less than 18 years old,data.Food insecure moderate and severe,10.5
2017-2018,Nova Scotia,data.Couple with child(ren) less than 18 years old,data.Food insecure moderate and severe,9.2
2015-2016,Nova Scotia,data.Female lone parent with child(ren) less than 18 years old,data.Food secure,51.6
2017-2018,Nova Scotia,data.Female lone parent with child(ren) less than 18 years old,data.Food secure,59.0
2015-2016,Nova Scotia,data.Female lone parent with child(ren) less than 18 years old,data.Food insecure marginal,11.5
2017-2018,Nova Scotia,data.Female lone parent with child(ren) less than 18 years old,data.Food insecure marginal,10.3
2015-2016,Nova Scotia,data.Female lone parent with child(ren) less than 18 years old,data.Food insecure moderate and severe,36.9
2017-2018,Nova Scotia,data.Female lone parent with child(ren) less than 18 years old,data.Food insecure moderate and severe,30.7
2015-2016,Nova Scotia,data.Male lone parent with child(ren) less than 18 years old,data.Food secure,74.9
2017-2018,Nova Scotia,data.Male lone parent with child(ren) less than 18 years old,data.Food secure,60.6
2015-2016,Nova Scotia,data.Male lone parent with child(ren) less than 18 years old,data.Food insecure marginal,
2017-2018,Nova Scotia,data.Male lone parent with child(ren) less than 18 years old,data.Food insecure marginal,
2015-2016,Nova Scotia,data.Male lone parent with child(ren) less than 18 years old,data.Food insecure moderate and severe,
2017-2018,Nova Scotia,data.Male lone parent with child(ren) less than 18 years old,data.Food insecure moderate and severe,
2015-2016,Nova Scotia,data.Other living arrangements,data.Food secure,81.1
2017-2018,Nova Scotia,data.Other living arrangements,data.Food secure,82.8
2015-2016,Nova Scotia,data.Other living arrangements,data.Food insecure marginal,5.6
2017-2018,Nova Scotia,data.Other living arrangements,data.Food insecure marginal,5.0
2015-2016,Nova Scotia,data.Other living arrangements,data.Food insecure moderate and severe,13.3
2017-2018,Nova Scotia,data.Other living arrangements,data.Food insecure moderate and severe,12.2
2015-2016,New Brunswick,data.Total all living arrangements,data.Food secure,85.0
2017-2018,New Brunswick,data.Total all living arrangements,data.Food secure,87.0
2015-2016,New Brunswick,data.Total all living arrangements,data.Food insecure marginal,4.9
2017-2018,New Brunswick,data.Total all living arrangements,data.Food insecure marginal,4.1
2015-2016,New Brunswick,data.Total all living arrangements,data.Food insecure moderate and severe,10.1
2017-2018,New Brunswick,data.Total all living arrangements,data.Food insecure moderate and severe,8.9
2015-2016,New Brunswick,data.Female living alone,data.Food secure,78.2
2017-2018,New Brunswick,data.Female living alone,data.Food secure,80.0
2015-2016,New Brunswick,data.Female living alone,data.Food insecure marginal,7.6
2017-2018,New Brunswick,data.Female living alone,data.Food insecure marginal,5.5
2015-2016,New Brunswick,data.Female living alone,data.Food insecure moderate and severe,14.3
2017-2018,New Brunswick,data.Female living alone,data.Food insecure moderate and severe,14.5
2015-2016,New Brunswick,data.Male living alone,data.Food secure,79.3
2017-2018,New Brunswick,data.Male living alone,data.Food secure,83.5
2015-2016,New Brunswick,data.Male living alone,data.Food insecure marginal,5.0
2017-2018,New Brunswick,data.Male living alone,data.Food insecure marginal,5.2
2015-2016,New Brunswick,data.Male living alone,data.Food insecure moderate and severe,15.7
2017-2018,New Brunswick,data.Male living alone,data.Food insecure moderate and severe,11.3
2015-2016,New Brunswick,data.Couple no children,data.Food secure,93.0
2017-2018,New Brunswick,data.Couple no children,data.Food secure,93.2
2015-2016,New Brunswick,data.Couple no children,data.Food insecure marginal,2.5
2017-2018,New Brunswick,data.Couple no children,data.Food insecure marginal,2.5
2015-2016,New Brunswick,data.Couple no children,data.Food insecure moderate and severe,4.4
2017-2018,New Brunswick,data.Couple no children,data.Food insecure moderate and severe,4.3
2015-2016,New Brunswick,data.Couple with child(ren) less than 18 years old,data.Food secure,81.1
2017-2018,New Brunswick,data.Couple with child(ren) less than 18 years old,data.Food secure,85.4
2015-2016,New Brunswick,data.Couple with child(ren) less than 18 years old,data.Food insecure marginal,6.5
2017-2018,New Brunswick,data.Couple with child(ren) less than 18 years old,data.Food insecure marginal,4.8
2015-2016,New Brunswick,data.Couple with child(ren) less than 18 years old,data.Food insecure moderate and severe,12.4
2017-2018,New Brunswick,data.Couple with child(ren) less than 18 years old,data.Food insecure moderate and severe,9.9
2015-2016,New Brunswick,data.Female lone parent with child(ren) less than 18 years old,data.Food secure,68.1
2017-2018,New Brunswick,data.Female lone parent with child(ren) less than 18 years old,data.Food secure,71.2
2015-2016,New Brunswick,data.Female lone parent with child(ren) less than 18 years old,data.Food insecure marginal,
2017-2018,New Brunswick,data.Female lone parent with child(ren) less than 18 years old,data.Food insecure marginal,
2015-2016,New Brunswick,data.Female lone parent with child(ren) less than 18 years old,data.Food insecure moderate and severe,24.0
2017-2018,New Brunswick,data.Female lone parent with child(ren) less than 18 years old,data.Food insecure moderate and severe,22.7
2015-2016,New Brunswick,data.Male lone parent with child(ren) less than 18 years old,data.Food secure,95.5
2017-2018,New Brunswick,data.Male lone parent with child(ren) less than 18 years old,data.Food secure,72.9
2015-2016,New Brunswick,data.Male lone parent with child(ren) less than 18 years old,data.Food insecure marginal,
2017-2018,New Brunswick,data.Male lone parent with child(ren) less than 18 years old,data.Food insecure marginal,
2015-2016,New Brunswick,data.Male lone parent with child(ren) less than 18 years old,data.Food insecure moderate and severe,
2017-2018,New Brunswick,data.Male lone parent with child(ren) less than 18 years old,data.Food insecure moderate and severe,
2015-2016,New Brunswick,data.Other living arrangements,data.Food secure,87.6
2017-2018,New Brunswick,data.Other living arrangements,data.Food secure,90.1
2015-2016,New Brunswick,data.Other living arrangements,data.Food insecure marginal,4.7
2017-2018,New Brunswick,data.Other living arrangements,data.Food insecure marginal,4.1
2015-2016,New Brunswick,data.Other living arrangements,data.Food insecure moderate and severe,7.7
2017-2018,New Brunswick,data.Other living arrangements,data.Food insecure moderate and severe,5.8
2015-2016,Quebec,data.Total all living arrangements,data.Food secure,87.3
2017-2018,Quebec,data.Total all living arrangements,data.Food secure,88.9
2015-2016,Quebec,data.Total all living arrangements,data.Food insecure marginal,4.3
2017-2018,Quebec,data.Total all living arrangements,data.Food insecure marginal,3.7
2015-2016,Quebec,data.Total all living arrangements,data.Food insecure moderate and severe,8.5
2017-2018,Quebec,data.Total all living arrangements,data.Food insecure moderate and severe,7.4
2015-2016,Quebec,data.Female living alone,data.Food secure,83.6
2017-2018,Quebec,data.Female living alone,data.Food secure,85.8
2015-2016,Quebec,data.Female living alone,data.Food insecure marginal,4.5
2017-2018,Quebec,data.Female living alone,data.Food insecure marginal,3.9
2015-2016,Quebec,data.Female living alone,data.Food insecure moderate and severe,11.9
2017-2018,Quebec,data.Female living alone,data.Food insecure moderate and severe,10.3
2015-2016,Quebec,data.Male living alone,data.Food secure,82.5
2017-2018,Quebec,data.Male living alone,data.Food secure,84.2
2015-2016,Quebec,data.Male living alone,data.Food insecure marginal,6.2
2017-2018,Quebec,data.Male living alone,data.Food insecure marginal,5.0
2015-2016,Quebec,data.Male living alone,data.Food insecure moderate and severe,11.3
2017-2018,Quebec,data.Male living alone,data.Food insecure moderate and severe,10.8
2015-2016,Quebec,data.Couple no children,data.Food secure,94.5
2017-2018,Quebec,data.Couple no children,data.Food secure,96.0
2015-2016,Quebec,data.Couple no children,data.Food insecure marginal,2.3
2017-2018,Quebec,data.Couple no children,data.Food insecure marginal,1.6
2015-2016,Quebec,data.Couple no children,data.Food insecure moderate and severe,3.2
2017-2018,Quebec,data.Couple no children,data.Food insecure moderate and severe,2.3
2015-2016,Quebec,data.Couple with child(ren) less than 18 years old,data.Food secure,87.8
2017-2018,Quebec,data.Couple with child(ren) less than 18 years old,data.Food secure,89.4
2015-2016,Quebec,data.Couple with child(ren) less than 18 years old,data.Food insecure marginal,4.2
2017-2018,Quebec,data.Couple with child(ren) less than 18 years old,data.Food insecure marginal,4.5
2015-2016,Quebec,data.Couple with child(ren) less than 18 years old,data.Food insecure moderate and severe,8.1
2017-2018,Quebec,data.Couple with child(ren) less than 18 years old,data.Food insecure moderate and severe,6.1
2015-2016,Quebec,data.Female lone parent with child(ren) less than 18 years old,data.Food secure,66.7
2017-2018,Quebec,data.Female lone parent with child(ren) less than 18 years old,data.Food secure,71.9
2015-2016,Quebec,data.Female lone parent with child(ren) less than 18 years old,data.Food insecure marginal,9.6
2017-2018,Quebec,data.Female lone parent with child(ren) less than 18 years old,data.Food insecure marginal,7.7
2015-2016,Quebec,data.Female lone parent with child(ren) less than 18 years old,data.Food insecure moderate and severe,23.8
2017-2018,Quebec,data.Female lone parent with child(ren) less than 18 years old,data.Food insecure moderate and severe,20.4
2015-2016,Quebec,data.Male lone parent with child(ren) less than 18 years old,data.Food secure,83.8
2017-2018,Quebec,data.Male lone parent with child(ren) less than 18 years old,data.Food secure,87.5
2015-2016,Quebec,data.Male lone parent with child(ren) less than 18 years old,data.Food insecure marginal,7.4
2017-2018,Quebec,data.Male lone parent with child(ren) less than 18 years old,data.Food insecure marginal,3.4
2015-2016,Quebec,data.Male lone parent with child(ren) less than 18 years old,data.Food insecure moderate and severe,8.7
2017-2018,Quebec,data.Male lone parent with child(ren) less than 18 years old,data.Food insecure moderate and severe,9.1
2015-2016,Quebec,data.Other living arrangements,data.Food secure,88.0
2017-2018,Quebec,data.Other living arrangements,data.Food secure,88.1
2015-2016,Quebec,data.Other living arrangements,data.Food insecure marginal,4.2
2017-2018,Quebec,data.Other living arrangements,data.Food insecure marginal,4.0
2015-2016,Quebec,data.Other living arrangements,data.Food insecure moderate and severe,7.8
2017-2018,Quebec,data.Other living arrangements,data.Food insecure moderate and severe,7.9
2015-2016,Ontario,data.Total all living arrangements,data.Food secure,
2017-2018,Ontario,data.Total all living arrangements,data.Food secure,86.7
2015-2016,Ontario,data.Total all living arrangements,data.Food insecure marginal,
2017-2018,Ontario,data.Total all living arrangements,data.Food insecure marginal,4.3
2015-2016,Ontario,data.Total all living arrangements,data.Food insecure moderate and severe,
2017-2018,Ontario,data.Total all living arrangements,data.Food insecure moderate and severe,9.0
2015-2016,Ontario,data.Female living alone,data.Food secure,
2017-2018,Ontario,data.Female living alone,data.Food secure,82.1
2015-2016,Ontario,data.Female living alone,data.Food insecure marginal,
2017-2018,Ontario,data.Female living alone,data.Food insecure marginal,4.4
2015-2016,Ontario,data.Female living alone,data.Food insecure moderate and severe,
2017-2018,Ontario,data.Female living alone,data.Food insecure moderate and severe,13.5
2015-2016,Ontario,data.Male living alone,data.Food secure,
2017-2018,Ontario,data.Male living alone,data.Food secure,83.3
2015-2016,Ontario,data.Male living alone,data.Food insecure marginal,
2017-2018,Ontario,data.Male living alone,data.Food insecure marginal,4.7
2015-2016,Ontario,data.Male living alone,data.Food insecure moderate and severe,
2017-2018,Ontario,data.Male living alone,data.Food insecure moderate and severe,12.0
2015-2016,Ontario,data.Couple no children,data.Food secure,
2017-2018,Ontario,data.Couple no children,data.Food secure,93.2
2015-2016,Ontario,data.Couple no children,data.Food insecure marginal,
2017-2018,Ontario,data.Couple no children,data.Food insecure marginal,2.8
2015-2016,Ontario,data.Couple no children,data.Food insecure moderate and severe,
2017-2018,Ontario,data.Couple no children,data.Food insecure moderate and severe,4.0
2015-2016,Ontario,data.Couple with child(ren) less than 18 years old,data.Food secure,
2017-2018,Ontario,data.Couple with child(ren) less than 18 years old,data.Food secure,88.2
2015-2016,Ontario,data.Couple with child(ren) less than 18 years old,data.Food insecure marginal,
2017-2018,Ontario,data.Couple with child(ren) less than 18 years old,data.Food insecure marginal,4.7
2015-2016,Ontario,data.Couple with child(ren) less than 18 years old,data.Food insecure moderate and severe,
2017-2018,Ontario,data.Couple with child(ren) less than 18 years old,data.Food insecure moderate and severe,7.2
2015-2016,Ontario,data.Female lone parent with child(ren) less than 18 years old,data.Food secure,
2017-2018,Ontario,data.Female lone parent with child(ren) less than 18 years old,data.Food secure,66.3
2015-2016,Ontario,data.Female lone parent with child(ren) less than 18 years old,data.Food insecure marginal,
2017-2018,Ontario,data.Female lone parent with child(ren) less than 18 years old,data.Food insecure marginal,7.6
2015-2016,Ontario,data.Female lone parent with child(ren) less than 18 years old,data.Food insecure moderate and severe,
2017-2018,Ontario,data.Female lone parent with child(ren) less than 18 years old,data.Food insecure moderate and severe,26.0
2015-2016,Ontario,data.Male lone parent with child(ren) less than 18 years old,data.Food secure,
2017-2018,Ontario,data.Male lone parent with child(ren) less than 18 years old,data.Food secure,75.3
2015-2016,Ontario,data.Male lone parent with child(ren) less than 18 years old,data.Food insecure marginal,
2017-2018,Ontario,data.Male lone parent with child(ren) less than 18 years old,data.Food insecure marginal,
2015-2016,Ontario,data.Male lone parent with child(ren) less than 18 years old,data.Food insecure moderate and severe,
2017-2018,Ontario,data.Male lone parent with child(ren) less than 18 years old,data.Food insecure moderate and severe,18.2
2015-2016,Ontario,data.Other living arrangements,data.Food secure,
2017-2018,Ontario,data.Other living arrangements,data.Food secure,87.0
2015-2016,Ontario,data.Other living arrangements,data.Food insecure marginal,
2017-2018,Ontario,data.Other living arrangements,data.Food insecure marginal,4.6
2015-2016,Ontario,data.Other living arrangements,data.Food insecure moderate and severe,
2017-2018,Ontario,data.Other living arrangements,data.Food insecure moderate and severe,8.4
2015-2016,Manitoba,data.Total all living arrangements,data.Food secure,86.0
2017-2018,Manitoba,data.Total all living arrangements,data.Food secure,85.6
2015-2016,Manitoba,data.Total all living arrangements,data.Food insecure marginal,4.1
2017-2018,Manitoba,data.Total all living arrangements,data.Food insecure marginal,4.2
2015-2016,Manitoba,data.Total all living arrangements,data.Food insecure moderate and severe,10.0
2017-2018,Manitoba,data.Total all living arrangements,data.Food insecure moderate and severe,10.2
2015-2016,Manitoba,data.Female living alone,data.Food secure,85.0
2017-2018,Manitoba,data.Female living alone,data.Food secure,81.4
2015-2016,Manitoba,data.Female living alone,data.Food insecure marginal,2.7
2017-2018,Manitoba,data.Female living alone,data.Food insecure marginal,5.8
2015-2016,Manitoba,data.Female living alone,data.Food insecure moderate and severe,12.3
2017-2018,Manitoba,data.Female living alone,data.Food insecure moderate and severe,12.8
2015-2016,Manitoba,data.Male living alone,data.Food secure,80.2
2017-2018,Manitoba,data.Male living alone,data.Food secure,82.3
2015-2016,Manitoba,data.Male living alone,data.Food insecure marginal,5.3
2017-2018,Manitoba,data.Male living alone,data.Food insecure marginal,6.6
2015-2016,Manitoba,data.Male living alone,data.Food insecure moderate and severe,14.5
2017-2018,Manitoba,data.Male living alone,data.Food insecure moderate and severe,11.0
2015-2016,Manitoba,data.Couple no children,data.Food secure,95.4
2017-2018,Manitoba,data.Couple no children,data.Food secure,94.5
2015-2016,Manitoba,data.Couple no children,data.Food insecure marginal,1.5
2017-2018,Manitoba,data.Couple no children,data.Food insecure marginal,2.0
2015-2016,Manitoba,data.Couple no children,data.Food insecure moderate and severe,3.1
2017-2018,Manitoba,data.Couple no children,data.Food insecure moderate and severe,3.5
2015-2016,Manitoba,data.Couple with child(ren) less than 18 years old,data.Food secure,86.8
2017-2018,Manitoba,data.Couple with child(ren) less than 18 years old,data.Food secure,87.2
2015-2016,Manitoba,data.Couple with child(ren) less than 18 years old,data.Food insecure marginal,4.8
2017-2018,Manitoba,data.Couple with child(ren) less than 18 years old,data.Food insecure marginal,4.0
2015-2016,Manitoba,data.Couple with child(ren) less than 18 years old,data.Food insecure moderate and severe,8.3
2017-2018,Manitoba,data.Couple with child(ren) less than 18 years old,data.Food insecure moderate and severe,8.9
2015-2016,Manitoba,data.Female lone parent with child(ren) less than 18 years old,data.Food secure,51.0
2017-2018,Manitoba,data.Female lone parent with child(ren) less than 18 years old,data.Food secure,51.1
2015-2016,Manitoba,data.Female lone parent with child(ren) less than 18 years old,data.Food insecure marginal,14.0
2017-2018,Manitoba,data.Female lone parent with child(ren) less than 18 years old,data.Food insecure marginal,7.8
2015-2016,Manitoba,data.Female lone parent with child(ren) less than 18 years old,data.Food insecure moderate and severe,35.0
2017-2018,Manitoba,data.Female lone parent with child(ren) less than 18 years old,data.Food insecure moderate and severe,41.1
2015-2016,Manitoba,data.Male lone parent with child(ren) less than 18 years old,data.Food secure,77.7
2017-2018,Manitoba,data.Male lone parent with child(ren) less than 18 years old,data.Food secure,56.0
2015-2016,Manitoba,data.Male lone parent with child(ren) less than 18 years old,data.Food insecure marginal,
2017-2018,Manitoba,data.Male lone parent with child(ren) less than 18 years old,data.Food insecure marginal,
2015-2016,Manitoba,data.Male lone parent with child(ren) less than 18 years old,data.Food insecure moderate and severe,
2017-2018,Manitoba,data.Male lone parent with child(ren) less than 18 years old,data.Food insecure moderate and severe,37.3
2015-2016,Manitoba,data.Other living arrangements,data.Food secure,83.3
2017-2018,Manitoba,data.Other living arrangements,data.Food secure,84.9
2015-2016,Manitoba,data.Other living arrangements,data.Food insecure marginal,5.2
2017-2018,Manitoba,data.Other living arrangements,data.Food insecure marginal,3.9
2015-2016,Manitoba,data.Other living arrangements,data.Food insecure moderate and severe,11.4
2017-2018,Manitoba,data.Other living arrangements,data.Food insecure moderate and severe,11.2
2015-2016,Saskatchewan,data.Total all living arrangements,data.Food secure,86.8
2017-2018,Saskatchewan,data.Total all living arrangements,data.Food secure,86.1
2015-2016,Saskatchewan,data.Total all living arrangements,data.Food insecure marginal,4.0
2017-2018,Saskatchewan,data.Total all living arrangements,data.Food insecure marginal,4.6
2015-2016,Saskatchewan,data.Total all living arrangements,data.Food insecure moderate and severe,9.3
2017-2018,Saskatchewan,data.Total all living arrangements,data.Food insecure moderate and severe,9.3
2015-2016,Saskatchewan,data.Female living alone,data.Food secure,88.2
2017-2018,Saskatchewan,data.Female living alone,data.Food secure,84.8
2015-2016,Saskatchewan,data.Female living alone,data.Food insecure marginal,
2017-2018,Saskatchewan,data.Female living alone,data.Food insecure marginal,3.9
2015-2016,Saskatchewan,data.Female living alone,data.Food insecure moderate and severe,9.8
2017-2018,Saskatchewan,data.Female living alone,data.Food insecure moderate and severe,11.2
2015-2016,Saskatchewan,data.Male living alone,data.Food secure,83.4
2017-2018,Saskatchewan,data.Male living alone,data.Food secure,86.8
2015-2016,Saskatchewan,data.Male living alone,data.Food insecure marginal,4.6
2017-2018,Saskatchewan,data.Male living alone,data.Food insecure marginal,2.7
2015-2016,Saskatchewan,data.Male living alone,data.Food insecure moderate and severe,11.9
2017-2018,Saskatchewan,data.Male living alone,data.Food insecure moderate and severe,10.4
2015-2016,Saskatchewan,data.Couple no children,data.Food secure,94.8
2017-2018,Saskatchewan,data.Couple no children,data.Food secure,93.6
2015-2016,Saskatchewan,data.Couple no children,data.Food insecure marginal,2.0
2017-2018,Saskatchewan,data.Couple no children,data.Food insecure marginal,2.8
2015-2016,Saskatchewan,data.Couple no children,data.Food insecure moderate and severe,3.2
2017-2018,Saskatchewan,data.Couple no children,data.Food insecure moderate and severe,3.6
2015-2016,Saskatchewan,data.Couple with child(ren) less than 18 years old,data.Food secure,87.4
2017-2018,Saskatchewan,data.Couple with child(ren) less than 18 years old,data.Food secure,87.6
2015-2016,Saskatchewan,data.Couple with child(ren) less than 18 years old,data.Food insecure marginal,5.5
2017-2018,Saskatchewan,data.Couple with child(ren) less than 18 years old,data.Food insecure marginal,5.2
2015-2016,Saskatchewan,data.Couple with child(ren) less than 18 years old,data.Food insecure moderate and severe,7.1
2017-2018,Saskatchewan,data.Couple with child(ren) less than 18 years old,data.Food insecure moderate and severe,7.2
2015-2016,Saskatchewan,data.Female lone parent with child(ren) less than 18 years old,data.Food secure,58.2
2017-2018,Saskatchewan,data.Female lone parent with child(ren) less than 18 years old,data.Food secure,63.1
2015-2016,Saskatchewan,data.Female lone parent with child(ren) less than 18 years old,data.Food insecure marginal,
2017-2018,Saskatchewan,data.Female lone parent with child(ren) less than 18 years old,data.Food insecure marginal,8.9
2015-2016,Saskatchewan,data.Female lone parent with child(ren) less than 18 years old,data.Food insecure moderate and severe,34.0
2017-2018,Saskatchewan,data.Female lone parent with child(ren) less than 18 years old,data.Food insecure moderate and severe,28.0
2015-2016,Saskatchewan,data.Male lone parent with child(ren) less than 18 years old,data.Food secure,91.8
2017-2018,Saskatchewan,data.Male lone parent with child(ren) less than 18 years old,data.Food secure,67.4
2015-2016,Saskatchewan,data.Male lone parent with child(ren) less than 18 years old,data.Food insecure marginal,
2017-2018,Saskatchewan,data.Male lone parent with child(ren) less than 18 years old,data.Food insecure marginal,
2015-2016,Saskatchewan,data.Male lone parent with child(ren) less than 18 years old,data.Food insecure moderate and severe,
2017-2018,Saskatchewan,data.Male lone parent with child(ren) less than 18 years old,data.Food insecure moderate and severe,
2015-2016,Saskatchewan,data.Other living arrangements,data.Food secure,79.8
2017-2018,Saskatchewan,data.Other living arrangements,data.Food secure,78.8
2015-2016,Saskatchewan,data.Other living arrangements,data.Food insecure marginal,5.9
2017-2018,Saskatchewan,data.Other living arrangements,data.Food insecure marginal,7.2
2015-2016,Saskatchewan,data.Other living arrangements,data.Food insecure moderate and severe,14.3
2017-2018,Saskatchewan,data.Other living arrangements,data.Food insecure moderate and severe,14.0
2015-2016,Alberta,data.Total all living arrangements,data.Food secure,87.4
2017-2018,Alberta,data.Total all living arrangements,data.Food secure,87.1
2015-2016,Alberta,data.Total all living arrangements,data.Food insecure marginal,3.7
2017-2018,Alberta,data.Total all living arrangements,data.Food insecure marginal,3.7
2015-2016,Alberta,data.Total all living arrangements,data.Food insecure moderate and severe,8.8
2017-2018,Alberta,data.Total all living arrangements,data.Food insecure moderate and severe,9.2
2015-2016,Alberta,data.Female living alone,data.Food secure,84.3
2017-2018,Alberta,data.Female living alone,data.Food secure,84.6
2015-2016,Alberta,data.Female living alone,data.Food insecure marginal,4.0
2017-2018,Alberta,data.Female living alone,data.Food insecure marginal,3.5
2015-2016,Alberta,data.Female living alone,data.Food insecure moderate and severe,11.8
2017-2018,Alberta,data.Female living alone,data.Food insecure moderate and severe,11.9
2015-2016,Alberta,data.Male living alone,data.Food secure,85.3
2017-2018,Alberta,data.Male living alone,data.Food secure,83.4
2015-2016,Alberta,data.Male living alone,data.Food insecure marginal,4.1
2017-2018,Alberta,data.Male living alone,data.Food insecure marginal,3.9
2015-2016,Alberta,data.Male living alone,data.Food insecure moderate and severe,10.6
2017-2018,Alberta,data.Male living alone,data.Food insecure moderate and severe,12.7
2015-2016,Alberta,data.Couple no children,data.Food secure,94.6
2017-2018,Alberta,data.Couple no children,data.Food secure,94.2
2015-2016,Alberta,data.Couple no children,data.Food insecure marginal,1.7
2017-2018,Alberta,data.Couple no children,data.Food insecure marginal,2.3
2015-2016,Alberta,data.Couple no children,data.Food insecure moderate and severe,3.7
2017-2018,Alberta,data.Couple no children,data.Food insecure moderate and severe,3.6
2015-2016,Alberta,data.Couple with child(ren) less than 18 years old,data.Food secure,86.3
2017-2018,Alberta,data.Couple with child(ren) less than 18 years old,data.Food secure,86.8
2015-2016,Alberta,data.Couple with child(ren) less than 18 years old,data.Food insecure marginal,4.8
2017-2018,Alberta,data.Couple with child(ren) less than 18 years old,data.Food insecure marginal,4.7
2015-2016,Alberta,data.Couple with child(ren) less than 18 years old,data.Food insecure moderate and severe,9.0
2017-2018,Alberta,data.Couple with child(ren) less than 18 years old,data.Food insecure moderate and severe,8.6
2015-2016,Alberta,data.Female lone parent with child(ren) less than 18 years old,data.Food secure,66.9
2017-2018,Alberta,data.Female lone parent with child(ren) less than 18 years old,data.Food secure,65.0
2015-2016,Alberta,data.Female lone parent with child(ren) less than 18 years old,data.Food insecure marginal,7.7
2017-2018,Alberta,data.Female lone parent with child(ren) less than 18 years old,data.Food insecure marginal,9.1
2015-2016,Alberta,data.Female lone parent with child(ren) less than 18 years old,data.Food insecure moderate and severe,25.5
2017-2018,Alberta,data.Female lone parent with child(ren) less than 18 years old,data.Food insecure moderate and severe,25.9
2015-2016,Alberta,data.Male lone parent with child(ren) less than 18 years old,data.Food secure,78.2
2017-2018,Alberta,data.Male lone parent with child(ren) less than 18 years old,data.Food secure,81.4
2015-2016,Alberta,data.Male lone parent with child(ren) less than 18 years old,data.Food insecure marginal,
2017-2018,Alberta,data.Male lone parent with child(ren) less than 18 years old,data.Food insecure marginal,
2015-2016,Alberta,data.Male lone parent with child(ren) less than 18 years old,data.Food insecure moderate and severe,13.0
2017-2018,Alberta,data.Male lone parent with child(ren) less than 18 years old,data.Food insecure moderate and severe,
2015-2016,Alberta,data.Other living arrangements,data.Food secure,85.8
2017-2018,Alberta,data.Other living arrangements,data.Food secure,85.3
2015-2016,Alberta,data.Other living arrangements,data.Food insecure marginal,4.1
2017-2018,Alberta,data.Other living arrangements,data.Food insecure marginal,3.6
2015-2016,Alberta,data.Other living arrangements,data.Food insecure moderate and severe,10.0
2017-2018,Alberta,data.Other living arrangements,data.Food insecure moderate and severe,11.1
2015-2016,British Columbia,data.Total all living arrangements,data.Food secure,87.7
2017-2018,British Columbia,data.Total all living arrangements,data.Food secure,87.6
2015-2016,British Columbia,data.Total all living arrangements,data.Food insecure marginal,3.5
2017-2018,British Columbia,data.Total all living arrangements,data.Food insecure marginal,3.7
2015-2016,British Columbia,data.Total all living arrangements,data.Food insecure moderate and severe,8.8
2017-2018,British Columbia,data.Total all living arrangements,data.Food insecure moderate and severe,8.7
2015-2016,British Columbia,data.Female living alone,data.Food secure,85.4
2017-2018,British Columbia,data.Female living alone,data.Food secure,86.0
2015-2016,British Columbia,data.Female living alone,data.Food insecure marginal,3.9
2017-2018,British Columbia,data.Female living alone,data.Food insecure marginal,3.1
2015-2016,British Columbia,data.Female living alone,data.Food insecure moderate and severe,10.7
2017-2018,British Columbia,data.Female living alone,data.Food insecure moderate and severe,10.9
2015-2016,British Columbia,data.Male living alone,data.Food secure,80.8
2017-2018,British Columbia,data.Male living alone,data.Food secure,82.9
2015-2016,British Columbia,data.Male living alone,data.Food insecure marginal,4.9
2017-2018,British Columbia,data.Male living alone,data.Food insecure marginal,4.1
2015-2016,British Columbia,data.Male living alone,data.Food insecure moderate and severe,14.4
2017-2018,British Columbia,data.Male living alone,data.Food insecure moderate and severe,13.0
2015-2016,British Columbia,data.Couple no children,data.Food secure,94.8
2017-2018,British Columbia,data.Couple no children,data.Food secure,95.1
2015-2016,British Columbia,data.Couple no children,data.Food insecure marginal,1.8
2017-2018,British Columbia,data.Couple no children,data.Food insecure marginal,2.1
2015-2016,British Columbia,data.Couple no children,data.Food insecure moderate and severe,3.5
2017-2018,British Columbia,data.Couple no children,data.Food insecure moderate and severe,2.8
2015-2016,British Columbia,data.Couple with child(ren) less than 18 years old,data.Food secure,88.3
2017-2018,British Columbia,data.Couple with child(ren) less than 18 years old,data.Food secure,89.2
2015-2016,British Columbia,data.Couple with child(ren) less than 18 years old,data.Food insecure marginal,4.2
2017-2018,British Columbia,data.Couple with child(ren) less than 18 years old,data.Food insecure marginal,3.6
2015-2016,British Columbia,data.Couple with child(ren) less than 18 years old,data.Food insecure moderate and severe,7.5
2017-2018,British Columbia,data.Couple with child(ren) less than 18 years old,data.Food insecure moderate and severe,7.2
2015-2016,British Columbia,data.Female lone parent with child(ren) less than 18 years old,data.Food secure,69.7
2017-2018,British Columbia,data.Female lone parent with child(ren) less than 18 years old,data.Food secure,68.0
2015-2016,British Columbia,data.Female lone parent with child(ren) less than 18 years old,data.Food insecure marginal,8.7
2017-2018,British Columbia,data.Female lone parent with child(ren) less than 18 years old,data.Food insecure marginal,9.1
2015-2016,British Columbia,data.Female lone parent with child(ren) less than 18 years old,data.Food insecure moderate and severe,21.5
2017-2018,British Columbia,data.Female lone parent with child(ren) less than 18 years old,data.Food insecure moderate and severe,22.9
2015-2016,British Columbia,data.Male lone parent with child(ren) less than 18 years old,data.Food secure,78.8
2017-2018,British Columbia,data.Male lone parent with child(ren) less than 18 years old,data.Food secure,69.4
2015-2016,British Columbia,data.Male lone parent with child(ren) less than 18 years old,data.Food insecure marginal,
2017-2018,British Columbia,data.Male lone parent with child(ren) less than 18 years old,data.Food insecure marginal,
2015-2016,British Columbia,data.Male lone parent with child(ren) less than 18 years old,data.Food insecure moderate and severe,15.9
2017-2018,British Columbia,data.Male lone parent with child(ren) less than 18 years old,data.Food insecure moderate and severe,27.5
2015-2016,British Columbia,data.Other living arrangements,data.Food secure,87.6
2017-2018,British Columbia,data.Other living arrangements,data.Food secure,84.1
2015-2016,British Columbia,data.Other living arrangements,data.Food insecure marginal,2.8
2017-2018,British Columbia,data.Other living arrangements,data.Food insecure marginal,5.2
2015-2016,British Columbia,data.Other living arrangements,data.Food insecure moderate and severe,9.6
2017-2018,British Columbia,data.Other living arrangements,data.Food insecure moderate and severe,10.7
2015-2016,Yukon,data.Total all living arrangements,data.Food secure,
2017-2018,Yukon,data.Total all living arrangements,data.Food secure,83.1
2015-2016,Yukon,data.Total all living arrangements,data.Food insecure marginal,
2017-2018,Yukon,data.Total all living arrangements,data.Food insecure marginal,4.3
2015-2016,Yukon,data.Total all living arrangements,data.Food insecure moderate and severe,
2017-2018,Yukon,data.Total all living arrangements,data.Food insecure moderate and severe,12.6
2015-2016,Yukon,data.Female living alone,data.Food secure,
2017-2018,Yukon,data.Female living alone,data.Food secure,80.4
2015-2016,Yukon,data.Female living alone,data.Food insecure marginal,
2017-2018,Yukon,data.Female living alone,data.Food insecure marginal,
2015-2016,Yukon,data.Female living alone,data.Food insecure moderate and severe,
2017-2018,Yukon,data.Female living alone,data.Food insecure moderate and severe,16.2
2015-2016,Yukon,data.Male living alone,data.Food secure,
2017-2018,Yukon,data.Male living alone,data.Food secure,79.5
2015-2016,Yukon,data.Male living alone,data.Food insecure marginal,
2017-2018,Yukon,data.Male living alone,data.Food insecure marginal,
2015-2016,Yukon,data.Male living alone,data.Food insecure moderate and severe,
2017-2018,Yukon,data.Male living alone,data.Food insecure moderate and severe,14.1
2015-2016,Yukon,data.Couple no children,data.Food secure,
2017-2018,Yukon,data.Couple no children,data.Food secure,91.3
2015-2016,Yukon,data.Couple no children,data.Food insecure marginal,
2017-2018,Yukon,data.Couple no children,data.Food insecure marginal,
2015-2016,Yukon,data.Couple no children,data.Food insecure moderate and severe,
2017-2018,Yukon,data.Couple no children,data.Food insecure moderate and severe,6.3
2015-2016,Yukon,data.Couple with child(ren) less than 18 years old,data.Food secure,
2017-2018,Yukon,data.Couple with child(ren) less than 18 years old,data.Food secure,89.4
2015-2016,Yukon,data.Couple with child(ren) less than 18 years old,data.Food insecure marginal,
2017-2018,Yukon,data.Couple with child(ren) less than 18 years old,data.Food insecure marginal,
2015-2016,Yukon,data.Couple with child(ren) less than 18 years old,data.Food insecure moderate and severe,
2017-2018,Yukon,data.Couple with child(ren) less than 18 years old,data.Food insecure moderate and severe,
2015-2016,Yukon,data.Female lone parent with child(ren) less than 18 years old,data.Food secure,
2017-2018,Yukon,data.Female lone parent with child(ren) less than 18 years old,data.Food secure,63.8
2015-2016,Yukon,data.Female lone parent with child(ren) less than 18 years old,data.Food insecure marginal,
2017-2018,Yukon,data.Female lone parent with child(ren) less than 18 years old,data.Food insecure marginal,
2015-2016,Yukon,data.Female lone parent with child(ren) less than 18 years old,data.Food insecure moderate and severe,
2017-2018,Yukon,data.Female lone parent with child(ren) less than 18 years old,data.Food insecure moderate and severe,
2015-2016,Yukon,data.Male lone parent with child(ren) less than 18 years old,data.Food secure,
2017-2018,Yukon,data.Male lone parent with child(ren) less than 18 years old,data.Food secure,
2015-2016,Yukon,data.Male lone parent with child(ren) less than 18 years old,data.Food insecure marginal,
2017-2018,Yukon,data.Male lone parent with child(ren) less than 18 years old,data.Food insecure marginal,
2015-2016,Yukon,data.Male lone parent with child(ren) less than 18 years old,data.Food insecure moderate and severe,
2017-2018,Yukon,data.Male lone parent with child(ren) less than 18 years old,data.Food insecure moderate and severe,
2015-2016,Yukon,data.Other living arrangements,data.Food secure,
2017-2018,Yukon,data.Other living arrangements,data.Food secure,75.2
2015-2016,Yukon,data.Other living arrangements,data.Food insecure marginal,
2017-2018,Yukon,data.Other living arrangements,data.Food insecure marginal,
2015-2016,Yukon,data.Other living arrangements,data.Food insecure moderate and severe,
2017-2018,Yukon,data.Other living arrangements,data.Food insecure moderate and severe,20.4
2015-2016,Northwest Territories,data.Total all living arrangements,data.Food secure,79.7
2017-2018,Northwest Territories,data.Total all living arrangements,data.Food secure,78.4
2015-2016,Northwest Territories,data.Total all living arrangements,data.Food insecure marginal,5.6
2017-2018,Northwest Territories,data.Total all living arrangements,data.Food insecure marginal,5.7
2015-2016,Northwest Territories,data.Total all living arrangements,data.Food insecure moderate and severe,14.7
2017-2018,Northwest Territories,data.Total all living arrangements,data.Food insecure moderate and severe,16.0
2015-2016,Northwest Territories,data.Female living alone,data.Food secure,85.9
2017-2018,Northwest Territories,data.Female living alone,data.Food secure,81.7
2015-2016,Northwest Territories,data.Female living alone,data.Food insecure marginal,
2017-2018,Northwest Territories,data.Female living alone,data.Food insecure marginal,
2015-2016,Northwest Territories,data.Female living alone,data.Food insecure moderate and severe,
2017-2018,Northwest Territories,data.Female living alone,data.Food insecure moderate and severe,15.5
2015-2016,Northwest Territories,data.Male living alone,data.Food secure,70.6
2017-2018,Northwest Territories,data.Male living alone,data.Food secure,77.0
2015-2016,Northwest Territories,data.Male living alone,data.Food insecure marginal,
2017-2018,Northwest Territories,data.Male living alone,data.Food insecure marginal,
2015-2016,Northwest Territories,data.Male living alone,data.Food insecure moderate and severe,24.4
2017-2018,Northwest Territories,data.Male living alone,data.Food insecure moderate and severe,19.8
2015-2016,Northwest Territories,data.Couple no children,data.Food secure,93.4
2017-2018,Northwest Territories,data.Couple no children,data.Food secure,85.6
2015-2016,Northwest Territories,data.Couple no children,data.Food insecure marginal,
2017-2018,Northwest Territories,data.Couple no children,data.Food insecure marginal,8.2
2015-2016,Northwest Territories,data.Couple no children,data.Food insecure moderate and severe,
2017-2018,Northwest Territories,data.Couple no children,data.Food insecure moderate and severe,6.2
2015-2016,Northwest Territories,data.Couple with child(ren) less than 18 years old,data.Food secure,78.7
2017-2018,Northwest Territories,data.Couple with child(ren) less than 18 years old,data.Food secure,82.4
2015-2016,Northwest Territories,data.Couple with child(ren) less than 18 years old,data.Food insecure marginal,
2017-2018,Northwest Territories,data.Couple with child(ren) less than 18 years old,data.Food insecure marginal,
2015-2016,Northwest Territories,data.Couple with child(ren) less than 18 years old,data.Food insecure moderate and severe,16.0
2017-2018,Northwest Territories,data.Couple with child(ren) less than 18 years old,data.Food insecure moderate and severe,12.1
2015-2016,Northwest Territories,data.Female lone parent with child(ren) less than 18 years old,data.Food secure,53.3
2017-2018,Northwest Territories,data.Female lone parent with child(ren) less than 18 years old,data.Food secure,45.1
2015-2016,Northwest Territories,data.Female lone parent with child(ren) less than 18 years old,data.Food insecure marginal,
2017-2018,Northwest Territories,data.Female lone parent with child(ren) less than 18 years old,data.Food insecure marginal,
2015-2016,Northwest Territories,data.Female lone parent with child(ren) less than 18 years old,data.Food insecure moderate and severe,28.8
2017-2018,Northwest Territories,data.Female lone parent with child(ren) less than 18 years old,data.Food insecure moderate and severe,47.6
2015-2016,Northwest Territories,data.Male lone parent with child(ren) less than 18 years old,data.Food secure,
2017-2018,Northwest Territories,data.Male lone parent with child(ren) less than 18 years old,data.Food secure,
2015-2016,Northwest Territories,data.Male lone parent with child(ren) less than 18 years old,data.Food insecure marginal,
2017-2018,Northwest Territories,data.Male lone parent with child(ren) less than 18 years old,data.Food insecure marginal,
2015-2016,Northwest Territories,data.Male lone parent with child(ren) less than 18 years old,data.Food insecure moderate and severe,
2017-2018,Northwest Territories,data.Male lone parent with child(ren) less than 18 years old,data.Food insecure moderate and severe,
2015-2016,Northwest Territories,data.Other living arrangements,data.Food secure,77.6
2017-2018,Northwest Territories,data.Other living arrangements,data.Food secure,73.2
2015-2016,Northwest Territories,data.Other living arrangements,data.Food insecure marginal,5.8
2017-2018,Northwest Territories,data.Other living arrangements,data.Food insecure marginal,
2015-2016,Northwest Territories,data.Other living arrangements,data.Food insecure moderate and severe,16.6
2017-2018,Northwest Territories,data.Other living arrangements,data.Food insecure moderate and severe,20.6
2015-2016,Nunavut,data.Total all living arrangements,data.Food secure,47.9
2017-2018,Nunavut,data.Total all living arrangements,data.Food secure,43.1
2015-2016,Nunavut,data.Total all living arrangements,data.Food insecure marginal,6.0
2017-2018,Nunavut,data.Total all living arrangements,data.Food insecure marginal,7.6
2015-2016,Nunavut,data.Total all living arrangements,data.Food insecure moderate and severe,46.1
2017-2018,Nunavut,data.Total all living arrangements,data.Food insecure moderate and severe,49.4
2015-2016,Nunavut,data.Female living alone,data.Food secure,72.2
2017-2018,Nunavut,data.Female living alone,data.Food secure,73.9
2015-2016,Nunavut,data.Female living alone,data.Food insecure marginal,
2017-2018,Nunavut,data.Female living alone,data.Food insecure marginal,
2015-2016,Nunavut,data.Female living alone,data.Food insecure moderate and severe,
2017-2018,Nunavut,data.Female living alone,data.Food insecure moderate and severe,
2015-2016,Nunavut,data.Male living alone,data.Food secure,66.0
2017-2018,Nunavut,data.Male living alone,data.Food secure,63.0
2015-2016,Nunavut,data.Male living alone,data.Food insecure marginal,
2017-2018,Nunavut,data.Male living alone,data.Food insecure marginal,
2015-2016,Nunavut,data.Male living alone,data.Food insecure moderate and severe,31.8
2017-2018,Nunavut,data.Male living alone,data.Food insecure moderate and severe,36.3
2015-2016,Nunavut,data.Couple no children,data.Food secure,83.2
2017-2018,Nunavut,data.Couple no children,data.Food secure,80.6
2015-2016,Nunavut,data.Couple no children,data.Food insecure marginal,
2017-2018,Nunavut,data.Couple no children,data.Food insecure marginal,
2015-2016,Nunavut,data.Couple no children,data.Food insecure moderate and severe,
2017-2018,Nunavut,data.Couple no children,data.Food insecure moderate and severe,
2015-2016,Nunavut,data.Couple with child(ren) less than 18 years old,data.Food secure,40.1
2017-2018,Nunavut,data.Couple with child(ren) less than 18 years old,data.Food secure,33.9
2015-2016,Nunavut,data.Couple with child(ren) less than 18 years old,data.Food insecure marginal,
2017-2018,Nunavut,data.Couple with child(ren) less than 18 years old,data.Food insecure marginal,12.7
2015-2016,Nunavut,data.Couple with child(ren) less than 18 years old,data.Food insecure moderate and severe,51.5
2017-2018,Nunavut,data.Couple with child(ren) less than 18 years old,data.Food insecure moderate and severe,53.3
2015-2016,Nunavut,data.Female lone parent with child(ren) less than 18 years old,data.Food secure,
2017-2018,Nunavut,data.Female lone parent with child(ren) less than 18 years old,data.Food secure,20.7
2015-2016,Nunavut,data.Female lone parent with child(ren) less than 18 years old,data.Food insecure marginal,
2017-2018,Nunavut,data.Female lone parent with child(ren) less than 18 years old,data.Food insecure marginal,
2015-2016,Nunavut,data.Female lone parent with child(ren) less than 18 years old,data.Food insecure moderate and severe,78.1
2017-2018,Nunavut,data.Female lone parent with child(ren) less than 18 years old,data.Food insecure moderate and severe,69.0
2015-2016,Nunavut,data.Male lone parent with child(ren) less than 18 years old,data.Food secure,
2017-2018,Nunavut,data.Male lone parent with child(ren) less than 18 years old,data.Food secure,
2015-2016,Nunavut,data.Male lone parent with child(ren) less than 18 years old,data.Food insecure marginal,
2017-2018,Nunavut,data.Male lone parent with child(ren) less than 18 years old,data.Food insecure marginal,
2015-2016,Nunavut,data.Male lone parent with child(ren) less than 18 years old,data.Food insecure moderate and severe,
2017-2018,Nunavut,data.Male lone parent with child(ren) less than 18 years old,data.Food insecure moderate and severe,
2015-2016,Nunavut,data.Other living arrangements,data.Food secure,34.3
2017-2018,Nunavut,data.Other living arrangements,data.Food secure,29.5
2015-2016,Nunavut,data.Other living arrangements,data.Food insecure marginal,
2017-2018,Nunavut,data.Other living arrangements,data.Food insecure marginal,8.0
2015-2016,Nunavut,data.Other living arrangements,data.Food insecure moderate and severe,59.8
2017-2018,Nunavut,data.Other living arrangements,data.Food insecure moderate and severe,62.6
