Year,Geography,Type of beverage,GeoCode,Value
2014,,,,8.0
2015,,,,8.1
2016,,,,8.2
2017,,,,8.2
2018,,,,8.0
2019,,,,8.1
2020,,,,8.3
2021,,,,8.1
2022,,,,7.8
2014,Canada,Spirits,,2.0
2014,Canada,Wines,,2.0
2014,Canada,Beer,,3.7
2014,Canada,"Ciders, Coolers, and Other Refreshment Beverages",,0.3
2014,Newfoundland and Labrador,Total alcoholic beverages,10,9.4
2014,Newfoundland and Labrador,Spirits,10,3.3
2014,Newfoundland and Labrador,Wines,10,1.2
2014,Newfoundland and Labrador,Beer,10,4.6
2014,Newfoundland and Labrador,"Ciders, Coolers, and Other Refreshment Beverages",10,0.3
2014,Prince Edward Island,Total alcoholic beverages,11,7.9
2014,Prince Edward Island,Spirits,11,2.6
2014,Prince Edward Island,Wines,11,1.4
2014,Prince Edward Island,Beer,11,3.7
2014,Prince Edward Island,"Ciders, Coolers, and Other Refreshment Beverages",11,0.2
2014,Nova Scotia,Total alcoholic beverages,12,7.7
2014,Nova Scotia,Spirits,12,2.3
2014,Nova Scotia,Wines,12,1.5
2014,Nova Scotia,Beer,12,3.7
2014,Nova Scotia,"Ciders, Coolers, and Other Refreshment Beverages",12,0.3
2014,New Brunswick,Total alcoholic beverages,13,6.6
2014,New Brunswick,Spirits,13,1.7
2014,New Brunswick,Wines,13,1.2
2014,New Brunswick,Beer,13,3.4
2014,New Brunswick,"Ciders, Coolers, and Other Refreshment Beverages",13,0.2
2014,Quebec,Total alcoholic beverages,24,8.3
2014,Quebec,Spirits,24,1.2
2014,Quebec,Wines,24,2.9
2014,Quebec,Beer,24,4.1
2014,Quebec,"Ciders, Coolers, and Other Refreshment Beverages",24,0.1
2014,Ontario,Total alcoholic beverages,35,7.3
2014,Ontario,Spirits,35,1.9
2014,Ontario,Wines,35,1.9
2014,Ontario,Beer,35,3.2
2014,Ontario,"Ciders, Coolers, and Other Refreshment Beverages",35,0.2
2014,Manitoba,Total alcoholic beverages,46,7.7
2014,Manitoba,Spirits,46,2.6
2014,Manitoba,Wines,46,1.4
2014,Manitoba,Beer,46,3.6
2014,Manitoba,"Ciders, Coolers, and Other Refreshment Beverages",46,0.2
2014,Saskatchewan,Total alcoholic beverages,47,8.3
2014,Saskatchewan,Spirits,47,3.0
2014,Saskatchewan,Wines,47,1.0
2014,Saskatchewan,Beer,47,3.8
2014,Saskatchewan,"Ciders, Coolers, and Other Refreshment Beverages",47,0.4
2014,Alberta,Total alcoholic beverages,48,9.4
2014,Alberta,Spirits,48,3.1
2014,Alberta,Wines,48,1.6
2014,Alberta,Beer,48,4.2
2014,Alberta,"Ciders, Coolers, and Other Refreshment Beverages",48,0.5
2014,British Columbia,Total alcoholic beverages,59,8.7
2014,British Columbia,Spirits,59,2.3
2014,British Columbia,Wines,59,2.2
2014,British Columbia,Beer,59,3.6
2014,British Columbia,"Ciders, Coolers, and Other Refreshment Beverages",59,0.5
2014,Yukon,Total alcoholic beverages,60,12.8
2014,Yukon,Spirits,60,4.0
2014,Yukon,Wines,60,2.2
2014,Yukon,Beer,60,6.0
2014,Yukon,"Ciders, Coolers, and Other Refreshment Beverages",60,0.6
2014,Northwest Territories,Total alcoholic beverages,61,11.9
2014,Northwest Territories,Spirits,61,5.1
2014,Northwest Territories,Wines,61,1.5
2014,Northwest Territories,Beer,61,5.0
2014,Northwest Territories,"Ciders, Coolers, and Other Refreshment Beverages",61,0.4
2014,Nunavut,Total alcoholic beverages,62,1.9
2014,Nunavut,Spirits,62,0.6
2014,Nunavut,Wines,62,0.2
2014,Nunavut,Beer,62,1.0
2014,Nunavut,"Ciders, Coolers, and Other Refreshment Beverages",62,0.0
2015,Canada,Spirits,,2.1
2015,Canada,Wines,,2.1
2015,Canada,Beer,,3.7
2015,Canada,"Ciders, Coolers, and Other Refreshment Beverages",,0.3
2015,Newfoundland and Labrador,Total alcoholic beverages,10,9.3
2015,Newfoundland and Labrador,Spirits,10,3.3
2015,Newfoundland and Labrador,Wines,10,1.2
2015,Newfoundland and Labrador,Beer,10,4.6
2015,Newfoundland and Labrador,"Ciders, Coolers, and Other Refreshment Beverages",10,0.3
2015,Prince Edward Island,Total alcoholic beverages,11,8.1
2015,Prince Edward Island,Spirits,11,2.6
2015,Prince Edward Island,Wines,11,1.5
2015,Prince Edward Island,Beer,11,3.8
2015,Prince Edward Island,"Ciders, Coolers, and Other Refreshment Beverages",11,0.2
2015,Nova Scotia,Total alcoholic beverages,12,7.8
2015,Nova Scotia,Spirits,12,2.3
2015,Nova Scotia,Wines,12,1.5
2015,Nova Scotia,Beer,12,3.7
2015,Nova Scotia,"Ciders, Coolers, and Other Refreshment Beverages",12,0.3
2015,New Brunswick,Total alcoholic beverages,13,6.8
2015,New Brunswick,Spirits,13,1.7
2015,New Brunswick,Wines,13,1.3
2015,New Brunswick,Beer,13,3.5
2015,New Brunswick,"Ciders, Coolers, and Other Refreshment Beverages",13,0.3
2015,Quebec,Total alcoholic beverages,24,8.3
2015,Quebec,Spirits,24,1.2
2015,Quebec,Wines,24,2.9
2015,Quebec,Beer,24,4.1
2015,Quebec,"Ciders, Coolers, and Other Refreshment Beverages",24,0.1
2015,Ontario,Total alcoholic beverages,35,7.5
2015,Ontario,Spirits,35,2.0
2015,Ontario,Wines,35,1.9
2015,Ontario,Beer,35,3.3
2015,Ontario,"Ciders, Coolers, and Other Refreshment Beverages",35,0.3
2015,Manitoba,Total alcoholic beverages,46,7.8
2015,Manitoba,Spirits,46,2.6
2015,Manitoba,Wines,46,1.4
2015,Manitoba,Beer,46,3.6
2015,Manitoba,"Ciders, Coolers, and Other Refreshment Beverages",46,0.3
2015,Saskatchewan,Total alcoholic beverages,47,8.5
2015,Saskatchewan,Spirits,47,3.0
2015,Saskatchewan,Wines,47,1.1
2015,Saskatchewan,Beer,47,3.7
2015,Saskatchewan,"Ciders, Coolers, and Other Refreshment Beverages",47,0.6
2015,Alberta,Total alcoholic beverages,48,9.3
2015,Alberta,Spirits,48,3.1
2015,Alberta,Wines,48,1.7
2015,Alberta,Beer,48,4.0
2015,Alberta,"Ciders, Coolers, and Other Refreshment Beverages",48,0.5
2015,British Columbia,Total alcoholic beverages,59,8.9
2015,British Columbia,Spirits,59,2.4
2015,British Columbia,Wines,59,2.2
2015,British Columbia,Beer,59,3.6
2015,British Columbia,"Ciders, Coolers, and Other Refreshment Beverages",59,0.6
2015,Yukon,Total alcoholic beverages,60,13.2
2015,Yukon,Spirits,60,4.1
2015,Yukon,Wines,60,2.3
2015,Yukon,Beer,60,6.0
2015,Yukon,"Ciders, Coolers, and Other Refreshment Beverages",60,0.8
2015,Northwest Territories,Total alcoholic beverages,61,11.8
2015,Northwest Territories,Spirits,61,5.0
2015,Northwest Territories,Wines,61,1.4
2015,Northwest Territories,Beer,61,4.8
2015,Northwest Territories,"Ciders, Coolers, and Other Refreshment Beverages",61,0.4
2015,Nunavut,Total alcoholic beverages,62,1.8
2015,Nunavut,Spirits,62,0.6
2015,Nunavut,Wines,62,0.2
2015,Nunavut,Beer,62,1.0
2015,Nunavut,"Ciders, Coolers, and Other Refreshment Beverages",62,0.0
2016,Canada,Spirits,,2.1
2016,Canada,Wines,,2.1
2016,Canada,Beer,,3.6
2016,Canada,"Ciders, Coolers, and Other Refreshment Beverages",,0.3
2016,Newfoundland and Labrador,Total alcoholic beverages,10,9.2
2016,Newfoundland and Labrador,Spirits,10,3.2
2016,Newfoundland and Labrador,Wines,10,1.2
2016,Newfoundland and Labrador,Beer,10,4.5
2016,Newfoundland and Labrador,"Ciders, Coolers, and Other Refreshment Beverages",10,0.3
2016,Prince Edward Island,Total alcoholic beverages,11,8.2
2016,Prince Edward Island,Spirits,11,2.4
2016,Prince Edward Island,Wines,11,1.5
2016,Prince Edward Island,Beer,11,3.9
2016,Prince Edward Island,"Ciders, Coolers, and Other Refreshment Beverages",11,0.3
2016,Nova Scotia,Total alcoholic beverages,12,7.7
2016,Nova Scotia,Spirits,12,2.3
2016,Nova Scotia,Wines,12,1.5
2016,Nova Scotia,Beer,12,3.6
2016,Nova Scotia,"Ciders, Coolers, and Other Refreshment Beverages",12,0.4
2016,New Brunswick,Total alcoholic beverages,13,7.0
2016,New Brunswick,Spirits,13,1.8
2016,New Brunswick,Wines,13,1.3
2016,New Brunswick,Beer,13,3.6
2016,New Brunswick,"Ciders, Coolers, and Other Refreshment Beverages",13,0.3
2016,Quebec,Total alcoholic beverages,24,8.4
2016,Quebec,Spirits,24,1.3
2016,Quebec,Wines,24,3.0
2016,Quebec,Beer,24,4.1
2016,Quebec,"Ciders, Coolers, and Other Refreshment Beverages",24,0.1
2016,Ontario,Total alcoholic beverages,35,7.7
2016,Ontario,Spirits,35,2.1
2016,Ontario,Wines,35,2.0
2016,Ontario,Beer,35,3.3
2016,Ontario,"Ciders, Coolers, and Other Refreshment Beverages",35,0.3
2016,Manitoba,Total alcoholic beverages,46,7.8
2016,Manitoba,Spirits,46,2.6
2016,Manitoba,Wines,46,1.4
2016,Manitoba,Beer,46,3.5
2016,Manitoba,"Ciders, Coolers, and Other Refreshment Beverages",46,0.3
2016,Saskatchewan,Total alcoholic beverages,47,8.3
2016,Saskatchewan,Spirits,47,3.0
2016,Saskatchewan,Wines,47,1.1
2016,Saskatchewan,Beer,47,3.7
2016,Saskatchewan,"Ciders, Coolers, and Other Refreshment Beverages",47,0.5
2016,Alberta,Total alcoholic beverages,48,8.9
2016,Alberta,Spirits,48,3.0
2016,Alberta,Wines,48,1.6
2016,Alberta,Beer,48,3.8
2016,Alberta,"Ciders, Coolers, and Other Refreshment Beverages",48,0.5
2016,British Columbia,Total alcoholic beverages,59,8.8
2016,British Columbia,Spirits,59,2.4
2016,British Columbia,Wines,59,2.3
2016,British Columbia,Beer,59,3.5
2016,British Columbia,"Ciders, Coolers, and Other Refreshment Beverages",59,0.6
2016,Yukon,Total alcoholic beverages,60,13.3
2016,Yukon,Spirits,60,4.2
2016,Yukon,Wines,60,2.3
2016,Yukon,Beer,60,5.9
2016,Yukon,"Ciders, Coolers, and Other Refreshment Beverages",60,1.0
2016,Northwest Territories,Total alcoholic beverages,61,11.5
2016,Northwest Territories,Spirits,61,4.9
2016,Northwest Territories,Wines,61,1.5
2016,Northwest Territories,Beer,61,4.6
2016,Northwest Territories,"Ciders, Coolers, and Other Refreshment Beverages",61,0.5
2016,Nunavut,Total alcoholic beverages,62,1.7
2016,Nunavut,Spirits,62,0.5
2016,Nunavut,Wines,62,0.2
2016,Nunavut,Beer,62,1.0
2016,Nunavut,"Ciders, Coolers, and Other Refreshment Beverages",62,0.0
2017,Canada,Spirits,,2.1
2017,Canada,Wines,,2.1
2017,Canada,Beer,,3.6
2017,Canada,"Ciders, Coolers, and Other Refreshment Beverages",,0.3
2017,Newfoundland and Labrador,Total alcoholic beverages,10,9.1
2017,Newfoundland and Labrador,Spirits,10,3.2
2017,Newfoundland and Labrador,Wines,10,1.3
2017,Newfoundland and Labrador,Beer,10,4.4
2017,Newfoundland and Labrador,"Ciders, Coolers, and Other Refreshment Beverages",10,0.3
2017,Prince Edward Island,Total alcoholic beverages,11,8.1
2017,Prince Edward Island,Spirits,11,2.4
2017,Prince Edward Island,Wines,11,1.5
2017,Prince Edward Island,Beer,11,3.8
2017,Prince Edward Island,"Ciders, Coolers, and Other Refreshment Beverages",11,0.3
2017,Nova Scotia,Total alcoholic beverages,12,7.8
2017,Nova Scotia,Spirits,12,2.3
2017,Nova Scotia,Wines,12,1.5
2017,Nova Scotia,Beer,12,3.5
2017,Nova Scotia,"Ciders, Coolers, and Other Refreshment Beverages",12,0.4
2017,New Brunswick,Total alcoholic beverages,13,6.9
2017,New Brunswick,Spirits,13,1.8
2017,New Brunswick,Wines,13,1.3
2017,New Brunswick,Beer,13,3.4
2017,New Brunswick,"Ciders, Coolers, and Other Refreshment Beverages",13,0.4
2017,Quebec,Total alcoholic beverages,24,8.5
2017,Quebec,Spirits,24,1.3
2017,Quebec,Wines,24,3.1
2017,Quebec,Beer,24,4.0
2017,Quebec,"Ciders, Coolers, and Other Refreshment Beverages",24,0.1
2017,Ontario,Total alcoholic beverages,35,7.7
2017,Ontario,Spirits,35,2.1
2017,Ontario,Wines,35,1.9
2017,Ontario,Beer,35,3.3
2017,Ontario,"Ciders, Coolers, and Other Refreshment Beverages",35,0.3
2017,Manitoba,Total alcoholic beverages,46,7.7
2017,Manitoba,Spirits,46,2.6
2017,Manitoba,Wines,46,1.4
2017,Manitoba,Beer,46,3.4
2017,Manitoba,"Ciders, Coolers, and Other Refreshment Beverages",46,0.3
2017,Saskatchewan,Total alcoholic beverages,47,8.0
2017,Saskatchewan,Spirits,47,2.9
2017,Saskatchewan,Wines,47,1.1
2017,Saskatchewan,Beer,47,3.5
2017,Saskatchewan,"Ciders, Coolers, and Other Refreshment Beverages",47,0.5
2017,Alberta,Total alcoholic beverages,48,8.8
2017,Alberta,Spirits,48,2.9
2017,Alberta,Wines,48,1.6
2017,Alberta,Beer,48,3.7
2017,Alberta,"Ciders, Coolers, and Other Refreshment Beverages",48,0.5
2017,British Columbia,Total alcoholic beverages,59,8.9
2017,British Columbia,Spirits,59,2.4
2017,British Columbia,Wines,59,2.3
2017,British Columbia,Beer,59,3.5
2017,British Columbia,"Ciders, Coolers, and Other Refreshment Beverages",59,0.7
2017,Yukon,Total alcoholic beverages,60,13.1
2017,Yukon,Spirits,60,4.1
2017,Yukon,Wines,60,2.2
2017,Yukon,Beer,60,5.7
2017,Yukon,"Ciders, Coolers, and Other Refreshment Beverages",60,1.0
2017,Northwest Territories,Total alcoholic beverages,61,12.1
2017,Northwest Territories,Spirits,61,5.3
2017,Northwest Territories,Wines,61,1.6
2017,Northwest Territories,Beer,61,4.7
2017,Northwest Territories,"Ciders, Coolers, and Other Refreshment Beverages",61,0.5
2017,Nunavut,Total alcoholic beverages,62,2.8
2017,Nunavut,Spirits,62,0.5
2017,Nunavut,Wines,62,0.7
2017,Nunavut,Beer,62,1.6
2017,Nunavut,"Ciders, Coolers, and Other Refreshment Beverages",62,0.0
2018,Canada,Spirits,,2.1
2018,Canada,Wines,,2.0
2018,Canada,Beer,,3.5
2018,Canada,"Ciders, Coolers, and Other Refreshment Beverages",,0.4
2018,Newfoundland and Labrador,Total alcoholic beverages,10,8.8
2018,Newfoundland and Labrador,Spirits,10,3.0
2018,Newfoundland and Labrador,Wines,10,1.2
2018,Newfoundland and Labrador,Beer,10,4.3
2018,Newfoundland and Labrador,"Ciders, Coolers, and Other Refreshment Beverages",10,0.3
2018,Prince Edward Island,Total alcoholic beverages,11,8.0
2018,Prince Edward Island,Spirits,11,2.3
2018,Prince Edward Island,Wines,11,1.5
2018,Prince Edward Island,Beer,11,3.8
2018,Prince Edward Island,"Ciders, Coolers, and Other Refreshment Beverages",11,0.4
2018,Nova Scotia,Total alcoholic beverages,12,7.7
2018,Nova Scotia,Spirits,12,2.3
2018,Nova Scotia,Wines,12,1.5
2018,Nova Scotia,Beer,12,3.5
2018,Nova Scotia,"Ciders, Coolers, and Other Refreshment Beverages",12,0.4
2018,New Brunswick,Total alcoholic beverages,13,6.8
2018,New Brunswick,Spirits,13,1.8
2018,New Brunswick,Wines,13,1.3
2018,New Brunswick,Beer,13,3.4
2018,New Brunswick,"Ciders, Coolers, and Other Refreshment Beverages",13,0.4
2018,Quebec,Total alcoholic beverages,24,8.4
2018,Quebec,Spirits,24,1.3
2018,Quebec,Wines,24,3.0
2018,Quebec,Beer,24,4.0
2018,Quebec,"Ciders, Coolers, and Other Refreshment Beverages",24,0.1
2018,Ontario,Total alcoholic beverages,35,7.5
2018,Ontario,Spirits,35,2.1
2018,Ontario,Wines,35,1.8
2018,Ontario,Beer,35,3.3
2018,Ontario,"Ciders, Coolers, and Other Refreshment Beverages",35,0.4
2018,Manitoba,Total alcoholic beverages,46,7.5
2018,Manitoba,Spirits,46,2.5
2018,Manitoba,Wines,46,1.3
2018,Manitoba,Beer,46,3.3
2018,Manitoba,"Ciders, Coolers, and Other Refreshment Beverages",46,0.4
2018,Saskatchewan,Total alcoholic beverages,47,7.8
2018,Saskatchewan,Spirits,47,2.9
2018,Saskatchewan,Wines,47,1.1
2018,Saskatchewan,Beer,47,3.3
2018,Saskatchewan,"Ciders, Coolers, and Other Refreshment Beverages",47,0.5
2018,Alberta,Total alcoholic beverages,48,8.6
2018,Alberta,Spirits,48,3.0
2018,Alberta,Wines,48,1.6
2018,Alberta,Beer,48,3.5
2018,Alberta,"Ciders, Coolers, and Other Refreshment Beverages",48,0.5
2018,British Columbia,Total alcoholic beverages,59,8.8
2018,British Columbia,Spirits,59,2.4
2018,British Columbia,Wines,59,2.2
2018,British Columbia,Beer,59,3.4
2018,British Columbia,"Ciders, Coolers, and Other Refreshment Beverages",59,0.8
2018,Yukon,Total alcoholic beverages,60,13.0
2018,Yukon,Spirits,60,4.2
2018,Yukon,Wines,60,2.2
2018,Yukon,Beer,60,5.6
2018,Yukon,"Ciders, Coolers, and Other Refreshment Beverages",60,1.1
2018,Northwest Territories,Total alcoholic beverages,61,11.9
2018,Northwest Territories,Spirits,61,5.3
2018,Northwest Territories,Wines,61,1.6
2018,Northwest Territories,Beer,61,4.5
2018,Northwest Territories,"Ciders, Coolers, and Other Refreshment Beverages",61,0.5
2018,Nunavut,Total alcoholic beverages,62,3.6
2018,Nunavut,Spirits,62,0.5
2018,Nunavut,Wines,62,0.8
2018,Nunavut,Beer,62,2.3
2018,Nunavut,"Ciders, Coolers, and Other Refreshment Beverages",62,0.0
2019,Canada,Spirits,,2.2
2019,Canada,Wines,,2.1
2019,Canada,Beer,,3.4
2019,Canada,"Ciders, Coolers, and Other Refreshment Beverages",,0.4
2019,Newfoundland and Labrador,Total alcoholic beverages,10,8.8
2019,Newfoundland and Labrador,Spirits,10,3.1
2019,Newfoundland and Labrador,Wines,10,1.2
2019,Newfoundland and Labrador,Beer,10,4.2
2019,Newfoundland and Labrador,"Ciders, Coolers, and Other Refreshment Beverages",10,0.3
2019,Prince Edward Island,Total alcoholic beverages,11,8.0
2019,Prince Edward Island,Spirits,11,2.3
2019,Prince Edward Island,Wines,11,1.5
2019,Prince Edward Island,Beer,11,3.7
2019,Prince Edward Island,"Ciders, Coolers, and Other Refreshment Beverages",11,0.5
2019,Nova Scotia,Total alcoholic beverages,12,7.8
2019,Nova Scotia,Spirits,12,2.3
2019,Nova Scotia,Wines,12,1.5
2019,Nova Scotia,Beer,12,3.4
2019,Nova Scotia,"Ciders, Coolers, and Other Refreshment Beverages",12,0.5
2019,New Brunswick,Total alcoholic beverages,13,6.9
2019,New Brunswick,Spirits,13,1.8
2019,New Brunswick,Wines,13,1.3
2019,New Brunswick,Beer,13,3.3
2019,New Brunswick,"Ciders, Coolers, and Other Refreshment Beverages",13,0.5
2019,Quebec,Total alcoholic beverages,24,8.5
2019,Quebec,Spirits,24,1.4
2019,Quebec,Wines,24,3.1
2019,Quebec,Beer,24,3.9
2019,Quebec,"Ciders, Coolers, and Other Refreshment Beverages",24,0.1
2019,Ontario,Total alcoholic beverages,35,7.6
2019,Ontario,Spirits,35,2.1
2019,Ontario,Wines,35,1.9
2019,Ontario,Beer,35,3.2
2019,Ontario,"Ciders, Coolers, and Other Refreshment Beverages",35,0.4
2019,Manitoba,Total alcoholic beverages,46,7.5
2019,Manitoba,Spirits,46,2.6
2019,Manitoba,Wines,46,1.4
2019,Manitoba,Beer,46,3.1
2019,Manitoba,"Ciders, Coolers, and Other Refreshment Beverages",46,0.4
2019,Saskatchewan,Total alcoholic beverages,47,7.4
2019,Saskatchewan,Spirits,47,2.8
2019,Saskatchewan,Wines,47,1.0
2019,Saskatchewan,Beer,47,3.0
2019,Saskatchewan,"Ciders, Coolers, and Other Refreshment Beverages",47,0.5
2019,Alberta,Total alcoholic beverages,48,8.6
2019,Alberta,Spirits,48,3.0
2019,Alberta,Wines,48,1.6
2019,Alberta,Beer,48,3.3
2019,Alberta,"Ciders, Coolers, and Other Refreshment Beverages",48,0.6
2019,British Columbia,Total alcoholic beverages,59,8.8
2019,British Columbia,Spirits,59,2.4
2019,British Columbia,Wines,59,2.3
2019,British Columbia,Beer,59,3.2
2019,British Columbia,"Ciders, Coolers, and Other Refreshment Beverages",59,0.9
2019,Yukon,Total alcoholic beverages,60,13.0
2019,Yukon,Spirits,60,4.2
2019,Yukon,Wines,60,2.2
2019,Yukon,Beer,60,5.5
2019,Yukon,"Ciders, Coolers, and Other Refreshment Beverages",60,1.2
2019,Northwest Territories,Total alcoholic beverages,61,11.7
2019,Northwest Territories,Spirits,61,5.4
2019,Northwest Territories,Wines,61,1.6
2019,Northwest Territories,Beer,61,4.2
2019,Northwest Territories,"Ciders, Coolers, and Other Refreshment Beverages",61,0.6
2019,Nunavut,Total alcoholic beverages,62,3.8
2019,Nunavut,Spirits,62,0.5
2019,Nunavut,Wines,62,0.6
2019,Nunavut,Beer,62,2.6
2019,Nunavut,"Ciders, Coolers, and Other Refreshment Beverages",62,0.2
2020,Canada,Spirits,,2.2
2020,Canada,Wines,,2.1
2020,Canada,Beer,,3.3
2020,Canada,"Ciders, Coolers, and Other Refreshment Beverages",,0.6
2020,Newfoundland and Labrador,Total alcoholic beverages,10,9.2
2020,Newfoundland and Labrador,Spirits,10,3.2
2020,Newfoundland and Labrador,Wines,10,1.2
2020,Newfoundland and Labrador,Beer,10,4.3
2020,Newfoundland and Labrador,"Ciders, Coolers, and Other Refreshment Beverages",10,0.5
2020,Prince Edward Island,Total alcoholic beverages,11,8.1
2020,Prince Edward Island,Spirits,11,2.3
2020,Prince Edward Island,Wines,11,1.4
2020,Prince Edward Island,Beer,11,3.5
2020,Prince Edward Island,"Ciders, Coolers, and Other Refreshment Beverages",11,0.9
2020,Nova Scotia,Total alcoholic beverages,12,8.2
2020,Nova Scotia,Spirits,12,2.5
2020,Nova Scotia,Wines,12,1.5
2020,Nova Scotia,Beer,12,3.3
2020,Nova Scotia,"Ciders, Coolers, and Other Refreshment Beverages",12,0.8
2020,New Brunswick,Total alcoholic beverages,13,7.7
2020,New Brunswick,Spirits,13,2.0
2020,New Brunswick,Wines,13,1.4
2020,New Brunswick,Beer,13,3.6
2020,New Brunswick,"Ciders, Coolers, and Other Refreshment Beverages",13,0.7
2020,Quebec,Total alcoholic beverages,24,8.4
2020,Quebec,Spirits,24,1.5
2020,Quebec,Wines,24,3.1
2020,Quebec,Beer,24,3.7
2020,Quebec,"Ciders, Coolers, and Other Refreshment Beverages",24,0.1
2020,Ontario,Total alcoholic beverages,35,7.8
2020,Ontario,Spirits,35,2.2
2020,Ontario,Wines,35,1.9
2020,Ontario,Beer,35,3.1
2020,Ontario,"Ciders, Coolers, and Other Refreshment Beverages",35,0.6
2020,Manitoba,Total alcoholic beverages,46,8.0
2020,Manitoba,Spirits,46,2.8
2020,Manitoba,Wines,46,1.4
2020,Manitoba,Beer,46,3.2
2020,Manitoba,"Ciders, Coolers, and Other Refreshment Beverages",46,0.6
2020,Saskatchewan,Total alcoholic beverages,47,7.9
2020,Saskatchewan,Spirits,47,2.9
2020,Saskatchewan,Wines,47,1.2
2020,Saskatchewan,Beer,47,3.0
2020,Saskatchewan,"Ciders, Coolers, and Other Refreshment Beverages",47,0.8
2020,Alberta,Total alcoholic beverages,48,9.0
2020,Alberta,Spirits,48,3.2
2020,Alberta,Wines,48,1.6
2020,Alberta,Beer,48,3.2
2020,Alberta,"Ciders, Coolers, and Other Refreshment Beverages",48,0.9
2020,British Columbia,Total alcoholic beverages,59,9.0
2020,British Columbia,Spirits,59,2.5
2020,British Columbia,Wines,59,2.3
2020,British Columbia,Beer,59,3.1
2020,British Columbia,"Ciders, Coolers, and Other Refreshment Beverages",59,1.1
2020,Yukon,Total alcoholic beverages,60,13.3
2020,Yukon,Spirits,60,4.5
2020,Yukon,Wines,60,2.1
2020,Yukon,Beer,60,5.1
2020,Yukon,"Ciders, Coolers, and Other Refreshment Beverages",60,1.6
2020,Northwest Territories,Total alcoholic beverages,61,13.4
2020,Northwest Territories,Spirits,61,6.6
2020,Northwest Territories,Wines,61,1.6
2020,Northwest Territories,Beer,61,4.3
2020,Northwest Territories,"Ciders, Coolers, and Other Refreshment Beverages",61,0.9
2020,Nunavut,Total alcoholic beverages,62,4.2
2020,Nunavut,Spirits,62,0.5
2020,Nunavut,Wines,62,0.7
2020,Nunavut,Beer,62,2.7
2020,Nunavut,"Ciders, Coolers, and Other Refreshment Beverages",62,0.2
2021,Canada,Spirits,,2.2
2021,Canada,Wines,,2.0
2021,Canada,Beer,,3.2
2021,Canada,"Ciders, Coolers, and Other Refreshment Beverages",,0.7
2021,Newfoundland and Labrador,Total alcoholic beverages,10,9.0
2021,Newfoundland and Labrador,Spirits,10,3.1
2021,Newfoundland and Labrador,Wines,10,1.2
2021,Newfoundland and Labrador,Beer,10,4.2
2021,Newfoundland and Labrador,"Ciders, Coolers, and Other Refreshment Beverages",10,0.6
2021,Prince Edward Island,Total alcoholic beverages,11,8.0
2021,Prince Edward Island,Spirits,11,2.3
2021,Prince Edward Island,Wines,11,1.4
2021,Prince Edward Island,Beer,11,3.3
2021,Prince Edward Island,"Ciders, Coolers, and Other Refreshment Beverages",11,1.0
2021,Nova Scotia,Total alcoholic beverages,12,8.1
2021,Nova Scotia,Spirits,12,2.4
2021,Nova Scotia,Wines,12,1.5
2021,Nova Scotia,Beer,12,3.2
2021,Nova Scotia,"Ciders, Coolers, and Other Refreshment Beverages",12,0.9
2021,New Brunswick,Total alcoholic beverages,13,7.6
2021,New Brunswick,Spirits,13,2.0
2021,New Brunswick,Wines,13,1.4
2021,New Brunswick,Beer,13,3.4
2021,New Brunswick,"Ciders, Coolers, and Other Refreshment Beverages",13,0.8
2021,Quebec,Total alcoholic beverages,24,8.4
2021,Quebec,Spirits,24,1.5
2021,Quebec,Wines,24,3.0
2021,Quebec,Beer,24,3.7
2021,Quebec,"Ciders, Coolers, and Other Refreshment Beverages",24,0.2
2021,Ontario,Total alcoholic beverages,35,7.6
2021,Ontario,Spirits,35,2.2
2021,Ontario,Wines,35,1.8
2021,Ontario,Beer,35,2.9
2021,Ontario,"Ciders, Coolers, and Other Refreshment Beverages",35,0.7
2021,Manitoba,Total alcoholic beverages,46,7.7
2021,Manitoba,Spirits,46,2.7
2021,Manitoba,Wines,46,1.3
2021,Manitoba,Beer,46,2.9
2021,Manitoba,"Ciders, Coolers, and Other Refreshment Beverages",46,0.8
2021,Saskatchewan,Total alcoholic beverages,47,7.8
2021,Saskatchewan,Spirits,47,2.9
2021,Saskatchewan,Wines,47,1.0
2021,Saskatchewan,Beer,47,2.9
2021,Saskatchewan,"Ciders, Coolers, and Other Refreshment Beverages",47,0.9
2021,Alberta,Total alcoholic beverages,48,8.6
2021,Alberta,Spirits,48,3.1
2021,Alberta,Wines,48,1.5
2021,Alberta,Beer,48,3.0
2021,Alberta,"Ciders, Coolers, and Other Refreshment Beverages",48,0.9
2021,British Columbia,Total alcoholic beverages,59,8.9
2021,British Columbia,Spirits,59,2.5
2021,British Columbia,Wines,59,2.2
2021,British Columbia,Beer,59,3.0
2021,British Columbia,"Ciders, Coolers, and Other Refreshment Beverages",59,1.2
2021,Yukon,Total alcoholic beverages,60,12.3
2021,Yukon,Spirits,60,4.0
2021,Yukon,Wines,60,1.9
2021,Yukon,Beer,60,4.7
2021,Yukon,"Ciders, Coolers, and Other Refreshment Beverages",60,1.7
2021,Northwest Territories,Total alcoholic beverages,61,12.0
2021,Northwest Territories,Spirits,61,5.8
2021,Northwest Territories,Wines,61,1.4
2021,Northwest Territories,Beer,61,3.9
2021,Northwest Territories,"Ciders, Coolers, and Other Refreshment Beverages",61,1.0
2021,Nunavut,Total alcoholic beverages,62,3.9
2021,Nunavut,Spirits,62,0.4
2021,Nunavut,Wines,62,0.7
2021,Nunavut,Beer,62,2.4
2021,Nunavut,"Ciders, Coolers, and Other Refreshment Beverages",62,0.4
2022,Canada,Spirits,,2.2
2022,Canada,Wines,,1.9
2022,Canada,Beer,,3.1
2022,Canada,"Ciders, Coolers, and Other Refreshment Beverages",,0.7
2022,Newfoundland and Labrador,Total alcoholic beverages,10,8.7
2022,Newfoundland and Labrador,Spirits,10,3.0
2022,Newfoundland and Labrador,Wines,10,1.1
2022,Newfoundland and Labrador,Beer,10,4.1
2022,Newfoundland and Labrador,"Ciders, Coolers, and Other Refreshment Beverages",10,0.6
2022,Prince Edward Island,Total alcoholic beverages,11,8.0
2022,Prince Edward Island,Spirits,11,2.3
2022,Prince Edward Island,Wines,11,1.4
2022,Prince Edward Island,Beer,11,3.3
2022,Prince Edward Island,"Ciders, Coolers, and Other Refreshment Beverages",11,1.1
2022,Nova Scotia,Total alcoholic beverages,12,7.8
2022,Nova Scotia,Spirits,12,2.3
2022,Nova Scotia,Wines,12,1.4
2022,Nova Scotia,Beer,12,3.1
2022,Nova Scotia,"Ciders, Coolers, and Other Refreshment Beverages",12,0.9
2022,New Brunswick,Total alcoholic beverages,13,7.2
2022,New Brunswick,Spirits,13,1.9
2022,New Brunswick,Wines,13,1.3
2022,New Brunswick,Beer,13,3.2
2022,New Brunswick,"Ciders, Coolers, and Other Refreshment Beverages",13,0.8
2022,Quebec,Total alcoholic beverages,24,8.3
2022,Quebec,Spirits,24,1.6
2022,Quebec,Wines,24,2.9
2022,Quebec,Beer,24,3.6
2022,Quebec,"Ciders, Coolers, and Other Refreshment Beverages",24,0.2
2022,Ontario,Total alcoholic beverages,35,7.3
2022,Ontario,Spirits,35,2.0
2022,Ontario,Wines,35,1.7
2022,Ontario,Beer,35,2.9
2022,Ontario,"Ciders, Coolers, and Other Refreshment Beverages",35,0.7
2022,Manitoba,Total alcoholic beverages,46,7.5
2022,Manitoba,Spirits,46,2.7
2022,Manitoba,Wines,46,1.2
2022,Manitoba,Beer,46,2.7
2022,Manitoba,"Ciders, Coolers, and Other Refreshment Beverages",46,0.9
2022,Saskatchewan,Total alcoholic beverages,47,7.9
2022,Saskatchewan,Spirits,47,3.0
2022,Saskatchewan,Wines,47,1.1
2022,Saskatchewan,Beer,47,2.9
2022,Saskatchewan,"Ciders, Coolers, and Other Refreshment Beverages",47,0.9
2022,Alberta,Total alcoholic beverages,48,8.2
2022,Alberta,Spirits,48,3.0
2022,Alberta,Wines,48,1.4
2022,Alberta,Beer,48,2.9
2022,Alberta,"Ciders, Coolers, and Other Refreshment Beverages",48,0.9
2022,British Columbia,Total alcoholic beverages,59,8.5
2022,British Columbia,Spirits,59,2.5
2022,British Columbia,Wines,59,2.0
2022,British Columbia,Beer,59,2.9
2022,British Columbia,"Ciders, Coolers, and Other Refreshment Beverages",59,1.1
2022,Yukon,Total alcoholic beverages,60,12.0
2022,Yukon,Spirits,60,3.9
2022,Yukon,Wines,60,1.8
2022,Yukon,Beer,60,4.7
2022,Yukon,"Ciders, Coolers, and Other Refreshment Beverages",60,1.6
2022,Northwest Territories,Total alcoholic beverages,61,11.5
2022,Northwest Territories,Spirits,61,5.5
2022,Northwest Territories,Wines,61,1.3
2022,Northwest Territories,Beer,61,3.7
2022,Northwest Territories,"Ciders, Coolers, and Other Refreshment Beverages",61,1.0
2022,Nunavut,Total alcoholic beverages,62,4.7
2022,Nunavut,Spirits,62,0.5
2022,Nunavut,Wines,62,0.6
2022,Nunavut,Beer,62,3.0
2022,Nunavut,"Ciders, Coolers, and Other Refreshment Beverages",62,0.7
