Year,Geography,Selected diseases,Target population,Gender,GeoCode,Value
2015,Canada,Diphtheria,Recommended vaccines for 2-year-old children,Total - Gender,,76.9
2015,Canada,Pertussis (whooping cough),Recommended vaccines for 2-year-old children,Total - Gender,,77.0
2015,Canada,Tetanus,Recommended vaccines for 2-year-old children,Total - Gender,,76.7
2015,Canada,Polio,Recommended vaccines for 2-year-old children,Total - Gender,,91.2
2015,Canada,Haemophilus influenzae type B (Hib),Recommended vaccines for 2-year-old children,Total - Gender,,71.9
2015,Canada,Measles,Recommended vaccines for 2-year-old children,Total - Gender,,89.2
2015,Canada,Mumps,Recommended vaccines for 2-year-old children,Total - Gender,,88.9
2015,Canada,Rubella,Recommended vaccines for 2-year-old children,Total - Gender,,88.9
2015,Canada,Hepatitis B,Recommended vaccines for 2-year-old children,Total - Gender,,69.2
2015,Canada,Varicella,Recommended vaccines for 2-year-old children,Total - Gender,,74.8
2015,Canada,Meningococcal type C,Recommended vaccines for 2-year-old children,Total - Gender,,87.8
2015,Canada,Pneumococcal,Recommended vaccines for 2-year-old children,Total - Gender,,80.3
2015,Canada,Rotavirus,Recommended vaccines for 2-year-old children,Total - Gender,,75.4
2015,Canada,Diphtheria,Recommended vaccines for 7-year-old children,Total - Gender,,74.6
2015,Canada,Pertussis (whooping cough),Recommended vaccines for 7-year-old children,Total - Gender,,74.9
2015,Canada,Tetanus,Recommended vaccines for 7-year-old children,Total - Gender,,74.6
2015,Canada,Polio,Recommended vaccines for 7-year-old children,Total - Gender,,90.2
2015,Canada,Haemophilus influenzae type B (Hib),Recommended vaccines for 7-year-old children,Total - Gender,,77.3
2015,Canada,Measles,Recommended vaccines for 7-year-old children,Total - Gender,,85.8
2015,Canada,Mumps,Recommended vaccines for 7-year-old children,Total - Gender,,86.2
2015,Canada,Rubella,Recommended vaccines for 7-year-old children,Total - Gender,,93.5
2015,Canada,Human Papillomavirus (HPV),Recommended vaccines for 14-year-old children,Women+,,74.6
2015,Canada,Diphtheria,Recommended vaccines for 17-year-old children,Total - Gender,,62.2
2015,Canada,Pertussis (whooping cough),Recommended vaccines for 17-year-old children,Total - Gender,,60.2
2015,Canada,Tetanus,Recommended vaccines for 17-year-old children,Total - Gender,,60.9
2015,Canada,Polio,Recommended vaccines for 17-year-old children,Total - Gender,,87.2
2015,Canada,Haemophilus influenzae type B (Hib),Recommended vaccines for 17-year-old children,Total - Gender,,74.9
2015,Canada,Measles,Recommended vaccines for 17-year-old children,Total - Gender,,89.2
2015,Canada,Mumps,Recommended vaccines for 17-year-old children,Total - Gender,,87.7
2015,Canada,Rubella,Recommended vaccines for 17-year-old children,Total - Gender,,95.1
2015,Canada,Hepatitis B,Recommended vaccines for 17-year-old children,Total - Gender,,88.1
2017,Canada,Diphtheria,Recommended vaccines for 2-year-old children,Total - Gender,,75.8
2017,Canada,Pertussis (whooping cough),Recommended vaccines for 2-year-old children,Total - Gender,,75.8
2017,Canada,Tetanus,Recommended vaccines for 2-year-old children,Total - Gender,,75.8
2017,Canada,Polio,Recommended vaccines for 2-year-old children,Total - Gender,,90.7
2017,Canada,Haemophilus influenzae type B (Hib),Recommended vaccines for 2-year-old children,Total - Gender,,73.4
2017,Canada,Measles,Recommended vaccines for 2-year-old children,Total - Gender,,90.2
2017,Canada,Mumps,Recommended vaccines for 2-year-old children,Total - Gender,,89.9
2017,Canada,Rubella,Recommended vaccines for 2-year-old children,Total - Gender,,90.0
2017,Canada,Hepatitis B,Recommended vaccines for 2-year-old children,Total - Gender,,74.1
2017,Canada,Varicella,Recommended vaccines for 2-year-old children,Total - Gender,,82.9
2017,Canada,Meningococcal type C,Recommended vaccines for 2-year-old children,Total - Gender,,87.6
2017,Canada,Pneumococcal,Recommended vaccines for 2-year-old children,Total - Gender,,81.4
2017,Canada,Rotavirus,Recommended vaccines for 2-year-old children,Total - Gender,,78.8
2017,Canada,Diphtheria,Recommended vaccines for 7-year-old children,Total - Gender,,80.5
2017,Canada,Pertussis (whooping cough),Recommended vaccines for 7-year-old children,Total - Gender,,80.5
2017,Canada,Tetanus,Recommended vaccines for 7-year-old children,Total - Gender,,80.5
2017,Canada,Polio,Recommended vaccines for 7-year-old children,Total - Gender,,92.3
2017,Canada,Haemophilus influenzae type B (Hib),Recommended vaccines for 7-year-old children,Total - Gender,,83.9
2017,Canada,Measles,Recommended vaccines for 7-year-old children,Total - Gender,,87.0
2017,Canada,Mumps,Recommended vaccines for 7-year-old children,Total - Gender,,86.4
2017,Canada,Rubella,Recommended vaccines for 7-year-old children,Total - Gender,,94.5
2017,Canada,Hepatitis B,Recommended vaccines for 14-year-old children,Total - Gender,,83.1
2017,Canada,Hepatitis B,Recommended vaccines for 14-year-old children,Men+,,82.1
2017,Canada,Hepatitis B,Recommended vaccines for 14-year-old children,Women+,,84.1
2017,Canada,Human Papillomavirus (HPV),Recommended vaccines for 14-year-old children,Women+,,83.0
2017,Canada,"Diphtheria, Tetanus, acellular Pertussis (Tdap) booster",Recommended vaccines for 17-year-old children,Total - Gender,,89.3
2017,Newfoundland and Labrador,Diphtheria,Recommended vaccines for 2-year-old children,Total - Gender,10,88.9
2017,Newfoundland and Labrador,Pertussis (whooping cough),Recommended vaccines for 2-year-old children,Total - Gender,10,88.9
2017,Newfoundland and Labrador,Tetanus,Recommended vaccines for 2-year-old children,Total - Gender,10,88.9
2017,Newfoundland and Labrador,Polio,Recommended vaccines for 2-year-old children,Total - Gender,10,96.9
2017,Newfoundland and Labrador,Haemophilus influenzae type B (Hib),Recommended vaccines for 2-year-old children,Total - Gender,10,87.7
2017,Newfoundland and Labrador,Measles,Recommended vaccines for 2-year-old children,Total - Gender,10,96.9
2017,Newfoundland and Labrador,Mumps,Recommended vaccines for 2-year-old children,Total - Gender,10,96.9
2017,Newfoundland and Labrador,Rubella,Recommended vaccines for 2-year-old children,Total - Gender,10,96.9
2017,Newfoundland and Labrador,Varicella,Recommended vaccines for 2-year-old children,Total - Gender,10,95.1
2017,Newfoundland and Labrador,Meningococcal type C,Recommended vaccines for 2-year-old children,Total - Gender,10,93.2
2017,Newfoundland and Labrador,Pneumococcal,Recommended vaccines for 2-year-old children,Total - Gender,10,90.2
2017,Prince Edward Island,Diphtheria,Recommended vaccines for 2-year-old children,Total - Gender,11,81.2
2017,Prince Edward Island,Pertussis (whooping cough),Recommended vaccines for 2-year-old children,Total - Gender,11,81.2
2017,Prince Edward Island,Tetanus,Recommended vaccines for 2-year-old children,Total - Gender,11,81.2
2017,Prince Edward Island,Polio,Recommended vaccines for 2-year-old children,Total - Gender,11,93.9
2017,Prince Edward Island,Haemophilus influenzae type B (Hib),Recommended vaccines for 2-year-old children,Total - Gender,11,79.8
2017,Prince Edward Island,Measles,Recommended vaccines for 2-year-old children,Total - Gender,11,93.2
2017,Prince Edward Island,Mumps,Recommended vaccines for 2-year-old children,Total - Gender,11,92.6
2017,Prince Edward Island,Rubella,Recommended vaccines for 2-year-old children,Total - Gender,11,92.6
2017,Prince Edward Island,Hepatitis B,Recommended vaccines for 2-year-old children,Total - Gender,11,86.7
2017,Prince Edward Island,Varicella,Recommended vaccines for 2-year-old children,Total - Gender,11,92.0
2017,Prince Edward Island,Meningococcal type C,Recommended vaccines for 2-year-old children,Total - Gender,11,92.7
2017,Prince Edward Island,Pneumococcal,Recommended vaccines for 2-year-old children,Total - Gender,11,89.5
2017,Prince Edward Island,Rotavirus,Recommended vaccines for 2-year-old children,Total - Gender,11,85.9
2017,Nova Scotia,Diphtheria,Recommended vaccines for 2-year-old children,Total - Gender,12,73.8
2017,Nova Scotia,Pertussis (whooping cough),Recommended vaccines for 2-year-old children,Total - Gender,12,73.8
2017,Nova Scotia,Tetanus,Recommended vaccines for 2-year-old children,Total - Gender,12,73.8
2017,Nova Scotia,Polio,Recommended vaccines for 2-year-old children,Total - Gender,12,93.5
2017,Nova Scotia,Haemophilus influenzae type B (Hib),Recommended vaccines for 2-year-old children,Total - Gender,12,68.5
2017,Nova Scotia,Measles,Recommended vaccines for 2-year-old children,Total - Gender,12,87.1
2017,Nova Scotia,Mumps,Recommended vaccines for 2-year-old children,Total - Gender,12,86.8
2017,Nova Scotia,Rubella,Recommended vaccines for 2-year-old children,Total - Gender,12,86.8
2017,Nova Scotia,Varicella,Recommended vaccines for 2-year-old children,Total - Gender,12,84.8
2017,Nova Scotia,Meningococcal type C,Recommended vaccines for 2-year-old children,Total - Gender,12,81.8
2017,Nova Scotia,Pneumococcal,Recommended vaccines for 2-year-old children,Total - Gender,12,80.4
2017,New Brunswick,Diphtheria,Recommended vaccines for 2-year-old children,Total - Gender,13,75.5
2017,New Brunswick,Pertussis (whooping cough),Recommended vaccines for 2-year-old children,Total - Gender,13,75.5
2017,New Brunswick,Tetanus,Recommended vaccines for 2-year-old children,Total - Gender,13,75.5
2017,New Brunswick,Polio,Recommended vaccines for 2-year-old children,Total - Gender,13,90.1
2017,New Brunswick,Haemophilus influenzae type B (Hib),Recommended vaccines for 2-year-old children,Total - Gender,13,74.7
2017,New Brunswick,Measles,Recommended vaccines for 2-year-old children,Total - Gender,13,92.0
2017,New Brunswick,Mumps,Recommended vaccines for 2-year-old children,Total - Gender,13,92.0
2017,New Brunswick,Rubella,Recommended vaccines for 2-year-old children,Total - Gender,13,92.0
2017,New Brunswick,Hepatitis B,Recommended vaccines for 2-year-old children,Total - Gender,13,81.0
2017,New Brunswick,Varicella,Recommended vaccines for 2-year-old children,Total - Gender,13,90.9
2017,New Brunswick,Meningococcal type C,Recommended vaccines for 2-year-old children,Total - Gender,13,88.3
2017,New Brunswick,Pneumococcal,Recommended vaccines for 2-year-old children,Total - Gender,13,82.2
2017,Ontario,Diphtheria,Recommended vaccines for 2-year-old children,Total - Gender,35,75.7
2017,Ontario,Pertussis (whooping cough),Recommended vaccines for 2-year-old children,Total - Gender,35,75.7
2017,Ontario,Tetanus,Recommended vaccines for 2-year-old children,Total - Gender,35,75.7
2017,Ontario,Polio,Recommended vaccines for 2-year-old children,Total - Gender,35,91.0
2017,Ontario,Haemophilus influenzae type B (Hib),Recommended vaccines for 2-year-old children,Total - Gender,35,72.9
2017,Ontario,Measles,Recommended vaccines for 2-year-old children,Total - Gender,35,90.9
2017,Ontario,Mumps,Recommended vaccines for 2-year-old children,Total - Gender,35,90.5
2017,Ontario,Rubella,Recommended vaccines for 2-year-old children,Total - Gender,35,90.5
2017,Ontario,Varicella,Recommended vaccines for 2-year-old children,Total - Gender,35,84.3
2017,Ontario,Meningococcal type C,Recommended vaccines for 2-year-old children,Total - Gender,35,85.7
2017,Ontario,Pneumococcal,Recommended vaccines for 2-year-old children,Total - Gender,35,80.5
2017,Ontario,Rotavirus,Recommended vaccines for 2-year-old children,Total - Gender,35,77.7
2017,Quebec,Diphtheria,Recommended vaccines for 2-year-old children,Total - Gender,24,73.7
2017,Quebec,Pertussis (whooping cough),Recommended vaccines for 2-year-old children,Total - Gender,24,73.7
2017,Quebec,Tetanus,Recommended vaccines for 2-year-old children,Total - Gender,24,73.7
2017,Quebec,Polio,Recommended vaccines for 2-year-old children,Total - Gender,24,90.9
2017,Quebec,Haemophilus influenzae type B (Hib),Recommended vaccines for 2-year-old children,Total - Gender,24,71.3
2017,Quebec,Measles,Recommended vaccines for 2-year-old children,Total - Gender,24,91.0
2017,Quebec,Mumps,Recommended vaccines for 2-year-old children,Total - Gender,24,90.5
2017,Quebec,Rubella,Recommended vaccines for 2-year-old children,Total - Gender,24,90.5
2017,Quebec,Hepatitis B,Recommended vaccines for 2-year-old children,Total - Gender,24,75.7
2017,Quebec,Varicella,Recommended vaccines for 2-year-old children,Total - Gender,24,76.1
2017,Quebec,Meningococcal type C,Recommended vaccines for 2-year-old children,Total - Gender,24,89.9
2017,Quebec,Pneumococcal,Recommended vaccines for 2-year-old children,Total - Gender,24,83.3
2017,Quebec,Rotavirus,Recommended vaccines for 2-year-old children,Total - Gender,24,81.0
2017,Manitoba,Diphtheria,Recommended vaccines for 2-year-old children,Total - Gender,46,67.5
2017,Manitoba,Pertussis (whooping cough),Recommended vaccines for 2-year-old children,Total - Gender,46,67.5
2017,Manitoba,Tetanus,Recommended vaccines for 2-year-old children,Total - Gender,46,67.5
2017,Manitoba,Polio,Recommended vaccines for 2-year-old children,Total - Gender,46,85.6
2017,Manitoba,Haemophilus influenzae type B (Hib),Recommended vaccines for 2-year-old children,Total - Gender,46,62.2
2017,Manitoba,Measles,Recommended vaccines for 2-year-old children,Total - Gender,46,86.1
2017,Manitoba,Mumps,Recommended vaccines for 2-year-old children,Total - Gender,46,85.9
2017,Manitoba,Rubella,Recommended vaccines for 2-year-old children,Total - Gender,46,86.2
2017,Manitoba,Varicella,Recommended vaccines for 2-year-old children,Total - Gender,46,81.6
2017,Manitoba,Meningococcal type C,Recommended vaccines for 2-year-old children,Total - Gender,46,82.2
2017,Manitoba,Pneumococcal,Recommended vaccines for 2-year-old children,Total - Gender,46,74.6
2017,Manitoba,Rotavirus,Recommended vaccines for 2-year-old children,Total - Gender,46,68.4
2017,Saskatchewan,Diphtheria,Recommended vaccines for 2-year-old children,Total - Gender,47,78.6
2017,Saskatchewan,Pertussis (whooping cough),Recommended vaccines for 2-year-old children,Total - Gender,47,78.6
2017,Saskatchewan,Tetanus,Recommended vaccines for 2-year-old children,Total - Gender,47,78.6
2017,Saskatchewan,Polio,Recommended vaccines for 2-year-old children,Total - Gender,47,90.0
2017,Saskatchewan,Haemophilus influenzae type B (Hib),Recommended vaccines for 2-year-old children,Total - Gender,47,75.1
2017,Saskatchewan,Measles,Recommended vaccines for 2-year-old children,Total - Gender,47,89.5
2017,Saskatchewan,Mumps,Recommended vaccines for 2-year-old children,Total - Gender,47,89.5
2017,Saskatchewan,Rubella,Recommended vaccines for 2-year-old children,Total - Gender,47,89.5
2017,Saskatchewan,Varicella,Recommended vaccines for 2-year-old children,Total - Gender,47,84.8
2017,Saskatchewan,Meningococcal type C,Recommended vaccines for 2-year-old children,Total - Gender,47,81.1
2017,Saskatchewan,Pneumococcal,Recommended vaccines for 2-year-old children,Total - Gender,47,83.7
2017,Saskatchewan,Rotavirus,Recommended vaccines for 2-year-old children,Total - Gender,47,84.0
2017,Alberta,Diphtheria,Recommended vaccines for 2-year-old children,Total - Gender,48,79.9
2017,Alberta,Pertussis (whooping cough),Recommended vaccines for 2-year-old children,Total - Gender,48,79.9
2017,Alberta,Tetanus,Recommended vaccines for 2-year-old children,Total - Gender,48,79.9
2017,Alberta,Polio,Recommended vaccines for 2-year-old children,Total - Gender,48,93.0
2017,Alberta,Haemophilus influenzae type B (Hib),Recommended vaccines for 2-year-old children,Total - Gender,48,79.1
2017,Alberta,Measles,Recommended vaccines for 2-year-old children,Total - Gender,48,91.7
2017,Alberta,Mumps,Recommended vaccines for 2-year-old children,Total - Gender,48,91.4
2017,Alberta,Rubella,Recommended vaccines for 2-year-old children,Total - Gender,48,91.4
2017,Alberta,Varicella,Recommended vaccines for 2-year-old children,Total - Gender,48,86.7
2017,Alberta,Meningococcal type C,Recommended vaccines for 2-year-old children,Total - Gender,48,91.0
2017,Alberta,Pneumococcal,Recommended vaccines for 2-year-old children,Total - Gender,48,82.6
2017,British Columbia,Diphtheria,Recommended vaccines for 2-year-old children,Total - Gender,59,76.6
2017,British Columbia,Pertussis (whooping cough),Recommended vaccines for 2-year-old children,Total - Gender,59,76.6
2017,British Columbia,Tetanus,Recommended vaccines for 2-year-old children,Total - Gender,59,76.6
2017,British Columbia,Polio,Recommended vaccines for 2-year-old children,Total - Gender,59,87.5
2017,British Columbia,Haemophilus influenzae type B (Hib),Recommended vaccines for 2-year-old children,Total - Gender,59,74.4
2017,British Columbia,Measles,Recommended vaccines for 2-year-old children,Total - Gender,59,86.1
2017,British Columbia,Mumps,Recommended vaccines for 2-year-old children,Total - Gender,59,86.1
2017,British Columbia,Rubella,Recommended vaccines for 2-year-old children,Total - Gender,59,86.1
2017,British Columbia,Hepatitis B,Recommended vaccines for 2-year-old children,Total - Gender,59,69.7
2017,British Columbia,Varicella,Recommended vaccines for 2-year-old children,Total - Gender,59,83.7
2017,British Columbia,Meningococcal type C,Recommended vaccines for 2-year-old children,Total - Gender,59,89.3
2017,British Columbia,Pneumococcal,Recommended vaccines for 2-year-old children,Total - Gender,59,80.3
2017,British Columbia,Rotavirus,Recommended vaccines for 2-year-old children,Total - Gender,59,80.2
2017,Yukon,Diphtheria,Recommended vaccines for 2-year-old children,Total - Gender,60,70.7
2017,Yukon,Pertussis (whooping cough),Recommended vaccines for 2-year-old children,Total - Gender,60,70.7
2017,Yukon,Tetanus,Recommended vaccines for 2-year-old children,Total - Gender,60,70.7
2017,Yukon,Polio,Recommended vaccines for 2-year-old children,Total - Gender,60,93.7
2017,Yukon,Haemophilus influenzae type B (Hib),Recommended vaccines for 2-year-old children,Total - Gender,60,69.3
2017,Yukon,Measles,Recommended vaccines for 2-year-old children,Total - Gender,60,91.0
2017,Yukon,Mumps,Recommended vaccines for 2-year-old children,Total - Gender,60,91.0
2017,Yukon,Rubella,Recommended vaccines for 2-year-old children,Total - Gender,60,91.0
2017,Yukon,Hepatitis B,Recommended vaccines for 2-year-old children,Total - Gender,60,62.8
2017,Yukon,Varicella,Recommended vaccines for 2-year-old children,Total - Gender,60,85.5
2017,Yukon,Meningococcal type C,Recommended vaccines for 2-year-old children,Total - Gender,60,93.7
2017,Yukon,Pneumococcal,Recommended vaccines for 2-year-old children,Total - Gender,60,83.2
2017,Yukon,Rotavirus,Recommended vaccines for 2-year-old children,Total - Gender,60,76.6
2017,Northwest Territories,Diphtheria,Recommended vaccines for 2-year-old children,Total - Gender,61,76.7
2017,Northwest Territories,Pertussis (whooping cough),Recommended vaccines for 2-year-old children,Total - Gender,61,76.7
2017,Northwest Territories,Tetanus,Recommended vaccines for 2-year-old children,Total - Gender,61,76.7
2017,Northwest Territories,Polio,Recommended vaccines for 2-year-old children,Total - Gender,61,91.1
2017,Northwest Territories,Haemophilus influenzae type B (Hib),Recommended vaccines for 2-year-old children,Total - Gender,61,75.5
2017,Northwest Territories,Measles,Recommended vaccines for 2-year-old children,Total - Gender,61,91.8
2017,Northwest Territories,Mumps,Recommended vaccines for 2-year-old children,Total - Gender,61,91.8
2017,Northwest Territories,Rubella,Recommended vaccines for 2-year-old children,Total - Gender,61,91.8
2017,Northwest Territories,Hepatitis B,Recommended vaccines for 2-year-old children,Total - Gender,61,80.5
2017,Northwest Territories,Varicella,Recommended vaccines for 2-year-old children,Total - Gender,61,88.9
2017,Northwest Territories,Meningococcal type C,Recommended vaccines for 2-year-old children,Total - Gender,61,95.2
2017,Northwest Territories,Pneumococcal,Recommended vaccines for 2-year-old children,Total - Gender,61,63.8
2017,Northwest Territories,Rotavirus,Recommended vaccines for 2-year-old children,Total - Gender,61,66.3
2017,Nunavut,Diphtheria,Recommended vaccines for 2-year-old children,Total - Gender,62,63.8
2017,Nunavut,Pertussis (whooping cough),Recommended vaccines for 2-year-old children,Total - Gender,62,63.8
2017,Nunavut,Tetanus,Recommended vaccines for 2-year-old children,Total - Gender,62,63.8
2017,Nunavut,Polio,Recommended vaccines for 2-year-old children,Total - Gender,62,82.1
2017,Nunavut,Haemophilus influenzae type B (Hib),Recommended vaccines for 2-year-old children,Total - Gender,62,57.2
2017,Nunavut,Measles,Recommended vaccines for 2-year-old children,Total - Gender,62,88.7
2017,Nunavut,Mumps,Recommended vaccines for 2-year-old children,Total - Gender,62,88.7
2017,Nunavut,Rubella,Recommended vaccines for 2-year-old children,Total - Gender,62,88.7
2017,Nunavut,Hepatitis B,Recommended vaccines for 2-year-old children,Total - Gender,62,70.8
2017,Nunavut,Varicella,Recommended vaccines for 2-year-old children,Total - Gender,62,82.1
2017,Nunavut,Meningococcal type C,Recommended vaccines for 2-year-old children,Total - Gender,62,80.1
2017,Nunavut,Pneumococcal,Recommended vaccines for 2-year-old children,Total - Gender,62,62.4
2019,Canada,"Tetanus toxoid, reduced diphtheria toxoid and reduced acellular pertussis (Tdap)",Recommended vaccines during pregnancy,Total - Gender,,43.5
2019,Canada,Influenza (flu),Recommended vaccines during pregnancy,Total - Gender,,45.0
2019,Canada,Diphtheria,Recommended vaccines for 2-year-old children,Total - Gender,,77.5
2019,Canada,Pertussis (whooping cough),Recommended vaccines for 2-year-old children,Total - Gender,,77.5
2019,Canada,Tetanus,Recommended vaccines for 2-year-old children,Total - Gender,,77.5
2019,Canada,Polio,Recommended vaccines for 2-year-old children,Total - Gender,,91.9
2019,Canada,Haemophilus influenzae type B (Hib),Recommended vaccines for 2-year-old children,Total - Gender,,74.4
2019,Canada,Measles,Recommended vaccines for 2-year-old children,Total - Gender,,90.2
2019,Canada,Mumps,Recommended vaccines for 2-year-old children,Total - Gender,,89.2
2019,Canada,Rubella,Recommended vaccines for 2-year-old children,Total - Gender,,89.4
2019,Canada,Hepatitis B,Recommended vaccines for 2-year-old children,Total - Gender,,83.6
2019,Canada,Varicella,Recommended vaccines for 2-year-old children,Total - Gender,,82.7
2019,Canada,Meningococcal type C,Recommended vaccines for 2-year-old children,Total - Gender,,91.1
2019,Canada,Pneumococcal,Recommended vaccines for 2-year-old children,Total - Gender,,84.4
2019,Canada,Rotavirus,Recommended vaccines for 2-year-old children,Total - Gender,,84.5
2019,Canada,Diphtheria,Recommended vaccines for 7-year-old children,Total - Gender,,78.1
2019,Canada,Pertussis (whooping cough),Recommended vaccines for 7-year-old children,Total - Gender,,78.1
2019,Canada,Tetanus,Recommended vaccines for 7-year-old children,Total - Gender,,78.1
2019,Canada,Polio,Recommended vaccines for 7-year-old children,Total - Gender,,89.3
2019,Canada,Haemophilus influenzae type B (Hib),Recommended vaccines for 7-year-old children,Total - Gender,,80.0
2019,Canada,Measles,Recommended vaccines for 7-year-old children,Total - Gender,,83.3
2019,Canada,Mumps,Recommended vaccines for 7-year-old children,Total - Gender,,83.1
2019,Canada,Rubella,Recommended vaccines for 7-year-old children,Total - Gender,,95.9
2019,Canada,Hepatitis B,Recommended vaccines for 14-year-old children,Total - Gender,,84.5
2019,Canada,Human Papillomavirus (HPV),Recommended vaccines for 14-year-old children,Total - Gender,,80.2
2019,Canada,Hepatitis B,Recommended vaccines for 14-year-old children,Men+,,83.0
2019,Canada,Human Papillomavirus (HPV),Recommended vaccines for 14-year-old children,Men+,,73.0
2019,Canada,Hepatitis B,Recommended vaccines for 14-year-old children,Women+,,86.0
2019,Canada,Human Papillomavirus (HPV),Recommended vaccines for 14-year-old children,Women+,,87.1
2019,Canada,Meningococcal type C,Recommended vaccines for 17-year-old children,Total - Gender,,89.3
2019,Canada,"Diphtheria, Tetanus, acellular Pertussis (Tdap) booster",Recommended vaccines for 17-year-old children,Total - Gender,,95.3
2019,Newfoundland and Labrador,"Tetanus toxoid, reduced diphtheria toxoid and reduced acellular pertussis (Tdap)",Recommended vaccines during pregnancy,Total - Gender,10,15.9
2019,Newfoundland and Labrador,Influenza (flu),Recommended vaccines during pregnancy,Total - Gender,10,41.4
2019,Prince Edward Island,"Tetanus toxoid, reduced diphtheria toxoid and reduced acellular pertussis (Tdap)",Recommended vaccines during pregnancy,Total - Gender,11,76.2
2019,Prince Edward Island,Influenza (flu),Recommended vaccines during pregnancy,Total - Gender,11,75.2
2019,Nova Scotia,"Tetanus toxoid, reduced diphtheria toxoid and reduced acellular pertussis (Tdap)",Recommended vaccines during pregnancy,Total - Gender,12,62.2
2019,Nova Scotia,Influenza (flu),Recommended vaccines during pregnancy,Total - Gender,12,71.5
2019,New Brunswick,"Tetanus toxoid, reduced diphtheria toxoid and reduced acellular pertussis (Tdap)",Recommended vaccines during pregnancy,Total - Gender,13,71.0
2019,New Brunswick,Influenza (flu),Recommended vaccines during pregnancy,Total - Gender,13,58.4
2019,Ontario,"Tetanus toxoid, reduced diphtheria toxoid and reduced acellular pertussis (Tdap)",Recommended vaccines during pregnancy,Total - Gender,35,40.3
2019,Ontario,Influenza (flu),Recommended vaccines during pregnancy,Total - Gender,35,43.3
2019,Quebec,"Tetanus toxoid, reduced diphtheria toxoid and reduced acellular pertussis (Tdap)",Recommended vaccines during pregnancy,Total - Gender,24,48.8
2019,Quebec,Influenza (flu),Recommended vaccines during pregnancy,Total - Gender,24,32.9
2019,Manitoba,"Tetanus toxoid, reduced diphtheria toxoid and reduced acellular pertussis (Tdap)",Recommended vaccines during pregnancy,Total - Gender,46,57.0
2019,Manitoba,Influenza (flu),Recommended vaccines during pregnancy,Total - Gender,46,48.8
2019,Saskatchewan,"Tetanus toxoid, reduced diphtheria toxoid and reduced acellular pertussis (Tdap)",Recommended vaccines during pregnancy,Total - Gender,47,74.0
2019,Saskatchewan,Influenza (flu),Recommended vaccines during pregnancy,Total - Gender,47,64.9
2019,Alberta,"Tetanus toxoid, reduced diphtheria toxoid and reduced acellular pertussis (Tdap)",Recommended vaccines during pregnancy,Total - Gender,48,37.9
2019,Alberta,Influenza (flu),Recommended vaccines during pregnancy,Total - Gender,48,49.4
2019,British Columbia,"Tetanus toxoid, reduced diphtheria toxoid and reduced acellular pertussis (Tdap)",Recommended vaccines during pregnancy,Total - Gender,59,25.6
2019,British Columbia,Influenza (flu),Recommended vaccines during pregnancy,Total - Gender,59,49.8
2019,Yukon,"Tetanus toxoid, reduced diphtheria toxoid and reduced acellular pertussis (Tdap)",Recommended vaccines during pregnancy,Total - Gender,60,56.5
2019,Yukon,Influenza (flu),Recommended vaccines during pregnancy,Total - Gender,60,66.0
2019,Northwest Territories,"Tetanus toxoid, reduced diphtheria toxoid and reduced acellular pertussis (Tdap)",Recommended vaccines during pregnancy,Total - Gender,61,80.1
2019,Northwest Territories,Influenza (flu),Recommended vaccines during pregnancy,Total - Gender,61,84.8
2021,Canada,"Tetanus toxoid, reduced diphtheria toxoid and reduced acellular pertussis (Tdap)",Recommended vaccines during pregnancy,Total - Gender,,64.8
2021,Canada,Influenza (flu),Recommended vaccines during pregnancy,Total - Gender,,52.7
2021,Canada,Diphtheria,Recommended vaccines for 2-year-old children,Total - Gender,,77.1
2021,Canada,Pertussis (whooping cough),Recommended vaccines for 2-year-old children,Total - Gender,,77.1
2021,Canada,Tetanus,Recommended vaccines for 2-year-old children,Total - Gender,,77.1
2021,Canada,Polio,Recommended vaccines for 2-year-old children,Total - Gender,,91.8
2021,Canada,Haemophilus influenzae type B (Hib),Recommended vaccines for 2-year-old children,Total - Gender,,75.3
2021,Canada,Measles,Recommended vaccines for 2-year-old children,Total - Gender,,91.6
2021,Canada,Mumps,Recommended vaccines for 2-year-old children,Total - Gender,,91.5
2021,Canada,Rubella,Recommended vaccines for 2-year-old children,Total - Gender,,91.5
2021,Canada,Hepatitis B,Recommended vaccines for 2-year-old children,Total - Gender,,82.6
2021,Canada,Varicella,Recommended vaccines for 2-year-old children,Total - Gender,,87.5
2021,Canada,Meningococcal type C,Recommended vaccines for 2-year-old children,Total - Gender,,90.5
2021,Canada,Pneumococcal,Recommended vaccines for 2-year-old children,Total - Gender,,85.1
2021,Canada,Rotavirus,Recommended vaccines for 2-year-old children,Total - Gender,,85.6
2021,Canada,Diphtheria,Recommended vaccines for 7-year-old children,Total - Gender,,71.9
2021,Canada,Pertussis (whooping cough),Recommended vaccines for 7-year-old children,Total - Gender,,71.9
2021,Canada,Tetanus,Recommended vaccines for 7-year-old children,Total - Gender,,71.9
2021,Canada,Polio,Recommended vaccines for 7-year-old children,Total - Gender,,87.3
2021,Canada,Haemophilus influenzae type B (Hib),Recommended vaccines for 7-year-old children,Total - Gender,,78.5
2021,Canada,Measles,Recommended vaccines for 7-year-old children,Total - Gender,,79.2
2021,Canada,Mumps,Recommended vaccines for 7-year-old children,Total - Gender,,79.5
2021,Canada,Rubella,Recommended vaccines for 7-year-old children,Total - Gender,,94.0
2021,Canada,Hepatitis B,Recommended vaccines for 7-year-old children,Total - Gender,,78.4
2021,Canada,Varicella,Recommended vaccines for 7-year-old children,Total - Gender,,90.7
2021,Canada,Hepatitis B,Recommended vaccines for 14-year-old children,Total - Gender,,89.0
2021,Canada,Human Papillomavirus (HPV),Recommended vaccines for 14-year-old children,Total - Gender,,84.0
2021,Canada,Hepatitis B,Recommended vaccines for 14-year-old children,Men+,,86.5
2021,Canada,Human Papillomavirus (HPV),Recommended vaccines for 14-year-old children,Men+,,81.5
2021,Canada,Hepatitis B,Recommended vaccines for 14-year-old children,Women+,,91.5
2021,Canada,Human Papillomavirus (HPV),Recommended vaccines for 14-year-old children,Women+,,86.4
2021,Canada,Meningococcal type C,Recommended vaccines for 17-year-old children,Total - Gender,,89.0
2021,Canada,"Diphtheria, Tetanus, acellular Pertussis (Tdap) booster",Recommended vaccines for 17-year-old children,Total - Gender,,92.8
2021,Newfoundland and Labrador,"Tetanus toxoid, reduced diphtheria toxoid and reduced acellular pertussis (Tdap)",Recommended vaccines during pregnancy,Total - Gender,10,79.0
2021,Newfoundland and Labrador,Influenza (flu),Recommended vaccines during pregnancy,Total - Gender,10,63.6
2021,Newfoundland and Labrador,Diphtheria,Recommended vaccines for 2-year-old children,Total - Gender,10,80.0
2021,Newfoundland and Labrador,Pertussis (whooping cough),Recommended vaccines for 2-year-old children,Total - Gender,10,80.0
2021,Newfoundland and Labrador,Tetanus,Recommended vaccines for 2-year-old children,Total - Gender,10,80.0
2021,Newfoundland and Labrador,Polio,Recommended vaccines for 2-year-old children,Total - Gender,10,95.4
2021,Newfoundland and Labrador,Haemophilus influenzae type B (Hib),Recommended vaccines for 2-year-old children,Total - Gender,10,76.8
2021,Newfoundland and Labrador,Measles,Recommended vaccines for 2-year-old children,Total - Gender,10,97.0
2021,Newfoundland and Labrador,Mumps,Recommended vaccines for 2-year-old children,Total - Gender,10,97.0
2021,Newfoundland and Labrador,Rubella,Recommended vaccines for 2-year-old children,Total - Gender,10,97.0
2021,Newfoundland and Labrador,Varicella,Recommended vaccines for 2-year-old children,Total - Gender,10,96.4
2021,Newfoundland and Labrador,Meningococcal type C,Recommended vaccines for 2-year-old children,Total - Gender,10,93.6
2021,Newfoundland and Labrador,Pneumococcal,Recommended vaccines for 2-year-old children,Total - Gender,10,87.8
2021,Newfoundland and Labrador,Rotavirus,Recommended vaccines for 2-year-old children,Total - Gender,10,93.3
2021,Prince Edward Island,"Tetanus toxoid, reduced diphtheria toxoid and reduced acellular pertussis (Tdap)",Recommended vaccines during pregnancy,Total - Gender,11,80.4
2021,Prince Edward Island,Influenza (flu),Recommended vaccines during pregnancy,Total - Gender,11,77.3
2021,Prince Edward Island,Diphtheria,Recommended vaccines for 2-year-old children,Total - Gender,11,95.8
2021,Prince Edward Island,Pertussis (whooping cough),Recommended vaccines for 2-year-old children,Total - Gender,11,95.8
2021,Prince Edward Island,Tetanus,Recommended vaccines for 2-year-old children,Total - Gender,11,95.8
2021,Prince Edward Island,Haemophilus influenzae type B (Hib),Recommended vaccines for 2-year-old children,Total - Gender,11,95.8
2021,Prince Edward Island,Measles,Recommended vaccines for 2-year-old children,Total - Gender,11,98.0
2021,Prince Edward Island,Mumps,Recommended vaccines for 2-year-old children,Total - Gender,11,98.0
2021,Prince Edward Island,Rubella,Recommended vaccines for 2-year-old children,Total - Gender,11,98.0
2021,Prince Edward Island,Hepatitis B,Recommended vaccines for 2-year-old children,Total - Gender,11,97.7
2021,Prince Edward Island,Varicella,Recommended vaccines for 2-year-old children,Total - Gender,11,96.7
2021,Prince Edward Island,Pneumococcal,Recommended vaccines for 2-year-old children,Total - Gender,11,97.4
2021,Prince Edward Island,Rotavirus,Recommended vaccines for 2-year-old children,Total - Gender,11,96.4
2021,Nova Scotia,"Tetanus toxoid, reduced diphtheria toxoid and reduced acellular pertussis (Tdap)",Recommended vaccines during pregnancy,Total - Gender,12,80.4
2021,Nova Scotia,Influenza (flu),Recommended vaccines during pregnancy,Total - Gender,12,82.5
2021,Nova Scotia,Diphtheria,Recommended vaccines for 2-year-old children,Total - Gender,12,70.3
2021,Nova Scotia,Pertussis (whooping cough),Recommended vaccines for 2-year-old children,Total - Gender,12,70.3
2021,Nova Scotia,Tetanus,Recommended vaccines for 2-year-old children,Total - Gender,12,70.3
2021,Nova Scotia,Polio,Recommended vaccines for 2-year-old children,Total - Gender,12,87.9
2021,Nova Scotia,Haemophilus influenzae type B (Hib),Recommended vaccines for 2-year-old children,Total - Gender,12,66.8
2021,Nova Scotia,Measles,Recommended vaccines for 2-year-old children,Total - Gender,12,93.6
2021,Nova Scotia,Mumps,Recommended vaccines for 2-year-old children,Total - Gender,12,93.6
2021,Nova Scotia,Rubella,Recommended vaccines for 2-year-old children,Total - Gender,12,93.6
2021,Nova Scotia,Varicella,Recommended vaccines for 2-year-old children,Total - Gender,12,93.2
2021,Nova Scotia,Meningococcal type C,Recommended vaccines for 2-year-old children,Total - Gender,12,89.4
2021,Nova Scotia,Pneumococcal,Recommended vaccines for 2-year-old children,Total - Gender,12,79.0
2021,New Brunswick,"Tetanus toxoid, reduced diphtheria toxoid and reduced acellular pertussis (Tdap)",Recommended vaccines during pregnancy,Total - Gender,13,79.5
2021,New Brunswick,Influenza (flu),Recommended vaccines during pregnancy,Total - Gender,13,59.1
2021,New Brunswick,Diphtheria,Recommended vaccines for 2-year-old children,Total - Gender,13,78.1
2021,New Brunswick,Pertussis (whooping cough),Recommended vaccines for 2-year-old children,Total - Gender,13,78.1
2021,New Brunswick,Tetanus,Recommended vaccines for 2-year-old children,Total - Gender,13,78.1
2021,New Brunswick,Polio,Recommended vaccines for 2-year-old children,Total - Gender,13,89.6
2021,New Brunswick,Haemophilus influenzae type B (Hib),Recommended vaccines for 2-year-old children,Total - Gender,13,75.9
2021,New Brunswick,Measles,Recommended vaccines for 2-year-old children,Total - Gender,13,94.3
2021,New Brunswick,Mumps,Recommended vaccines for 2-year-old children,Total - Gender,13,94.3
2021,New Brunswick,Rubella,Recommended vaccines for 2-year-old children,Total - Gender,13,94.3
2021,New Brunswick,Hepatitis B,Recommended vaccines for 2-year-old children,Total - Gender,13,79.8
2021,New Brunswick,Varicella,Recommended vaccines for 2-year-old children,Total - Gender,13,91.2
2021,New Brunswick,Meningococcal type C,Recommended vaccines for 2-year-old children,Total - Gender,13,90.6
2021,New Brunswick,Pneumococcal,Recommended vaccines for 2-year-old children,Total - Gender,13,86.7
2021,New Brunswick,Rotavirus,Recommended vaccines for 2-year-old children,Total - Gender,13,66.6
2021,Ontario,"Tetanus toxoid, reduced diphtheria toxoid and reduced acellular pertussis (Tdap)",Recommended vaccines during pregnancy,Total - Gender,35,60.0
2021,Ontario,Influenza (flu),Recommended vaccines during pregnancy,Total - Gender,35,48.9
2021,Ontario,Diphtheria,Recommended vaccines for 2-year-old children,Total - Gender,35,76.7
2021,Ontario,Pertussis (whooping cough),Recommended vaccines for 2-year-old children,Total - Gender,35,76.7
2021,Ontario,Tetanus,Recommended vaccines for 2-year-old children,Total - Gender,35,76.7
2021,Ontario,Polio,Recommended vaccines for 2-year-old children,Total - Gender,35,94.4
2021,Ontario,Haemophilus influenzae type B (Hib),Recommended vaccines for 2-year-old children,Total - Gender,35,73.8
2021,Ontario,Measles,Recommended vaccines for 2-year-old children,Total - Gender,35,92.0
2021,Ontario,Mumps,Recommended vaccines for 2-year-old children,Total - Gender,35,91.7
2021,Ontario,Rubella,Recommended vaccines for 2-year-old children,Total - Gender,35,91.7
2021,Ontario,Varicella,Recommended vaccines for 2-year-old children,Total - Gender,35,85.9
2021,Ontario,Meningococcal type C,Recommended vaccines for 2-year-old children,Total - Gender,35,90.1
2021,Ontario,Pneumococcal,Recommended vaccines for 2-year-old children,Total - Gender,35,86.1
2021,Ontario,Rotavirus,Recommended vaccines for 2-year-old children,Total - Gender,35,84.7
2021,Quebec,"Tetanus toxoid, reduced diphtheria toxoid and reduced acellular pertussis (Tdap)",Recommended vaccines during pregnancy,Total - Gender,24,75.2
2021,Quebec,Influenza (flu),Recommended vaccines during pregnancy,Total - Gender,24,44.2
2021,Quebec,Diphtheria,Recommended vaccines for 2-year-old children,Total - Gender,24,76.2
2021,Quebec,Pertussis (whooping cough),Recommended vaccines for 2-year-old children,Total - Gender,24,76.2
2021,Quebec,Tetanus,Recommended vaccines for 2-year-old children,Total - Gender,24,76.2
2021,Quebec,Polio,Recommended vaccines for 2-year-old children,Total - Gender,24,91.7
2021,Quebec,Haemophilus influenzae type B (Hib),Recommended vaccines for 2-year-old children,Total - Gender,24,75.8
2021,Quebec,Measles,Recommended vaccines for 2-year-old children,Total - Gender,24,93.2
2021,Quebec,Mumps,Recommended vaccines for 2-year-old children,Total - Gender,24,93.2
2021,Quebec,Rubella,Recommended vaccines for 2-year-old children,Total - Gender,24,93.2
2021,Quebec,Hepatitis B,Recommended vaccines for 2-year-old children,Total - Gender,24,80.6
2021,Quebec,Varicella,Recommended vaccines for 2-year-old children,Total - Gender,24,89.9
2021,Quebec,Meningococcal type C,Recommended vaccines for 2-year-old children,Total - Gender,24,90.2
2021,Quebec,Pneumococcal,Recommended vaccines for 2-year-old children,Total - Gender,24,85.3
2021,Quebec,Rotavirus,Recommended vaccines for 2-year-old children,Total - Gender,24,86.0
2021,Manitoba,"Tetanus toxoid, reduced diphtheria toxoid and reduced acellular pertussis (Tdap)",Recommended vaccines during pregnancy,Total - Gender,46,69.6
2021,Manitoba,Influenza (flu),Recommended vaccines during pregnancy,Total - Gender,46,59.2
2021,Manitoba,Diphtheria,Recommended vaccines for 2-year-old children,Total - Gender,46,75.5
2021,Manitoba,Pertussis (whooping cough),Recommended vaccines for 2-year-old children,Total - Gender,46,75.5
2021,Manitoba,Tetanus,Recommended vaccines for 2-year-old children,Total - Gender,46,75.5
2021,Manitoba,Polio,Recommended vaccines for 2-year-old children,Total - Gender,46,87.9
2021,Manitoba,Haemophilus influenzae type B (Hib),Recommended vaccines for 2-year-old children,Total - Gender,46,75.3
2021,Manitoba,Measles,Recommended vaccines for 2-year-old children,Total - Gender,46,87.1
2021,Manitoba,Mumps,Recommended vaccines for 2-year-old children,Total - Gender,46,86.6
2021,Manitoba,Rubella,Recommended vaccines for 2-year-old children,Total - Gender,46,86.6
2021,Manitoba,Varicella,Recommended vaccines for 2-year-old children,Total - Gender,46,86.9
2021,Manitoba,Meningococcal type C,Recommended vaccines for 2-year-old children,Total - Gender,46,88.8
2021,Manitoba,Pneumococcal,Recommended vaccines for 2-year-old children,Total - Gender,46,81.7
2021,Manitoba,Rotavirus,Recommended vaccines for 2-year-old children,Total - Gender,46,82.2
2021,Saskatchewan,"Tetanus toxoid, reduced diphtheria toxoid and reduced acellular pertussis (Tdap)",Recommended vaccines during pregnancy,Total - Gender,47,78.0
2021,Saskatchewan,Influenza (flu),Recommended vaccines during pregnancy,Total - Gender,47,64.8
2021,Saskatchewan,Diphtheria,Recommended vaccines for 2-year-old children,Total - Gender,47,80.9
2021,Saskatchewan,Pertussis (whooping cough),Recommended vaccines for 2-year-old children,Total - Gender,47,80.9
2021,Saskatchewan,Tetanus,Recommended vaccines for 2-year-old children,Total - Gender,47,80.9
2021,Saskatchewan,Polio,Recommended vaccines for 2-year-old children,Total - Gender,47,91.0
2021,Saskatchewan,Haemophilus influenzae type B (Hib),Recommended vaccines for 2-year-old children,Total - Gender,47,80.6
2021,Saskatchewan,Measles,Recommended vaccines for 2-year-old children,Total - Gender,47,91.4
2021,Saskatchewan,Mumps,Recommended vaccines for 2-year-old children,Total - Gender,47,91.0
2021,Saskatchewan,Rubella,Recommended vaccines for 2-year-old children,Total - Gender,47,91.0
2021,Saskatchewan,Varicella,Recommended vaccines for 2-year-old children,Total - Gender,47,80.9
2021,Saskatchewan,Meningococcal type C,Recommended vaccines for 2-year-old children,Total - Gender,47,89.1
2021,Saskatchewan,Pneumococcal,Recommended vaccines for 2-year-old children,Total - Gender,47,83.7
2021,Saskatchewan,Rotavirus,Recommended vaccines for 2-year-old children,Total - Gender,47,88.2
2021,Alberta,"Tetanus toxoid, reduced diphtheria toxoid and reduced acellular pertussis (Tdap)",Recommended vaccines during pregnancy,Total - Gender,48,60.1
2021,Alberta,Influenza (flu),Recommended vaccines during pregnancy,Total - Gender,48,58.3
2021,Alberta,Diphtheria,Recommended vaccines for 2-year-old children,Total - Gender,48,74.6
2021,Alberta,Pertussis (whooping cough),Recommended vaccines for 2-year-old children,Total - Gender,48,74.6
2021,Alberta,Tetanus,Recommended vaccines for 2-year-old children,Total - Gender,48,74.6
2021,Alberta,Polio,Recommended vaccines for 2-year-old children,Total - Gender,48,85.7
2021,Alberta,Haemophilus influenzae type B (Hib),Recommended vaccines for 2-year-old children,Total - Gender,48,71.1
2021,Alberta,Measles,Recommended vaccines for 2-year-old children,Total - Gender,48,88.4
2021,Alberta,Mumps,Recommended vaccines for 2-year-old children,Total - Gender,48,88.4
2021,Alberta,Rubella,Recommended vaccines for 2-year-old children,Total - Gender,48,88.4
2021,Alberta,Varicella,Recommended vaccines for 2-year-old children,Total - Gender,48,83.3
2021,Alberta,Meningococcal type C,Recommended vaccines for 2-year-old children,Total - Gender,48,89.8
2021,Alberta,Pneumococcal,Recommended vaccines for 2-year-old children,Total - Gender,48,81.3
2021,Alberta,Rotavirus,Recommended vaccines for 2-year-old children,Total - Gender,48,84.8
2021,British Columbia,"Tetanus toxoid, reduced diphtheria toxoid and reduced acellular pertussis (Tdap)",Recommended vaccines during pregnancy,Total - Gender,59,52.4
2021,British Columbia,Influenza (flu),Recommended vaccines during pregnancy,Total - Gender,59,61.0
2021,British Columbia,Diphtheria,Recommended vaccines for 2-year-old children,Total - Gender,59,83.6
2021,British Columbia,Pertussis (whooping cough),Recommended vaccines for 2-year-old children,Total - Gender,59,83.6
2021,British Columbia,Tetanus,Recommended vaccines for 2-year-old children,Total - Gender,59,83.6
2021,British Columbia,Polio,Recommended vaccines for 2-year-old children,Total - Gender,59,92.6
2021,British Columbia,Haemophilus influenzae type B (Hib),Recommended vaccines for 2-year-old children,Total - Gender,59,82.8
2021,British Columbia,Measles,Recommended vaccines for 2-year-old children,Total - Gender,59,91.3
2021,British Columbia,Mumps,Recommended vaccines for 2-year-old children,Total - Gender,59,91.3
2021,British Columbia,Rubella,Recommended vaccines for 2-year-old children,Total - Gender,59,91.3
2021,British Columbia,Hepatitis B,Recommended vaccines for 2-year-old children,Total - Gender,59,87.1
2021,British Columbia,Varicella,Recommended vaccines for 2-year-old children,Total - Gender,59,91.0
2021,British Columbia,Meningococcal type C,Recommended vaccines for 2-year-old children,Total - Gender,59,94.2
2021,British Columbia,Pneumococcal,Recommended vaccines for 2-year-old children,Total - Gender,59,88.2
2021,British Columbia,Rotavirus,Recommended vaccines for 2-year-old children,Total - Gender,59,91.2
2021,Yukon,"Tetanus toxoid, reduced diphtheria toxoid and reduced acellular pertussis (Tdap)",Recommended vaccines during pregnancy,Total - Gender,60,77.2
2021,Yukon,Influenza (flu),Recommended vaccines during pregnancy,Total - Gender,60,66.8
2021,Yukon,Diphtheria,Recommended vaccines for 2-year-old children,Total - Gender,60,66.6
2021,Yukon,Pertussis (whooping cough),Recommended vaccines for 2-year-old children,Total - Gender,60,66.6
2021,Yukon,Tetanus,Recommended vaccines for 2-year-old children,Total - Gender,60,66.6
2021,Yukon,Polio,Recommended vaccines for 2-year-old children,Total - Gender,60,86.3
2021,Yukon,Haemophilus influenzae type B (Hib),Recommended vaccines for 2-year-old children,Total - Gender,60,64.0
2021,Yukon,Measles,Recommended vaccines for 2-year-old children,Total - Gender,60,85.3
2021,Yukon,Mumps,Recommended vaccines for 2-year-old children,Total - Gender,60,85.3
2021,Yukon,Rubella,Recommended vaccines for 2-year-old children,Total - Gender,60,85.3
2021,Yukon,Hepatitis B,Recommended vaccines for 2-year-old children,Total - Gender,60,71.3
2021,Yukon,Varicella,Recommended vaccines for 2-year-old children,Total - Gender,60,81.8
2021,Yukon,Meningococcal type C,Recommended vaccines for 2-year-old children,Total - Gender,60,90.0
2021,Yukon,Pneumococcal,Recommended vaccines for 2-year-old children,Total - Gender,60,73.2
2021,Yukon,Rotavirus,Recommended vaccines for 2-year-old children,Total - Gender,60,86.7
2021,Northwest Territories,"Tetanus toxoid, reduced diphtheria toxoid and reduced acellular pertussis (Tdap)",Recommended vaccines during pregnancy,Total - Gender,61,59.3
2021,Northwest Territories,Influenza (flu),Recommended vaccines during pregnancy,Total - Gender,61,71.7
2021,Northwest Territories,Diphtheria,Recommended vaccines for 2-year-old children,Total - Gender,61,66.0
2021,Northwest Territories,Pertussis (whooping cough),Recommended vaccines for 2-year-old children,Total - Gender,61,66.0
2021,Northwest Territories,Tetanus,Recommended vaccines for 2-year-old children,Total - Gender,61,66.0
2021,Northwest Territories,Polio,Recommended vaccines for 2-year-old children,Total - Gender,61,80.4
2021,Northwest Territories,Haemophilus influenzae type B (Hib),Recommended vaccines for 2-year-old children,Total - Gender,61,60.0
2021,Northwest Territories,Measles,Recommended vaccines for 2-year-old children,Total - Gender,61,90.8
2021,Northwest Territories,Mumps,Recommended vaccines for 2-year-old children,Total - Gender,61,89.5
2021,Northwest Territories,Rubella,Recommended vaccines for 2-year-old children,Total - Gender,61,88.2
2021,Northwest Territories,Hepatitis B,Recommended vaccines for 2-year-old children,Total - Gender,61,81.0
2021,Northwest Territories,Varicella,Recommended vaccines for 2-year-old children,Total - Gender,61,80.2
2021,Northwest Territories,Meningococcal type C,Recommended vaccines for 2-year-old children,Total - Gender,61,88.8
2021,Northwest Territories,Pneumococcal,Recommended vaccines for 2-year-old children,Total - Gender,61,59.9
2021,Northwest Territories,Rotavirus,Recommended vaccines for 2-year-old children,Total - Gender,61,75.6
2021,Nunavut,Diphtheria,Recommended vaccines for 2-year-old children,Total - Gender,62,24.1
2021,Nunavut,Pertussis (whooping cough),Recommended vaccines for 2-year-old children,Total - Gender,62,24.1
2021,Nunavut,Tetanus,Recommended vaccines for 2-year-old children,Total - Gender,62,24.1
2021,Nunavut,Polio,Recommended vaccines for 2-year-old children,Total - Gender,62,33.5
2021,Nunavut,Haemophilus influenzae type B (Hib),Recommended vaccines for 2-year-old children,Total - Gender,62,24.1
2021,Nunavut,Measles,Recommended vaccines for 2-year-old children,Total - Gender,62,34.6
2021,Nunavut,Mumps,Recommended vaccines for 2-year-old children,Total - Gender,62,34.6
2021,Nunavut,Rubella,Recommended vaccines for 2-year-old children,Total - Gender,62,34.6
2021,Nunavut,Hepatitis B,Recommended vaccines for 2-year-old children,Total - Gender,62,32.5
2021,Nunavut,Varicella,Recommended vaccines for 2-year-old children,Total - Gender,62,21.2
2021,Nunavut,Meningococcal type C,Recommended vaccines for 2-year-old children,Total - Gender,62,34.5
2021,Nunavut,Pneumococcal,Recommended vaccines for 2-year-old children,Total - Gender,62,21.0
