Year,Leadership position,Value
2002,Members of national Parliament,21.1
2003,Members of national Parliament,20.9
2004,Members of national Parliament,21.2
2005,Members of national Parliament,21.1
2006,Members of national Parliament,20.8
2007,Members of national Parliament,20.9
2008,Members of national Parliament,21.3
2009,Members of national Parliament,22.3
2010,Members of national Parliament,21.8
2011,Members of national Parliament,24.7
2012,Members of national Parliament,24.8
2013,Members of national Parliament,24.8
2014,Members of national Parliament,24.8
2015,Members of national Parliament,25.3
2016,Members of national Parliament,26.1
2017,Members of national Parliament,27.2
2018,Members of national Parliament,27.0
2019,Members of national Parliament,27.2
2020,Members of national Parliament,29.0
2021,Members of national Parliament,29.4
2022,Members of national Parliament,30.6
2023,Members of national Parliament,30.6
2002,Members of federal Cabinet,24.3
2003,Members of federal Cabinet,23.7
2004,Members of federal Cabinet,28.9
2005,Members of federal Cabinet,24.3
2006,Members of federal Cabinet,20.8
2007,Members of federal Cabinet,20.0
2008,Members of federal Cabinet,20.0
2009,Members of federal Cabinet,27.0
2010,Members of federal Cabinet,25.0
2011,Members of federal Cabinet,23.7
2012,Members of federal Cabinet,23.7
2013,Members of federal Cabinet,25.0
2014,Members of federal Cabinet,30.8
2015,Members of federal Cabinet,30.8
2016,Members of federal Cabinet,50.0
2017,Members of federal Cabinet,50.0
2018,Members of federal Cabinet,50.0
2019,Members of federal Cabinet,48.6
2020,Members of federal Cabinet,48.6
2021,Members of federal Cabinet,48.6
2022,Members of federal Cabinet,48.7
2023,Members of federal Cabinet,48.7
2002,All management occupations,32.9
2002,Legislative and senior management occupations,25.5
2002,Specialized middle management occupations,42.0
2002,Middle management occupations in retail and wholesale trade and customer services,40.2
2002,"Middle management occupations in trades, transportation, production and utilities",16.3
2003,All management occupations,34.5
2003,Legislative and senior management occupations,24.8
2003,Specialized middle management occupations,46.3
2003,Middle management occupations in retail and wholesale trade and customer services,40.9
2003,"Middle management occupations in trades, transportation, production and utilities",16.9
2004,All management occupations,35.4
2004,Legislative and senior management occupations,22.1
2004,Specialized middle management occupations,47.8
2004,Middle management occupations in retail and wholesale trade and customer services,42.1
2004,"Middle management occupations in trades, transportation, production and utilities",17.7
2005,All management occupations,34.7
2005,Legislative and senior management occupations,24.1
2005,Specialized middle management occupations,47.3
2005,Middle management occupations in retail and wholesale trade and customer services,41.5
2005,"Middle management occupations in trades, transportation, production and utilities",16.2
2006,All management occupations,34.9
2006,Legislative and senior management occupations,26.1
2006,Specialized middle management occupations,45.3
2006,Middle management occupations in retail and wholesale trade and customer services,42.6
2006,"Middle management occupations in trades, transportation, production and utilities",17.3
2007,All management occupations,35.7
2007,Legislative and senior management occupations,26.1
2007,Specialized middle management occupations,47.9
2007,Middle management occupations in retail and wholesale trade and customer services,42.2
2007,"Middle management occupations in trades, transportation, production and utilities",17.6
2008,All management occupations,34.7
2008,Legislative and senior management occupations,29.1
2008,Specialized middle management occupations,45.2
2008,Middle management occupations in retail and wholesale trade and customer services,42.4
2008,"Middle management occupations in trades, transportation, production and utilities",16.2
2009,All management occupations,35.4
2009,Legislative and senior management occupations,31.1
2009,Specialized middle management occupations,48.4
2009,Middle management occupations in retail and wholesale trade and customer services,41.4
2009,"Middle management occupations in trades, transportation, production and utilities",17.0
2010,All management occupations,35.4
2010,Legislative and senior management occupations,31.7
2010,Specialized middle management occupations,48.5
2010,Middle management occupations in retail and wholesale trade and customer services,41.5
2010,"Middle management occupations in trades, transportation, production and utilities",16.3
2011,All management occupations,35.5
2011,Legislative and senior management occupations,27.8
2011,Specialized middle management occupations,49.5
2011,Middle management occupations in retail and wholesale trade and customer services,42.1
2011,"Middle management occupations in trades, transportation, production and utilities",15.5
2012,All management occupations,35.3
2012,Legislative and senior management occupations,26.7
2012,Specialized middle management occupations,49.5
2012,Middle management occupations in retail and wholesale trade and customer services,40.9
2012,"Middle management occupations in trades, transportation, production and utilities",16.2
2013,All management occupations,34.4
2013,Legislative and senior management occupations,27.8
2013,Specialized middle management occupations,47.6
2013,Middle management occupations in retail and wholesale trade and customer services,41.2
2013,"Middle management occupations in trades, transportation, production and utilities",15.5
2014,All management occupations,34.5
2014,Legislative and senior management occupations,30.5
2014,Specialized middle management occupations,45.8
2014,Middle management occupations in retail and wholesale trade and customer services,42.2
2014,"Middle management occupations in trades, transportation, production and utilities",16.1
2015,All management occupations,34.8
2015,Legislative and senior management occupations,30.3
2015,Specialized middle management occupations,46.8
2015,Middle management occupations in retail and wholesale trade and customer services,41.4
2015,"Middle management occupations in trades, transportation, production and utilities",17.3
2016,All management occupations,34.6
2016,Legislative and senior management occupations,36.2
2016,Specialized middle management occupations,46.7
2016,Middle management occupations in retail and wholesale trade and customer services,40.1
2016,"Middle management occupations in trades, transportation, production and utilities",16.9
2017,All management occupations,34.6
2017,Legislative and senior management occupations,29.5
2017,Specialized middle management occupations,47.8
2017,Middle management occupations in retail and wholesale trade and customer services,38.6
2017,"Middle management occupations in trades, transportation, production and utilities",17.6
2018,All management occupations,34.7
2018,Legislative and senior management occupations,32.7
2018,Specialized middle management occupations,48.0
2018,Middle management occupations in retail and wholesale trade and customer services,38.0
2018,"Middle management occupations in trades, transportation, production and utilities",18.4
2019,All management occupations,35.1
2019,Legislative and senior management occupations,32.0
2019,Specialized middle management occupations,51.2
2019,Middle management occupations in retail and wholesale trade and customer services,38.8
2019,"Middle management occupations in trades, transportation, production and utilities",16.1
2020,All management occupations,35.7
2020,Legislative and senior management occupations,29.0
2020,Specialized middle management occupations,49.7
2020,Middle management occupations in retail and wholesale trade and customer services,39.2
2020,"Middle management occupations in trades, transportation, production and utilities",17.4
2021,All management occupations,35.6
2021,Legislative and senior management occupations,29.9
2021,Specialized middle management occupations,49.2
2021,Middle management occupations in retail and wholesale trade and customer services,40.1
2021,"Middle management occupations in trades, transportation, production and utilities",17.1
2022,All management occupations,35.3
2022,Legislative and senior management occupations,31.5
2022,Specialized middle management occupations,47.9
2022,Middle management occupations in retail and wholesale trade and customer services,39.8
2022,"Middle management occupations in trades, transportation, production and utilities",16.8
2023,All management occupations,35.1
2023,Legislative and senior management occupations,29.8
2023,Specialized middle management occupations,47.8
2023,Middle management occupations in retail and wholesale trade and customer services,37.5
2023,"Middle management occupations in trades, transportation, production and utilities",17.6
2024,All management occupations,36.4
2024,Legislative and senior management occupations,29.2
2024,Specialized middle management occupations,48.7
2024,Middle management occupations in retail and wholesale trade and customer services,38.3
2024,"Middle management occupations in trades, transportation, production and utilities",17.7
2021,Federally appointed judges,43.8
2022,Federally appointed judges,45.3
2023,Federally appointed judges,46.7
2002,Chiefs in First Nation communities,14.9
2002,First Nations council members,27.0
2003,Chiefs in First Nation communities,16.4
2003,First Nations council members,27.1
2004,Chiefs in First Nation communities,15.5
2004,First Nations council members,27.6
2005,Chiefs in First Nation communities,16.0
2005,First Nations council members,28.6
2006,Chiefs in First Nation communities,17.3
2006,First Nations council members,29.2
2007,Chiefs in First Nation communities,18.7
2007,First Nations council members,30.3
2008,Chiefs in First Nation communities,20.1
2008,First Nations council members,31.0
2009,Chiefs in First Nation communities,18.8
2009,First Nations council members,31.0
2010,Chiefs in First Nation communities,19.0
2010,First Nations council members,29.0
2011,Chiefs in First Nation communities,17.8
2011,First Nations council members,29.1
2012,Chiefs in First Nation communities,16.5
2012,First Nations council members,29.4
2013,Chiefs in First Nation communities,17.1
2013,First Nations council members,28.7
2014,Chiefs in First Nation communities,18.6
2014,First Nations council members,29.0
2015,Chiefs in First Nation communities,19.5
2015,First Nations council members,30.5
2016,Chiefs in First Nation communities,19.7
2016,First Nations council members,30.7
2017,Chiefs in First Nation communities,18.8
2017,First Nations council members,28.6
2018,Chiefs in First Nation communities,20.4
2018,First Nations council members,28.2
2019,Chiefs in First Nation communities,18.5
2019,First Nations council members,27.4
