Year,Geography,Producing industry,Value
2010,Canada,All producing industries,0.481
2011,Canada,All producing industries,0.444
2012,Canada,All producing industries,0.436
2013,Canada,All producing industries,0.414
2014,Canada,All producing industries,0.384
2015,Canada,All producing industries,0.386
2016,Canada,All producing industries,0.386
2017,Canada,All producing industries,0.386
2018,Canada,All producing industries,0.387
2010,Canada,Care services,0.24
2011,Canada,Care services,0.22
2012,Canada,Care services,0.21
2013,Canada,Care services,0.2
2014,Canada,Care services,0.18
2015,Canada,Care services,0.19
2016,Canada,Care services,0.19
2017,Canada,Care services,0.19
2018,Canada,Care services,0.19
2010,Canada,Construction,0.35
2011,Canada,Construction,0.33
2012,Canada,Construction,0.32
2013,Canada,Construction,0.29
2014,Canada,Construction,0.28
2015,Canada,Construction,0.29
2016,Canada,Construction,0.29
2017,Canada,Construction,0.29
2018,Canada,Construction,0.29
2010,Canada,Distributive trade and transportation services,1.15
2011,Canada,Distributive trade and transportation services,1.06
2012,Canada,Distributive trade and transportation services,1.07
2013,Canada,Distributive trade and transportation services,0.97
2014,Canada,Distributive trade and transportation services,0.88
2015,Canada,Distributive trade and transportation services,0.85
2016,Canada,Distributive trade and transportation services,0.85
2017,Canada,Distributive trade and transportation services,0.85
2018,Canada,Distributive trade and transportation services,0.85
2010,Canada,"Information, finance and professional industries",0.21
2011,Canada,"Information, finance and professional industries",0.2
2012,Canada,"Information, finance and professional industries",0.19
2013,Canada,"Information, finance and professional industries",0.17
2014,Canada,"Information, finance and professional industries",0.14
2015,Canada,"Information, finance and professional industries",0.14
2016,Canada,"Information, finance and professional industries",0.14
2017,Canada,"Information, finance and professional industries",0.14
2018,Canada,"Information, finance and professional industries",0.14
2010,Canada,Manufacturing,0.83
2011,Canada,Manufacturing,0.77
2012,Canada,Manufacturing,0.77
2013,Canada,Manufacturing,0.74
2014,Canada,Manufacturing,0.72
2015,Canada,Manufacturing,0.71
2016,Canada,Manufacturing,0.71
2017,Canada,Manufacturing,0.71
2018,Canada,Manufacturing,0.71
2010,Canada,Non-Profit and Government services,0.25
2011,Canada,Non-Profit and Government services,0.24
2012,Canada,Non-Profit and Government services,0.23
2013,Canada,Non-Profit and Government services,0.21
2014,Canada,Non-Profit and Government services,0.2
2015,Canada,Non-Profit and Government services,0.19
2016,Canada,Non-Profit and Government services,0.19
2017,Canada,Non-Profit and Government services,0.19
2018,Canada,Non-Profit and Government services,0.19
2010,Canada,Other services (except public administration),0.21
2011,Canada,Other services (except public administration),0.19
2012,Canada,Other services (except public administration),0.19
2013,Canada,Other services (except public administration),0.18
2014,Canada,Other services (except public administration),0.14
2015,Canada,Other services (except public administration),0.15
2016,Canada,Other services (except public administration),0.15
2017,Canada,Other services (except public administration),0.15
2018,Canada,Other services (except public administration),0.15
2010,Canada,Primary industries,0.88
2011,Canada,Primary industries,0.78
2012,Canada,Primary industries,0.81
2013,Canada,Primary industries,0.87
2014,Canada,Primary industries,0.78
2015,Canada,Primary industries,0.9
2016,Canada,Primary industries,0.9
2017,Canada,Primary industries,0.9
2018,Canada,Primary industries,0.9
2010,Canada,Utilities industries,2.8
2011,Canada,Utilities industries,2.49
2012,Canada,Utilities industries,2.38
2013,Canada,Utilities industries,2.17
2014,Canada,Utilities industries,2.02
2015,Canada,Utilities industries,2.02
2016,Canada,Utilities industries,2.02
2017,Canada,Utilities industries,2.02
2018,Canada,Utilities industries,2.02
2010,Newfoundland and Labrador,All producing industries,0.4717
2011,Newfoundland and Labrador,All producing industries,0.435
2012,Newfoundland and Labrador,All producing industries,0.4155
2013,Newfoundland and Labrador,All producing industries,0.3776
2014,Newfoundland and Labrador,All producing industries,0.3532
2015,Newfoundland and Labrador,All producing industries,0.3565
2016,Newfoundland and Labrador,All producing industries,0.3557
2017,Newfoundland and Labrador,All producing industries,0.3567
2018,Newfoundland and Labrador,All producing industries,0.3571
2010,Prince Edward Island,All producing industries,0.4528
2011,Prince Edward Island,All producing industries,0.4342
2012,Prince Edward Island,All producing industries,0.4152
2013,Prince Edward Island,All producing industries,0.3953
2014,Prince Edward Island,All producing industries,0.3919
2015,Prince Edward Island,All producing industries,0.4054
2016,Prince Edward Island,All producing industries,0.3914
2017,Prince Edward Island,All producing industries,0.392
2018,Prince Edward Island,All producing industries,0.3925
2010,Nova Scotia,All producing industries,0.476
2011,Nova Scotia,All producing industries,0.424
2012,Nova Scotia,All producing industries,0.4132
2013,Nova Scotia,All producing industries,0.393
2014,Nova Scotia,All producing industries,0.367
2015,Nova Scotia,All producing industries,0.3655
2016,Nova Scotia,All producing industries,0.3684
2017,Nova Scotia,All producing industries,0.3696
2018,Nova Scotia,All producing industries,0.3699
2010,New Brunswick,All producing industries,0.4655
2011,New Brunswick,All producing industries,0.4289
2012,New Brunswick,All producing industries,0.4147
2013,New Brunswick,All producing industries,0.3901
2014,New Brunswick,All producing industries,0.3621
2015,New Brunswick,All producing industries,0.3625
2016,New Brunswick,All producing industries,0.36
2017,New Brunswick,All producing industries,0.3592
2018,New Brunswick,All producing industries,0.3595
2010,Quebec,All producing industries,0.4593
2011,Quebec,All producing industries,0.4218
2012,Quebec,All producing industries,0.4173
2013,Quebec,All producing industries,0.3891
2014,Quebec,All producing industries,0.3628
2015,Quebec,All producing industries,0.3672
2016,Quebec,All producing industries,0.3644
2017,Quebec,All producing industries,0.3657
2018,Quebec,All producing industries,0.3662
2010,Ontario,All producing industries,0.4822
2011,Ontario,All producing industries,0.4475
2012,Ontario,All producing industries,0.4352
2013,Ontario,All producing industries,0.4161
2014,Ontario,All producing industries,0.3848
2015,Ontario,All producing industries,0.3877
2016,Ontario,All producing industries,0.3883
2017,Ontario,All producing industries,0.3904
2018,Ontario,All producing industries,0.3909
2010,Manitoba,All producing industries,0.5079
2011,Manitoba,All producing industries,0.4666
2012,Manitoba,All producing industries,0.4626
2013,Manitoba,All producing industries,0.43
2014,Manitoba,All producing industries,0.4022
2015,Manitoba,All producing industries,0.4002
2016,Manitoba,All producing industries,0.3969
2017,Manitoba,All producing industries,0.3877
2018,Manitoba,All producing industries,0.3879
2010,Saskatchewan,All producing industries,0.5201
2011,Saskatchewan,All producing industries,0.467
2012,Saskatchewan,All producing industries,0.4627
2013,Saskatchewan,All producing industries,0.452
2014,Saskatchewan,All producing industries,0.4182
2015,Saskatchewan,All producing industries,0.4066
2016,Saskatchewan,All producing industries,0.4115
2017,Saskatchewan,All producing industries,0.4162
2018,Saskatchewan,All producing industries,0.416
2010,Alberta,All producing industries,0.494
2011,Alberta,All producing industries,0.4615
2012,Alberta,All producing industries,0.4544
2013,Alberta,All producing industries,0.4354
2014,Alberta,All producing industries,0.4041
2015,Alberta,All producing industries,0.4065
2016,Alberta,All producing industries,0.4052
2017,Alberta,All producing industries,0.4011
2018,Alberta,All producing industries,0.4014
2010,British Columbia,All producing industries,0.4788
2011,British Columbia,All producing industries,0.4437
2012,British Columbia,All producing industries,0.4384
2013,British Columbia,All producing industries,0.4158
2014,British Columbia,All producing industries,0.3827
2015,British Columbia,All producing industries,0.3844
2016,British Columbia,All producing industries,0.3856
2017,British Columbia,All producing industries,0.3931
2018,British Columbia,All producing industries,0.3928
2010,Yukon,All producing industries,0.4439
2011,Yukon,All producing industries,0.4115
2012,Yukon,All producing industries,0.407
2013,Yukon,All producing industries,0.3825
2014,Yukon,All producing industries,0.3646
2015,Yukon,All producing industries,0.372
2016,Yukon,All producing industries,0.3635
2017,Yukon,All producing industries,0.3818
2018,Yukon,All producing industries,0.3821
2010,Northwest Territories,All producing industries,0.5065
2011,Northwest Territories,All producing industries,0.4611
2012,Northwest Territories,All producing industries,0.4523
2013,Northwest Territories,All producing industries,0.4421
2014,Northwest Territories,All producing industries,0.4224
2015,Northwest Territories,All producing industries,0.4484
2016,Northwest Territories,All producing industries,0.4019
2017,Northwest Territories,All producing industries,0.4029
2018,Northwest Territories,All producing industries,0.4037
2010,Nunavut,All producing industries,0.4963
2011,Nunavut,All producing industries,0.4626
2012,Nunavut,All producing industries,0.4378
2013,Nunavut,All producing industries,0.4281
2014,Nunavut,All producing industries,0.4043
2015,Nunavut,All producing industries,0.4028
2016,Nunavut,All producing industries,0.3907
2017,Nunavut,All producing industries,0.3843
2018,Nunavut,All producing industries,0.3853
