Year,Geography,Asset,GeoCode,Value
2015,,,,0.2393
2016,,,,0.2466
2017,,,,0.2412
2018,,,,0.2349
2019,,,,0.2291
2020,,,,0.208
2021,,,,0.1873
2022,,,,0.1695
2023,,,,0.1676
2015,Canada,Commercial buildings,,0.2011
2015,Canada,Institutional buildings,,0.1874
2015,Canada,Marine engineering infrastructure,,0.2242
2015,Canada,Transportation engineering infrastructure,,0.3102
2015,Canada,Waterworks infrastructure,,0.2602
2015,Canada,Sewage infrastructure,,0.2677
2015,Canada,Communications networks,,0.2491
2015,Canada,Electric power infrastructure,,0.176
2015,Canada,Oil and gas engineering construction,,0.25
2015,Canada,Other engineering construction,,0.2888
2015,Canada,Other machinery and equipment,,0.2109
2015,Canada,Transportation machinery and equipment,,0.2685
2015,Newfoundland and Labrador,Total assets,10,0.1359
2015,Newfoundland and Labrador,Commercial buildings,10,0.1785
2015,Newfoundland and Labrador,Institutional buildings,10,0.1785
2015,Newfoundland and Labrador,Marine engineering infrastructure,10,0.1567
2015,Newfoundland and Labrador,Transportation engineering infrastructure,10,0.2311
2015,Newfoundland and Labrador,Waterworks infrastructure,10,0.1567
2015,Newfoundland and Labrador,Sewage infrastructure,10,0.1567
2015,Newfoundland and Labrador,Communications networks,10,0.3032
2015,Newfoundland and Labrador,Electric power infrastructure,10,0.118
2015,Newfoundland and Labrador,Oil and gas engineering construction,10,0.0
2015,Newfoundland and Labrador,Other engineering construction,10,0.1567
2015,Newfoundland and Labrador,Other machinery and equipment,10,0.161
2015,Newfoundland and Labrador,Transportation machinery and equipment,10,0.2038
2015,Prince Edward Island,Total assets,11,0.2624
2015,Prince Edward Island,Commercial buildings,11,0.1608
2015,Prince Edward Island,Institutional buildings,11,0.1608
2015,Prince Edward Island,Marine engineering infrastructure,11,0.3327
2015,Prince Edward Island,Transportation engineering infrastructure,11,0.3325
2015,Prince Edward Island,Waterworks infrastructure,11,0.3327
2015,Prince Edward Island,Sewage infrastructure,11,0.3327
2015,Prince Edward Island,Communications networks,11,0.2583
2015,Prince Edward Island,Electric power infrastructure,11,0.1067
2015,Prince Edward Island,Oil and gas engineering construction,11,0.0
2015,Prince Edward Island,Other engineering construction,11,0.3327
2015,Prince Edward Island,Other machinery and equipment,11,0.1914
2015,Prince Edward Island,Transportation machinery and equipment,11,0.1539
2015,Nova Scotia,Total assets,12,0.1946
2015,Nova Scotia,Commercial buildings,12,0.2715
2015,Nova Scotia,Institutional buildings,12,0.2715
2015,Nova Scotia,Marine engineering infrastructure,12,0.1258
2015,Nova Scotia,Transportation engineering infrastructure,12,0.1871
2015,Nova Scotia,Waterworks infrastructure,12,0.1258
2015,Nova Scotia,Sewage infrastructure,12,0.1258
2015,Nova Scotia,Communications networks,12,0.2217
2015,Nova Scotia,Electric power infrastructure,12,0.169
2015,Nova Scotia,Oil and gas engineering construction,12,0.1518
2015,Nova Scotia,Other engineering construction,12,0.1258
2015,Nova Scotia,Other machinery and equipment,12,0.1308
2015,Nova Scotia,Transportation machinery and equipment,12,0.263
2015,New Brunswick,Total assets,13,0.1727
2015,New Brunswick,Commercial buildings,13,0.1341
2015,New Brunswick,Institutional buildings,13,0.1341
2015,New Brunswick,Marine engineering infrastructure,13,0.2036
2015,New Brunswick,Transportation engineering infrastructure,13,0.1993
2015,New Brunswick,Waterworks infrastructure,13,0.2036
2015,New Brunswick,Sewage infrastructure,13,0.2036
2015,New Brunswick,Communications networks,13,0.2398
2015,New Brunswick,Electric power infrastructure,13,0.1025
2015,New Brunswick,Oil and gas engineering construction,13,0.2378
2015,New Brunswick,Other engineering construction,13,0.2036
2015,New Brunswick,Other machinery and equipment,13,0.1689
2015,New Brunswick,Transportation machinery and equipment,13,0.2049
2015,Quebec,Total assets,24,0.1728
2015,Quebec,Commercial buildings,24,0.1721
2015,Quebec,Institutional buildings,24,0.1721
2015,Quebec,Marine engineering infrastructure,24,0.2456
2015,Quebec,Transportation engineering infrastructure,24,0.2015
2015,Quebec,Waterworks infrastructure,24,0.2456
2015,Quebec,Sewage infrastructure,24,0.2456
2015,Quebec,Communications networks,24,0.1634
2015,Quebec,Electric power infrastructure,24,0.0902
2015,Quebec,Oil and gas engineering construction,24,0.1533
2015,Quebec,Other engineering construction,24,0.2456
2015,Quebec,Other machinery and equipment,24,0.1076
2015,Quebec,Transportation machinery and equipment,24,0.2972
2015,Ontario,Total assets,35,0.2663
2015,Ontario,Commercial buildings,35,0.1539
2015,Ontario,Institutional buildings,35,0.1539
2015,Ontario,Marine engineering infrastructure,35,0.2741
2015,Ontario,Transportation engineering infrastructure,35,0.3463
2015,Ontario,Waterworks infrastructure,35,0.2741
2015,Ontario,Sewage infrastructure,35,0.2741
2015,Ontario,Communications networks,35,0.3172
2015,Ontario,Electric power infrastructure,35,0.219
2015,Ontario,Oil and gas engineering construction,35,0.22
2015,Ontario,Other engineering construction,35,0.2741
2015,Ontario,Other machinery and equipment,35,0.23
2015,Ontario,Transportation machinery and equipment,35,0.2611
2015,Manitoba,Total assets,46,0.2189
2015,Manitoba,Commercial buildings,46,0.1818
2015,Manitoba,Institutional buildings,46,0.1818
2015,Manitoba,Marine engineering infrastructure,46,0.1968
2015,Manitoba,Transportation engineering infrastructure,46,0.2588
2015,Manitoba,Waterworks infrastructure,46,0.1968
2015,Manitoba,Sewage infrastructure,46,0.1968
2015,Manitoba,Communications networks,46,0.2509
2015,Manitoba,Electric power infrastructure,46,0.2126
2015,Manitoba,Oil and gas engineering construction,46,0.4617
2015,Manitoba,Other engineering construction,46,0.1968
2015,Manitoba,Other machinery and equipment,46,0.1879
2015,Manitoba,Transportation machinery and equipment,46,0.3479
2015,Saskatchewan,Total assets,47,0.329
2015,Saskatchewan,Commercial buildings,47,0.2139
2015,Saskatchewan,Institutional buildings,47,0.2139
2015,Saskatchewan,Marine engineering infrastructure,47,0.3312
2015,Saskatchewan,Transportation engineering infrastructure,47,0.4141
2015,Saskatchewan,Waterworks infrastructure,47,0.3312
2015,Saskatchewan,Sewage infrastructure,47,0.3312
2015,Saskatchewan,Communications networks,47,0.5008
2015,Saskatchewan,Electric power infrastructure,47,0.2842
2015,Saskatchewan,Oil and gas engineering construction,47,0.464
2015,Saskatchewan,Other engineering construction,47,0.3312
2015,Saskatchewan,Other machinery and equipment,47,0.2007
2015,Saskatchewan,Transportation machinery and equipment,47,0.2974
2015,Alberta,Total assets,48,0.2922
2015,Alberta,Commercial buildings,48,0.2646
2015,Alberta,Institutional buildings,48,0.2646
2015,Alberta,Marine engineering infrastructure,48,0.3108
2015,Alberta,Transportation engineering infrastructure,48,0.3654
2015,Alberta,Waterworks infrastructure,48,0.3108
2015,Alberta,Sewage infrastructure,48,0.3108
2015,Alberta,Communications networks,48,0.27
2015,Alberta,Electric power infrastructure,48,0.2012
2015,Alberta,Oil and gas engineering construction,48,0.231
2015,Alberta,Other engineering construction,48,0.3108
2015,Alberta,Other machinery and equipment,48,0.2119
2015,Alberta,Transportation machinery and equipment,48,0.3076
2015,British Columbia,Total assets,59,0.2295
2015,British Columbia,Commercial buildings,59,0.1829
2015,British Columbia,Institutional buildings,59,0.1829
2015,British Columbia,Marine engineering infrastructure,59,0.2052
2015,British Columbia,Transportation engineering infrastructure,59,0.2988
2015,British Columbia,Waterworks infrastructure,59,0.2052
2015,British Columbia,Sewage infrastructure,59,0.2052
2015,British Columbia,Communications networks,59,0.2333
2015,British Columbia,Electric power infrastructure,59,0.2256
2015,British Columbia,Oil and gas engineering construction,59,0.2162
2015,British Columbia,Other engineering construction,59,0.2052
2015,British Columbia,Other machinery and equipment,59,0.1512
2015,British Columbia,Transportation machinery and equipment,59,0.254
2015,Yukon,Total assets,60,0.1676
2015,Yukon,Commercial buildings,60,0.108
2015,Yukon,Institutional buildings,60,0.108
2015,Yukon,Marine engineering infrastructure,60,0.3107
2015,Yukon,Transportation engineering infrastructure,60,0.1259
2015,Yukon,Waterworks infrastructure,60,0.3107
2015,Yukon,Sewage infrastructure,60,0.3107
2015,Yukon,Communications networks,60,0.149
2015,Yukon,Electric power infrastructure,60,0.0673
2015,Yukon,Oil and gas engineering construction,60,
2015,Yukon,Other engineering construction,60,0.3107
2015,Yukon,Other machinery and equipment,60,0.177
2015,Yukon,Transportation machinery and equipment,60,0.2076
2015,Northwest Territories,Total assets,61,0.3309
2015,Northwest Territories,Commercial buildings,61,0.3096
2015,Northwest Territories,Institutional buildings,61,0.3096
2015,Northwest Territories,Marine engineering infrastructure,61,0.3904
2015,Northwest Territories,Transportation engineering infrastructure,61,0.2113
2015,Northwest Territories,Waterworks infrastructure,61,0.3904
2015,Northwest Territories,Sewage infrastructure,61,0.3904
2015,Northwest Territories,Communications networks,61,0.2069
2015,Northwest Territories,Electric power infrastructure,61,0.1834
2015,Northwest Territories,Oil and gas engineering construction,61,0.1425
2015,Northwest Territories,Other engineering construction,61,0.3904
2015,Northwest Territories,Other machinery and equipment,61,0.1915
2015,Northwest Territories,Transportation machinery and equipment,61,0.2989
2015,Nunavut,Total assets,62,0.2482
2015,Nunavut,Commercial buildings,62,0.2458
2015,Nunavut,Institutional buildings,62,0.2458
2015,Nunavut,Marine engineering infrastructure,62,0.2656
2015,Nunavut,Transportation engineering infrastructure,62,0.2989
2015,Nunavut,Waterworks infrastructure,62,0.2656
2015,Nunavut,Sewage infrastructure,62,0.2656
2015,Nunavut,Communications networks,62,0.1157
2015,Nunavut,Electric power infrastructure,62,0.044
2015,Nunavut,Oil and gas engineering construction,62,
2015,Nunavut,Other engineering construction,62,0.2656
2015,Nunavut,Other machinery and equipment,62,0.1596
2015,Nunavut,Transportation machinery and equipment,62,
2016,Canada,Commercial buildings,,0.2047
2016,Canada,Institutional buildings,,0.1924
2016,Canada,Marine engineering infrastructure,,0.2402
2016,Canada,Transportation engineering infrastructure,,0.3204
2016,Canada,Waterworks infrastructure,,0.2781
2016,Canada,Sewage infrastructure,,0.2858
2016,Canada,Communications networks,,0.2566
2016,Canada,Electric power infrastructure,,0.1814
2016,Canada,Oil and gas engineering construction,,0.2554
2016,Canada,Other engineering construction,,0.2903
2016,Canada,Other machinery and equipment,,0.1983
2016,Canada,Transportation machinery and equipment,,0.3034
2016,Newfoundland and Labrador,Total assets,10,0.165
2016,Newfoundland and Labrador,Commercial buildings,10,0.1984
2016,Newfoundland and Labrador,Institutional buildings,10,0.1984
2016,Newfoundland and Labrador,Marine engineering infrastructure,10,0.2012
2016,Newfoundland and Labrador,Transportation engineering infrastructure,10,0.2929
2016,Newfoundland and Labrador,Waterworks infrastructure,10,0.2012
2016,Newfoundland and Labrador,Sewage infrastructure,10,0.2012
2016,Newfoundland and Labrador,Communications networks,10,0.3714
2016,Newfoundland and Labrador,Electric power infrastructure,10,0.1481
2016,Newfoundland and Labrador,Oil and gas engineering construction,10,0.0
2016,Newfoundland and Labrador,Other engineering construction,10,0.2012
2016,Newfoundland and Labrador,Other machinery and equipment,10,0.1505
2016,Newfoundland and Labrador,Transportation machinery and equipment,10,0.1766
2016,Prince Edward Island,Total assets,11,0.2498
2016,Prince Edward Island,Commercial buildings,11,0.1783
2016,Prince Edward Island,Institutional buildings,11,0.1783
2016,Prince Edward Island,Marine engineering infrastructure,11,0.3232
2016,Prince Edward Island,Transportation engineering infrastructure,11,0.365
2016,Prince Edward Island,Waterworks infrastructure,11,0.3232
2016,Prince Edward Island,Sewage infrastructure,11,0.3232
2016,Prince Edward Island,Communications networks,11,0.2492
2016,Prince Edward Island,Electric power infrastructure,11,0.105
2016,Prince Edward Island,Oil and gas engineering construction,11,0.0
2016,Prince Edward Island,Other engineering construction,11,0.3232
2016,Prince Edward Island,Other machinery and equipment,11,0.2051
2016,Prince Edward Island,Transportation machinery and equipment,11,0.1659
2016,Nova Scotia,Total assets,12,0.1958
2016,Nova Scotia,Commercial buildings,12,0.2837
2016,Nova Scotia,Institutional buildings,12,0.2837
2016,Nova Scotia,Marine engineering infrastructure,12,0.1445
2016,Nova Scotia,Transportation engineering infrastructure,12,0.1953
2016,Nova Scotia,Waterworks infrastructure,12,0.1445
2016,Nova Scotia,Sewage infrastructure,12,0.1445
2016,Nova Scotia,Communications networks,12,0.2221
2016,Nova Scotia,Electric power infrastructure,12,0.1575
2016,Nova Scotia,Oil and gas engineering construction,12,0.1569
2016,Nova Scotia,Other engineering construction,12,0.1445
2016,Nova Scotia,Other machinery and equipment,12,0.1594
2016,Nova Scotia,Transportation machinery and equipment,12,0.2237
2016,New Brunswick,Total assets,13,0.1562
2016,New Brunswick,Commercial buildings,13,0.1313
2016,New Brunswick,Institutional buildings,13,0.1313
2016,New Brunswick,Marine engineering infrastructure,13,0.1669
2016,New Brunswick,Transportation engineering infrastructure,13,0.1847
2016,New Brunswick,Waterworks infrastructure,13,0.1669
2016,New Brunswick,Sewage infrastructure,13,0.1669
2016,New Brunswick,Communications networks,13,0.1943
2016,New Brunswick,Electric power infrastructure,13,0.0836
2016,New Brunswick,Oil and gas engineering construction,13,0.186
2016,New Brunswick,Other engineering construction,13,0.1669
2016,New Brunswick,Other machinery and equipment,13,0.1259
2016,New Brunswick,Transportation machinery and equipment,13,0.1638
2016,Quebec,Total assets,24,0.1753
2016,Quebec,Commercial buildings,24,0.1741
2016,Quebec,Institutional buildings,24,0.1741
2016,Quebec,Marine engineering infrastructure,24,0.2508
2016,Quebec,Transportation engineering infrastructure,24,0.2099
2016,Quebec,Waterworks infrastructure,24,0.2508
2016,Quebec,Sewage infrastructure,24,0.2508
2016,Quebec,Communications networks,24,0.1657
2016,Quebec,Electric power infrastructure,24,0.0923
2016,Quebec,Oil and gas engineering construction,24,0.1439
2016,Quebec,Other engineering construction,24,0.2508
2016,Quebec,Other machinery and equipment,24,0.1372
2016,Quebec,Transportation machinery and equipment,24,0.2834
2016,Ontario,Total assets,35,0.2661
2016,Ontario,Commercial buildings,35,0.1487
2016,Ontario,Institutional buildings,35,0.1487
2016,Ontario,Marine engineering infrastructure,35,0.2892
2016,Ontario,Transportation engineering infrastructure,35,0.3564
2016,Ontario,Waterworks infrastructure,35,0.2892
2016,Ontario,Sewage infrastructure,35,0.2892
2016,Ontario,Communications networks,35,0.3089
2016,Ontario,Electric power infrastructure,35,0.2068
2016,Ontario,Oil and gas engineering construction,35,0.2349
2016,Ontario,Other engineering construction,35,0.2892
2016,Ontario,Other machinery and equipment,35,0.2172
2016,Ontario,Transportation machinery and equipment,35,0.3124
2016,Manitoba,Total assets,46,0.2311
2016,Manitoba,Commercial buildings,46,0.1857
2016,Manitoba,Institutional buildings,46,0.1857
2016,Manitoba,Marine engineering infrastructure,46,0.223
2016,Manitoba,Transportation engineering infrastructure,46,0.2798
2016,Manitoba,Waterworks infrastructure,46,0.223
2016,Manitoba,Sewage infrastructure,46,0.223
2016,Manitoba,Communications networks,46,0.2577
2016,Manitoba,Electric power infrastructure,46,0.2261
2016,Manitoba,Oil and gas engineering construction,46,0.4885
2016,Manitoba,Other engineering construction,46,0.223
2016,Manitoba,Other machinery and equipment,46,0.1761
2016,Manitoba,Transportation machinery and equipment,46,0.3704
2016,Saskatchewan,Total assets,47,0.3503
2016,Saskatchewan,Commercial buildings,47,0.2216
2016,Saskatchewan,Institutional buildings,47,0.2216
2016,Saskatchewan,Marine engineering infrastructure,47,0.3691
2016,Saskatchewan,Transportation engineering infrastructure,47,0.4418
2016,Saskatchewan,Waterworks infrastructure,47,0.3691
2016,Saskatchewan,Sewage infrastructure,47,0.3691
2016,Saskatchewan,Communications networks,47,0.4891
2016,Saskatchewan,Electric power infrastructure,47,0.286
2016,Saskatchewan,Oil and gas engineering construction,47,0.4829
2016,Saskatchewan,Other engineering construction,47,0.3691
2016,Saskatchewan,Other machinery and equipment,47,0.2171
2016,Saskatchewan,Transportation machinery and equipment,47,0.3397
2016,Alberta,Total assets,48,0.2964
2016,Alberta,Commercial buildings,48,0.2659
2016,Alberta,Institutional buildings,48,0.2659
2016,Alberta,Marine engineering infrastructure,48,0.3196
2016,Alberta,Transportation engineering infrastructure,48,0.3776
2016,Alberta,Waterworks infrastructure,48,0.3196
2016,Alberta,Sewage infrastructure,48,0.3196
2016,Alberta,Communications networks,48,0.2643
2016,Alberta,Electric power infrastructure,48,0.2149
2016,Alberta,Oil and gas engineering construction,48,0.2362
2016,Alberta,Other engineering construction,48,0.3196
2016,Alberta,Other machinery and equipment,48,0.194
2016,Alberta,Transportation machinery and equipment,48,0.3186
2016,British Columbia,Total assets,59,0.2592
2016,British Columbia,Commercial buildings,59,0.2133
2016,British Columbia,Institutional buildings,59,0.2133
2016,British Columbia,Marine engineering infrastructure,59,0.2484
2016,British Columbia,Transportation engineering infrastructure,59,0.327
2016,British Columbia,Waterworks infrastructure,59,0.2484
2016,British Columbia,Sewage infrastructure,59,0.2484
2016,British Columbia,Communications networks,59,0.2429
2016,British Columbia,Electric power infrastructure,59,0.246
2016,British Columbia,Oil and gas engineering construction,59,0.2536
2016,British Columbia,Other engineering construction,59,0.2484
2016,British Columbia,Other machinery and equipment,59,0.1487
2016,British Columbia,Transportation machinery and equipment,59,0.2613
2016,Yukon,Total assets,60,0.1341
2016,Yukon,Commercial buildings,60,0.1027
2016,Yukon,Institutional buildings,60,0.1027
2016,Yukon,Marine engineering infrastructure,60,0.2569
2016,Yukon,Transportation engineering infrastructure,60,0.1503
2016,Yukon,Waterworks infrastructure,60,0.2569
2016,Yukon,Sewage infrastructure,60,0.2569
2016,Yukon,Communications networks,60,0.1893
2016,Yukon,Electric power infrastructure,60,0.0785
2016,Yukon,Oil and gas engineering construction,60,
2016,Yukon,Other engineering construction,60,0.2569
2016,Yukon,Other machinery and equipment,60,0.2261
2016,Yukon,Transportation machinery and equipment,60,0.1736
2016,Northwest Territories,Total assets,61,0.2979
2016,Northwest Territories,Commercial buildings,61,0.3022
2016,Northwest Territories,Institutional buildings,61,0.3022
2016,Northwest Territories,Marine engineering infrastructure,61,0.4471
2016,Northwest Territories,Transportation engineering infrastructure,61,0.2425
2016,Northwest Territories,Waterworks infrastructure,61,0.4471
2016,Northwest Territories,Sewage infrastructure,61,0.4471
2016,Northwest Territories,Communications networks,61,0.2503
2016,Northwest Territories,Electric power infrastructure,61,0.2069
2016,Northwest Territories,Oil and gas engineering construction,61,0.1645
2016,Northwest Territories,Other engineering construction,61,0.4471
2016,Northwest Territories,Other machinery and equipment,61,0.1878
2016,Northwest Territories,Transportation machinery and equipment,61,0.3295
2016,Nunavut,Total assets,62,0.2146
2016,Nunavut,Commercial buildings,62,0.2292
2016,Nunavut,Institutional buildings,62,0.2292
2016,Nunavut,Marine engineering infrastructure,62,0.2487
2016,Nunavut,Transportation engineering infrastructure,62,0.3169
2016,Nunavut,Waterworks infrastructure,62,0.2487
2016,Nunavut,Sewage infrastructure,62,0.2487
2016,Nunavut,Communications networks,62,0.1265
2016,Nunavut,Electric power infrastructure,62,0.0477
2016,Nunavut,Oil and gas engineering construction,62,
2016,Nunavut,Other engineering construction,62,0.2487
2016,Nunavut,Other machinery and equipment,62,0.1426
2016,Nunavut,Transportation machinery and equipment,62,0.1702
2017,Canada,Commercial buildings,,0.2017
2017,Canada,Institutional buildings,,0.1906
2017,Canada,Marine engineering infrastructure,,0.2333
2017,Canada,Transportation engineering infrastructure,,0.3115
2017,Canada,Waterworks infrastructure,,0.2746
2017,Canada,Sewage infrastructure,,0.2784
2017,Canada,Communications networks,,0.2608
2017,Canada,Electric power infrastructure,,0.1763
2017,Canada,Oil and gas engineering construction,,0.2449
2017,Canada,Other engineering construction,,0.2941
2017,Canada,Other machinery and equipment,,0.2025
2017,Canada,Transportation machinery and equipment,,0.2886
2017,Newfoundland and Labrador,Total assets,10,0.1569
2017,Newfoundland and Labrador,Commercial buildings,10,0.1836
2017,Newfoundland and Labrador,Institutional buildings,10,0.1836
2017,Newfoundland and Labrador,Marine engineering infrastructure,10,0.1869
2017,Newfoundland and Labrador,Transportation engineering infrastructure,10,0.2535
2017,Newfoundland and Labrador,Waterworks infrastructure,10,0.1869
2017,Newfoundland and Labrador,Sewage infrastructure,10,0.1869
2017,Newfoundland and Labrador,Communications networks,10,0.3238
2017,Newfoundland and Labrador,Electric power infrastructure,10,0.1396
2017,Newfoundland and Labrador,Oil and gas engineering construction,10,0.2798
2017,Newfoundland and Labrador,Other engineering construction,10,0.1869
2017,Newfoundland and Labrador,Other machinery and equipment,10,0.1603
2017,Newfoundland and Labrador,Transportation machinery and equipment,10,0.1481
2017,Prince Edward Island,Total assets,11,0.2075
2017,Prince Edward Island,Commercial buildings,11,0.1608
2017,Prince Edward Island,Institutional buildings,11,0.1608
2017,Prince Edward Island,Marine engineering infrastructure,11,0.2549
2017,Prince Edward Island,Transportation engineering infrastructure,11,0.2729
2017,Prince Edward Island,Waterworks infrastructure,11,0.2549
2017,Prince Edward Island,Sewage infrastructure,11,0.2549
2017,Prince Edward Island,Communications networks,11,0.2019
2017,Prince Edward Island,Electric power infrastructure,11,0.0929
2017,Prince Edward Island,Oil and gas engineering construction,11,0.2252
2017,Prince Edward Island,Other engineering construction,11,0.2549
2017,Prince Edward Island,Other machinery and equipment,11,0.1823
2017,Prince Edward Island,Transportation machinery and equipment,11,0.147
2017,Nova Scotia,Total assets,12,0.1729
2017,Nova Scotia,Commercial buildings,12,0.2541
2017,Nova Scotia,Institutional buildings,12,0.2541
2017,Nova Scotia,Marine engineering infrastructure,12,0.1198
2017,Nova Scotia,Transportation engineering infrastructure,12,0.1786
2017,Nova Scotia,Waterworks infrastructure,12,0.1198
2017,Nova Scotia,Sewage infrastructure,12,0.1198
2017,Nova Scotia,Communications networks,12,0.2074
2017,Nova Scotia,Electric power infrastructure,12,0.1364
2017,Nova Scotia,Oil and gas engineering construction,12,0.1556
2017,Nova Scotia,Other engineering construction,12,0.1198
2017,Nova Scotia,Other machinery and equipment,12,0.1548
2017,Nova Scotia,Transportation machinery and equipment,12,0.1863
2017,New Brunswick,Total assets,13,0.1486
2017,New Brunswick,Commercial buildings,13,0.1351
2017,New Brunswick,Institutional buildings,13,0.1351
2017,New Brunswick,Marine engineering infrastructure,13,0.1766
2017,New Brunswick,Transportation engineering infrastructure,13,0.1712
2017,New Brunswick,Waterworks infrastructure,13,0.1766
2017,New Brunswick,Sewage infrastructure,13,0.1766
2017,New Brunswick,Communications networks,13,0.1712
2017,New Brunswick,Electric power infrastructure,13,0.0774
2017,New Brunswick,Oil and gas engineering construction,13,0.1857
2017,New Brunswick,Other engineering construction,13,0.1766
2017,New Brunswick,Other machinery and equipment,13,0.125
2017,New Brunswick,Transportation machinery and equipment,13,0.1429
2017,Quebec,Total assets,24,0.1921
2017,Quebec,Commercial buildings,24,0.1853
2017,Quebec,Institutional buildings,24,0.1853
2017,Quebec,Marine engineering infrastructure,24,0.2796
2017,Quebec,Transportation engineering infrastructure,24,0.2296
2017,Quebec,Waterworks infrastructure,24,0.2796
2017,Quebec,Sewage infrastructure,24,0.2796
2017,Quebec,Communications networks,24,0.1817
2017,Quebec,Electric power infrastructure,24,0.0987
2017,Quebec,Oil and gas engineering construction,24,0.1474
2017,Quebec,Other engineering construction,24,0.2796
2017,Quebec,Other machinery and equipment,24,0.1237
2017,Quebec,Transportation machinery and equipment,24,0.2152
2017,Ontario,Total assets,35,0.2586
2017,Ontario,Commercial buildings,35,0.1463
2017,Ontario,Institutional buildings,35,0.1463
2017,Ontario,Marine engineering infrastructure,35,0.2734
2017,Ontario,Transportation engineering infrastructure,35,0.3519
2017,Ontario,Waterworks infrastructure,35,0.2734
2017,Ontario,Sewage infrastructure,35,0.2734
2017,Ontario,Communications networks,35,0.3114
2017,Ontario,Electric power infrastructure,35,0.2057
2017,Ontario,Oil and gas engineering construction,35,0.2444
2017,Ontario,Other engineering construction,35,0.2734
2017,Ontario,Other machinery and equipment,35,0.2114
2017,Ontario,Transportation machinery and equipment,35,0.3295
2017,Manitoba,Total assets,46,0.2297
2017,Manitoba,Commercial buildings,46,0.1786
2017,Manitoba,Institutional buildings,46,0.1786
2017,Manitoba,Marine engineering infrastructure,46,0.2323
2017,Manitoba,Transportation engineering infrastructure,46,0.2805
2017,Manitoba,Waterworks infrastructure,46,0.2323
2017,Manitoba,Sewage infrastructure,46,0.2323
2017,Manitoba,Communications networks,46,0.2495
2017,Manitoba,Electric power infrastructure,46,0.2181
2017,Manitoba,Oil and gas engineering construction,46,0.5341
2017,Manitoba,Other engineering construction,46,0.2323
2017,Manitoba,Other machinery and equipment,46,0.1933
2017,Manitoba,Transportation machinery and equipment,46,0.3366
2017,Saskatchewan,Total assets,47,0.3528
2017,Saskatchewan,Commercial buildings,47,0.2167
2017,Saskatchewan,Institutional buildings,47,0.2167
2017,Saskatchewan,Marine engineering infrastructure,47,0.3517
2017,Saskatchewan,Transportation engineering infrastructure,47,0.42
2017,Saskatchewan,Waterworks infrastructure,47,0.3517
2017,Saskatchewan,Sewage infrastructure,47,0.3517
2017,Saskatchewan,Communications networks,47,0.4959
2017,Saskatchewan,Electric power infrastructure,47,0.2866
2017,Saskatchewan,Oil and gas engineering construction,47,0.4661
2017,Saskatchewan,Other engineering construction,47,0.3517
2017,Saskatchewan,Other machinery and equipment,47,0.2145
2017,Saskatchewan,Transportation machinery and equipment,47,0.355
2017,Alberta,Total assets,48,0.2848
2017,Alberta,Commercial buildings,48,0.2706
2017,Alberta,Institutional buildings,48,0.2706
2017,Alberta,Marine engineering infrastructure,48,0.3333
2017,Alberta,Transportation engineering infrastructure,48,0.3566
2017,Alberta,Waterworks infrastructure,48,0.3333
2017,Alberta,Sewage infrastructure,48,0.3333
2017,Alberta,Communications networks,48,0.2652
2017,Alberta,Electric power infrastructure,48,0.2195
2017,Alberta,Oil and gas engineering construction,48,0.2232
2017,Alberta,Other engineering construction,48,0.3333
2017,Alberta,Other machinery and equipment,48,0.1919
2017,Alberta,Transportation machinery and equipment,48,0.2795
2017,British Columbia,Total assets,59,0.2436
2017,British Columbia,Commercial buildings,59,0.2113
2017,British Columbia,Institutional buildings,59,0.2113
2017,British Columbia,Marine engineering infrastructure,59,0.2351
2017,British Columbia,Transportation engineering infrastructure,59,0.3003
2017,British Columbia,Waterworks infrastructure,59,0.2351
2017,British Columbia,Sewage infrastructure,59,0.2351
2017,British Columbia,Communications networks,59,0.226
2017,British Columbia,Electric power infrastructure,59,0.2288
2017,British Columbia,Oil and gas engineering construction,59,0.2312
2017,British Columbia,Other engineering construction,59,0.2351
2017,British Columbia,Other machinery and equipment,59,0.1534
2017,British Columbia,Transportation machinery and equipment,59,0.2666
2017,Yukon,Total assets,60,0.1197
2017,Yukon,Commercial buildings,60,0.107
2017,Yukon,Institutional buildings,60,0.107
2017,Yukon,Marine engineering infrastructure,60,0.2445
2017,Yukon,Transportation engineering infrastructure,60,0.1274
2017,Yukon,Waterworks infrastructure,60,0.2445
2017,Yukon,Sewage infrastructure,60,0.2445
2017,Yukon,Communications networks,60,0.1572
2017,Yukon,Electric power infrastructure,60,0.0721
2017,Yukon,Oil and gas engineering construction,60,
2017,Yukon,Other engineering construction,60,0.2445
2017,Yukon,Other machinery and equipment,60,0.2327
2017,Yukon,Transportation machinery and equipment,60,0.1613
2017,Northwest Territories,Total assets,61,0.2936
2017,Northwest Territories,Commercial buildings,61,0.2965
2017,Northwest Territories,Institutional buildings,61,0.2965
2017,Northwest Territories,Marine engineering infrastructure,61,0.463
2017,Northwest Territories,Transportation engineering infrastructure,61,0.2356
2017,Northwest Territories,Waterworks infrastructure,61,0.463
2017,Northwest Territories,Sewage infrastructure,61,0.463
2017,Northwest Territories,Communications networks,61,0.2584
2017,Northwest Territories,Electric power infrastructure,61,0.1707
2017,Northwest Territories,Oil and gas engineering construction,61,0.1884
2017,Northwest Territories,Other engineering construction,61,0.463
2017,Northwest Territories,Other machinery and equipment,61,0.2043
2017,Northwest Territories,Transportation machinery and equipment,61,0.2751
2017,Nunavut,Total assets,62,0.2519
2017,Nunavut,Commercial buildings,62,0.2214
2017,Nunavut,Institutional buildings,62,0.2214
2017,Nunavut,Marine engineering infrastructure,62,0.2276
2017,Nunavut,Transportation engineering infrastructure,62,0.2996
2017,Nunavut,Waterworks infrastructure,62,0.2276
2017,Nunavut,Sewage infrastructure,62,0.2276
2017,Nunavut,Communications networks,62,0.124
2017,Nunavut,Electric power infrastructure,62,0.0469
2017,Nunavut,Oil and gas engineering construction,62,
2017,Nunavut,Other engineering construction,62,0.2276
2017,Nunavut,Other machinery and equipment,62,0.2782
2017,Nunavut,Transportation machinery and equipment,62,0.238
2018,Canada,Commercial buildings,,0.1867
2018,Canada,Institutional buildings,,0.1784
2018,Canada,Marine engineering infrastructure,,0.2276
2018,Canada,Transportation engineering infrastructure,,0.3043
2018,Canada,Waterworks infrastructure,,0.26
2018,Canada,Sewage infrastructure,,0.2589
2018,Canada,Communications networks,,0.2556
2018,Canada,Electric power infrastructure,,0.1835
2018,Canada,Oil and gas engineering construction,,0.2477
2018,Canada,Other engineering construction,,0.2641
2018,Canada,Other machinery and equipment,,0.1983
2018,Canada,Transportation machinery and equipment,,0.2308
2018,Newfoundland and Labrador,Total assets,10,0.1867
2018,Newfoundland and Labrador,Commercial buildings,10,0.1852
2018,Newfoundland and Labrador,Institutional buildings,10,0.1852
2018,Newfoundland and Labrador,Marine engineering infrastructure,10,0.2136
2018,Newfoundland and Labrador,Transportation engineering infrastructure,10,0.2951
2018,Newfoundland and Labrador,Waterworks infrastructure,10,0.2136
2018,Newfoundland and Labrador,Sewage infrastructure,10,0.2136
2018,Newfoundland and Labrador,Communications networks,10,0.4092
2018,Newfoundland and Labrador,Electric power infrastructure,10,0.1518
2018,Newfoundland and Labrador,Oil and gas engineering construction,10,0.3206
2018,Newfoundland and Labrador,Other engineering construction,10,0.2136
2018,Newfoundland and Labrador,Other machinery and equipment,10,0.1677
2018,Newfoundland and Labrador,Transportation machinery and equipment,10,0.1409
2018,Prince Edward Island,Total assets,11,0.2154
2018,Prince Edward Island,Commercial buildings,11,0.1542
2018,Prince Edward Island,Institutional buildings,11,0.1542
2018,Prince Edward Island,Marine engineering infrastructure,11,0.2569
2018,Prince Edward Island,Transportation engineering infrastructure,11,0.2795
2018,Prince Edward Island,Waterworks infrastructure,11,0.2569
2018,Prince Edward Island,Sewage infrastructure,11,0.2569
2018,Prince Edward Island,Communications networks,11,0.2226
2018,Prince Edward Island,Electric power infrastructure,11,0.089
2018,Prince Edward Island,Oil and gas engineering construction,11,0.3196
2018,Prince Edward Island,Other engineering construction,11,0.2569
2018,Prince Edward Island,Other machinery and equipment,11,0.1779
2018,Prince Edward Island,Transportation machinery and equipment,11,0.1344
2018,Nova Scotia,Total assets,12,0.1767
2018,Nova Scotia,Commercial buildings,12,0.2467
2018,Nova Scotia,Institutional buildings,12,0.2467
2018,Nova Scotia,Marine engineering infrastructure,12,0.0846
2018,Nova Scotia,Transportation engineering infrastructure,12,0.1701
2018,Nova Scotia,Waterworks infrastructure,12,0.0846
2018,Nova Scotia,Sewage infrastructure,12,0.0846
2018,Nova Scotia,Communications networks,12,0.2327
2018,Nova Scotia,Electric power infrastructure,12,0.1264
2018,Nova Scotia,Oil and gas engineering construction,12,0.1366
2018,Nova Scotia,Other engineering construction,12,0.0846
2018,Nova Scotia,Other machinery and equipment,12,0.1635
2018,Nova Scotia,Transportation machinery and equipment,12,0.1714
2018,New Brunswick,Total assets,13,0.144
2018,New Brunswick,Commercial buildings,13,0.1321
2018,New Brunswick,Institutional buildings,13,0.1321
2018,New Brunswick,Marine engineering infrastructure,13,0.1555
2018,New Brunswick,Transportation engineering infrastructure,13,0.1691
2018,New Brunswick,Waterworks infrastructure,13,0.1555
2018,New Brunswick,Sewage infrastructure,13,0.1555
2018,New Brunswick,Communications networks,13,0.1746
2018,New Brunswick,Electric power infrastructure,13,0.0776
2018,New Brunswick,Oil and gas engineering construction,13,0.1873
2018,New Brunswick,Other engineering construction,13,0.1555
2018,New Brunswick,Other machinery and equipment,13,0.1209
2018,New Brunswick,Transportation machinery and equipment,13,0.1519
2018,Quebec,Total assets,24,0.18
2018,Quebec,Commercial buildings,24,0.1653
2018,Quebec,Institutional buildings,24,0.1653
2018,Quebec,Marine engineering infrastructure,24,0.2582
2018,Quebec,Transportation engineering infrastructure,24,0.2163
2018,Quebec,Waterworks infrastructure,24,0.2582
2018,Quebec,Sewage infrastructure,24,0.2582
2018,Quebec,Communications networks,24,0.1717
2018,Quebec,Electric power infrastructure,24,0.0947
2018,Quebec,Oil and gas engineering construction,24,0.1397
2018,Quebec,Other engineering construction,24,0.2582
2018,Quebec,Other machinery and equipment,24,0.1177
2018,Quebec,Transportation machinery and equipment,24,0.1489
2018,Ontario,Total assets,35,0.2427
2018,Ontario,Commercial buildings,35,0.1369
2018,Ontario,Institutional buildings,35,0.1369
2018,Ontario,Marine engineering infrastructure,35,0.2581
2018,Ontario,Transportation engineering infrastructure,35,0.3409
2018,Ontario,Waterworks infrastructure,35,0.2581
2018,Ontario,Sewage infrastructure,35,0.2581
2018,Ontario,Communications networks,35,0.3007
2018,Ontario,Electric power infrastructure,35,0.1983
2018,Ontario,Oil and gas engineering construction,35,0.2329
2018,Ontario,Other engineering construction,35,0.2581
2018,Ontario,Other machinery and equipment,35,0.2151
2018,Ontario,Transportation machinery and equipment,35,0.2853
2018,Manitoba,Total assets,46,0.239
2018,Manitoba,Commercial buildings,46,0.1761
2018,Manitoba,Institutional buildings,46,0.1761
2018,Manitoba,Marine engineering infrastructure,46,0.2434
2018,Manitoba,Transportation engineering infrastructure,46,0.2955
2018,Manitoba,Waterworks infrastructure,46,0.2434
2018,Manitoba,Sewage infrastructure,46,0.2434
2018,Manitoba,Communications networks,46,0.2542
2018,Manitoba,Electric power infrastructure,46,0.2183
2018,Manitoba,Oil and gas engineering construction,46,0.4246
2018,Manitoba,Other engineering construction,46,0.2434
2018,Manitoba,Other machinery and equipment,46,0.2139
2018,Manitoba,Transportation machinery and equipment,46,0.3025
2018,Saskatchewan,Total assets,47,0.3569
2018,Saskatchewan,Commercial buildings,47,0.2156
2018,Saskatchewan,Institutional buildings,47,0.2156
2018,Saskatchewan,Marine engineering infrastructure,47,0.3666
2018,Saskatchewan,Transportation engineering infrastructure,47,0.4307
2018,Saskatchewan,Waterworks infrastructure,47,0.3666
2018,Saskatchewan,Sewage infrastructure,47,0.3666
2018,Saskatchewan,Communications networks,47,0.5101
2018,Saskatchewan,Electric power infrastructure,47,0.2861
2018,Saskatchewan,Oil and gas engineering construction,47,0.4306
2018,Saskatchewan,Other engineering construction,47,0.3666
2018,Saskatchewan,Other machinery and equipment,47,0.2136
2018,Saskatchewan,Transportation machinery and equipment,47,0.3241
2018,Alberta,Total assets,48,0.28
2018,Alberta,Commercial buildings,48,0.2589
2018,Alberta,Institutional buildings,48,0.2589
2018,Alberta,Marine engineering infrastructure,48,0.3273
2018,Alberta,Transportation engineering infrastructure,48,0.3617
2018,Alberta,Waterworks infrastructure,48,0.3273
2018,Alberta,Sewage infrastructure,48,0.3273
2018,Alberta,Communications networks,48,0.2406
2018,Alberta,Electric power infrastructure,48,0.2084
2018,Alberta,Oil and gas engineering construction,48,0.2102
2018,Alberta,Other engineering construction,48,0.3273
2018,Alberta,Other machinery and equipment,48,0.1945
2018,Alberta,Transportation machinery and equipment,48,0.2205
2018,British Columbia,Total assets,59,0.245
2018,British Columbia,Commercial buildings,59,0.2078
2018,British Columbia,Institutional buildings,59,0.2078
2018,British Columbia,Marine engineering infrastructure,59,0.2278
2018,British Columbia,Transportation engineering infrastructure,59,0.3076
2018,British Columbia,Waterworks infrastructure,59,0.2278
2018,British Columbia,Sewage infrastructure,59,0.2278
2018,British Columbia,Communications networks,59,0.2306
2018,British Columbia,Electric power infrastructure,59,0.2384
2018,British Columbia,Oil and gas engineering construction,59,0.2155
2018,British Columbia,Other engineering construction,59,0.2278
2018,British Columbia,Other machinery and equipment,59,0.1345
2018,British Columbia,Transportation machinery and equipment,59,0.2063
2018,Yukon,Total assets,60,0.1289
2018,Yukon,Commercial buildings,60,0.1109
2018,Yukon,Institutional buildings,60,0.1109
2018,Yukon,Marine engineering infrastructure,60,0.2851
2018,Yukon,Transportation engineering infrastructure,60,0.1269
2018,Yukon,Waterworks infrastructure,60,0.2851
2018,Yukon,Sewage infrastructure,60,0.2851
2018,Yukon,Communications networks,60,0.1508
2018,Yukon,Electric power infrastructure,60,0.0733
2018,Yukon,Oil and gas engineering construction,60,0.6807
2018,Yukon,Other engineering construction,60,0.2851
2018,Yukon,Other machinery and equipment,60,0.1868
2018,Yukon,Transportation machinery and equipment,60,0.1412
2018,Northwest Territories,Total assets,61,0.2686
2018,Northwest Territories,Commercial buildings,61,0.288
2018,Northwest Territories,Institutional buildings,61,0.288
2018,Northwest Territories,Marine engineering infrastructure,61,0.4819
2018,Northwest Territories,Transportation engineering infrastructure,61,0.244
2018,Northwest Territories,Waterworks infrastructure,61,0.4819
2018,Northwest Territories,Sewage infrastructure,61,0.4819
2018,Northwest Territories,Communications networks,61,0.2516
2018,Northwest Territories,Electric power infrastructure,61,0.169
2018,Northwest Territories,Oil and gas engineering construction,61,0.192
2018,Northwest Territories,Other engineering construction,61,0.4819
2018,Northwest Territories,Other machinery and equipment,61,0.2054
2018,Northwest Territories,Transportation machinery and equipment,61,0.4414
2018,Nunavut,Total assets,62,0.1631
2018,Nunavut,Commercial buildings,62,0.2054
2018,Nunavut,Institutional buildings,62,0.2054
2018,Nunavut,Marine engineering infrastructure,62,0.2024
2018,Nunavut,Transportation engineering infrastructure,62,0.2304
2018,Nunavut,Waterworks infrastructure,62,0.2024
2018,Nunavut,Sewage infrastructure,62,0.2024
2018,Nunavut,Communications networks,62,0.115
2018,Nunavut,Electric power infrastructure,62,0.0461
2018,Nunavut,Oil and gas engineering construction,62,
2018,Nunavut,Other engineering construction,62,0.2024
2018,Nunavut,Other machinery and equipment,62,0.1206
2018,Nunavut,Transportation machinery and equipment,62,0.3455
2019,Canada,Commercial buildings,,0.1709
2019,Canada,Institutional buildings,,0.1777
2019,Canada,Marine engineering infrastructure,,0.2182
2019,Canada,Transportation engineering infrastructure,,0.3038
2019,Canada,Waterworks infrastructure,,0.2484
2019,Canada,Sewage infrastructure,,0.249
2019,Canada,Communications networks,,0.2324
2019,Canada,Electric power infrastructure,,0.1806
2019,Canada,Oil and gas engineering construction,,0.2188
2019,Canada,Other engineering construction,,0.2495
2019,Canada,Other machinery and equipment,,0.1842
2019,Canada,Transportation machinery and equipment,,0.2222
2019,Newfoundland and Labrador,Total assets,10,0.1763
2019,Newfoundland and Labrador,Commercial buildings,10,0.1731
2019,Newfoundland and Labrador,Institutional buildings,10,0.1731
2019,Newfoundland and Labrador,Marine engineering infrastructure,10,0.1903
2019,Newfoundland and Labrador,Transportation engineering infrastructure,10,0.2745
2019,Newfoundland and Labrador,Waterworks infrastructure,10,0.1903
2019,Newfoundland and Labrador,Sewage infrastructure,10,0.1903
2019,Newfoundland and Labrador,Communications networks,10,0.3521
2019,Newfoundland and Labrador,Electric power infrastructure,10,0.1447
2019,Newfoundland and Labrador,Oil and gas engineering construction,10,0.2784
2019,Newfoundland and Labrador,Other engineering construction,10,0.1903
2019,Newfoundland and Labrador,Other machinery and equipment,10,0.1631
2019,Newfoundland and Labrador,Transportation machinery and equipment,10,0.1245
2019,Prince Edward Island,Total assets,11,0.2341
2019,Prince Edward Island,Commercial buildings,11,0.1429
2019,Prince Edward Island,Institutional buildings,11,0.1429
2019,Prince Edward Island,Marine engineering infrastructure,11,0.2227
2019,Prince Edward Island,Transportation engineering infrastructure,11,0.3154
2019,Prince Edward Island,Waterworks infrastructure,11,0.2227
2019,Prince Edward Island,Sewage infrastructure,11,0.2227
2019,Prince Edward Island,Communications networks,11,0.1947
2019,Prince Edward Island,Electric power infrastructure,11,0.0885
2019,Prince Edward Island,Oil and gas engineering construction,11,0.1657
2019,Prince Edward Island,Other engineering construction,11,0.2227
2019,Prince Edward Island,Other machinery and equipment,11,0.1727
2019,Prince Edward Island,Transportation machinery and equipment,11,0.1222
2019,Nova Scotia,Total assets,12,0.1517
2019,Nova Scotia,Commercial buildings,12,0.2099
2019,Nova Scotia,Institutional buildings,12,0.2099
2019,Nova Scotia,Marine engineering infrastructure,12,0.0708
2019,Nova Scotia,Transportation engineering infrastructure,12,0.1449
2019,Nova Scotia,Waterworks infrastructure,12,0.0708
2019,Nova Scotia,Sewage infrastructure,12,0.0708
2019,Nova Scotia,Communications networks,12,0.1971
2019,Nova Scotia,Electric power infrastructure,12,0.118
2019,Nova Scotia,Oil and gas engineering construction,12,0.1358
2019,Nova Scotia,Other engineering construction,12,0.0708
2019,Nova Scotia,Other machinery and equipment,12,0.1503
2019,Nova Scotia,Transportation machinery and equipment,12,0.1435
2019,New Brunswick,Total assets,13,0.1302
2019,New Brunswick,Commercial buildings,13,0.1278
2019,New Brunswick,Institutional buildings,13,0.1278
2019,New Brunswick,Marine engineering infrastructure,13,0.147
2019,New Brunswick,Transportation engineering infrastructure,13,0.1588
2019,New Brunswick,Waterworks infrastructure,13,0.147
2019,New Brunswick,Sewage infrastructure,13,0.147
2019,New Brunswick,Communications networks,13,0.1494
2019,New Brunswick,Electric power infrastructure,13,0.0802
2019,New Brunswick,Oil and gas engineering construction,13,0.2079
2019,New Brunswick,Other engineering construction,13,0.147
2019,New Brunswick,Other machinery and equipment,13,0.1278
2019,New Brunswick,Transportation machinery and equipment,13,0.2014
2019,Quebec,Total assets,24,0.185
2019,Quebec,Commercial buildings,24,0.1757
2019,Quebec,Institutional buildings,24,0.1757
2019,Quebec,Marine engineering infrastructure,24,0.2395
2019,Quebec,Transportation engineering infrastructure,24,0.2305
2019,Quebec,Waterworks infrastructure,24,0.2395
2019,Quebec,Sewage infrastructure,24,0.2395
2019,Quebec,Communications networks,24,0.1578
2019,Quebec,Electric power infrastructure,24,0.1008
2019,Quebec,Oil and gas engineering construction,24,0.1537
2019,Quebec,Other engineering construction,24,0.2395
2019,Quebec,Other machinery and equipment,24,0.1295
2019,Quebec,Transportation machinery and equipment,24,0.1006
2019,Ontario,Total assets,35,0.2386
2019,Ontario,Commercial buildings,35,0.134
2019,Ontario,Institutional buildings,35,0.134
2019,Ontario,Marine engineering infrastructure,35,0.2427
2019,Ontario,Transportation engineering infrastructure,35,0.3395
2019,Ontario,Waterworks infrastructure,35,0.2427
2019,Ontario,Sewage infrastructure,35,0.2427
2019,Ontario,Communications networks,35,0.2698
2019,Ontario,Electric power infrastructure,35,0.1963
2019,Ontario,Oil and gas engineering construction,35,0.2418
2019,Ontario,Other engineering construction,35,0.2427
2019,Ontario,Other machinery and equipment,35,0.195
2019,Ontario,Transportation machinery and equipment,35,0.2366
2019,Manitoba,Total assets,46,0.2438
2019,Manitoba,Commercial buildings,46,0.1831
2019,Manitoba,Institutional buildings,46,0.1831
2019,Manitoba,Marine engineering infrastructure,46,0.2575
2019,Manitoba,Transportation engineering infrastructure,46,0.3145
2019,Manitoba,Waterworks infrastructure,46,0.2575
2019,Manitoba,Sewage infrastructure,46,0.2575
2019,Manitoba,Communications networks,46,0.2355
2019,Manitoba,Electric power infrastructure,46,0.2196
2019,Manitoba,Oil and gas engineering construction,46,0.4562
2019,Manitoba,Other engineering construction,46,0.2575
2019,Manitoba,Other machinery and equipment,46,0.1952
2019,Manitoba,Transportation machinery and equipment,46,0.304
2019,Saskatchewan,Total assets,47,0.3526
2019,Saskatchewan,Commercial buildings,47,0.2204
2019,Saskatchewan,Institutional buildings,47,0.2204
2019,Saskatchewan,Marine engineering infrastructure,47,0.3511
2019,Saskatchewan,Transportation engineering infrastructure,47,0.4632
2019,Saskatchewan,Waterworks infrastructure,47,0.3511
2019,Saskatchewan,Sewage infrastructure,47,0.3511
2019,Saskatchewan,Communications networks,47,0.4376
2019,Saskatchewan,Electric power infrastructure,47,0.2913
2019,Saskatchewan,Oil and gas engineering construction,47,0.4366
2019,Saskatchewan,Other engineering construction,47,0.3511
2019,Saskatchewan,Other machinery and equipment,47,0.2
2019,Saskatchewan,Transportation machinery and equipment,47,0.2935
2019,Alberta,Total assets,48,0.2827
2019,Alberta,Commercial buildings,48,0.2524
2019,Alberta,Institutional buildings,48,0.2524
2019,Alberta,Marine engineering infrastructure,48,0.3175
2019,Alberta,Transportation engineering infrastructure,48,0.3789
2019,Alberta,Waterworks infrastructure,48,0.3175
2019,Alberta,Sewage infrastructure,48,0.3175
2019,Alberta,Communications networks,48,0.234
2019,Alberta,Electric power infrastructure,48,0.2191
2019,Alberta,Oil and gas engineering construction,48,0.2133
2019,Alberta,Other engineering construction,48,0.3175
2019,Alberta,Other machinery and equipment,48,0.1912
2019,Alberta,Transportation machinery and equipment,48,0.2323
2019,British Columbia,Total assets,59,0.2228
2019,British Columbia,Commercial buildings,59,0.1839
2019,British Columbia,Institutional buildings,59,0.1839
2019,British Columbia,Marine engineering infrastructure,59,0.2218
2019,British Columbia,Transportation engineering infrastructure,59,0.2885
2019,British Columbia,Waterworks infrastructure,59,0.2218
2019,British Columbia,Sewage infrastructure,59,0.2218
2019,British Columbia,Communications networks,59,0.2015
2019,British Columbia,Electric power infrastructure,59,0.2161
2019,British Columbia,Oil and gas engineering construction,59,0.1967
2019,British Columbia,Other engineering construction,59,0.2218
2019,British Columbia,Other machinery and equipment,59,0.1291
2019,British Columbia,Transportation machinery and equipment,59,0.2069
2019,Yukon,Total assets,60,0.2086
2019,Yukon,Commercial buildings,60,0.102
2019,Yukon,Institutional buildings,60,0.102
2019,Yukon,Marine engineering infrastructure,60,0.6125
2019,Yukon,Transportation engineering infrastructure,60,0.1445
2019,Yukon,Waterworks infrastructure,60,0.6125
2019,Yukon,Sewage infrastructure,60,0.6125
2019,Yukon,Communications networks,60,0.1491
2019,Yukon,Electric power infrastructure,60,0.0712
2019,Yukon,Oil and gas engineering construction,60,0.0
2019,Yukon,Other engineering construction,60,0.6125
2019,Yukon,Other machinery and equipment,60,0.1834
2019,Yukon,Transportation machinery and equipment,60,0.1419
2019,Northwest Territories,Total assets,61,0.2778
2019,Northwest Territories,Commercial buildings,61,0.2758
2019,Northwest Territories,Institutional buildings,61,0.2758
2019,Northwest Territories,Marine engineering infrastructure,61,0.4634
2019,Northwest Territories,Transportation engineering infrastructure,61,0.2739
2019,Northwest Territories,Waterworks infrastructure,61,0.4634
2019,Northwest Territories,Sewage infrastructure,61,0.4634
2019,Northwest Territories,Communications networks,61,0.2414
2019,Northwest Territories,Electric power infrastructure,61,0.1719
2019,Northwest Territories,Oil and gas engineering construction,61,0.1647
2019,Northwest Territories,Other engineering construction,61,0.4634
2019,Northwest Territories,Other machinery and equipment,61,0.1804
2019,Northwest Territories,Transportation machinery and equipment,61,0.157
2019,Nunavut,Total assets,62,0.2084
2019,Nunavut,Commercial buildings,62,0.2476
2019,Nunavut,Institutional buildings,62,0.2476
2019,Nunavut,Marine engineering infrastructure,62,0.203
2019,Nunavut,Transportation engineering infrastructure,62,0.2369
2019,Nunavut,Waterworks infrastructure,62,0.203
2019,Nunavut,Sewage infrastructure,62,0.203
2019,Nunavut,Communications networks,62,0.0521
2019,Nunavut,Electric power infrastructure,62,0.0475
2019,Nunavut,Oil and gas engineering construction,62,
2019,Nunavut,Other engineering construction,62,0.203
2019,Nunavut,Other machinery and equipment,62,0.1264
2019,Nunavut,Transportation machinery and equipment,62,0.323
2020,Canada,Commercial buildings,,0.1594
2020,Canada,Institutional buildings,,0.163
2020,Canada,Marine engineering infrastructure,,0.1947
2020,Canada,Transportation engineering infrastructure,,0.2749
2020,Canada,Waterworks infrastructure,,0.2399
2020,Canada,Sewage infrastructure,,0.2324
2020,Canada,Communications networks,,0.1936
2020,Canada,Electric power infrastructure,,0.1569
2020,Canada,Oil and gas engineering construction,,0.2098
2020,Canada,Other engineering construction,,0.2431
2020,Canada,Other machinery and equipment,,0.1711
2020,Canada,Transportation machinery and equipment,,0.2112
2020,Newfoundland and Labrador,Total assets,10,0.1566
2020,Newfoundland and Labrador,Commercial buildings,10,0.1768
2020,Newfoundland and Labrador,Institutional buildings,10,0.1768
2020,Newfoundland and Labrador,Marine engineering infrastructure,10,0.1693
2020,Newfoundland and Labrador,Transportation engineering infrastructure,10,0.2463
2020,Newfoundland and Labrador,Waterworks infrastructure,10,0.1693
2020,Newfoundland and Labrador,Sewage infrastructure,10,0.1693
2020,Newfoundland and Labrador,Communications networks,10,0.2574
2020,Newfoundland and Labrador,Electric power infrastructure,10,0.1218
2020,Newfoundland and Labrador,Oil and gas engineering construction,10,0.2041
2020,Newfoundland and Labrador,Other engineering construction,10,0.1693
2020,Newfoundland and Labrador,Other machinery and equipment,10,0.1508
2020,Newfoundland and Labrador,Transportation machinery and equipment,10,0.1179
2020,Prince Edward Island,Total assets,11,0.2064
2020,Prince Edward Island,Commercial buildings,11,0.1257
2020,Prince Edward Island,Institutional buildings,11,0.1257
2020,Prince Edward Island,Marine engineering infrastructure,11,0.2142
2020,Prince Edward Island,Transportation engineering infrastructure,11,0.3013
2020,Prince Edward Island,Waterworks infrastructure,11,0.2142
2020,Prince Edward Island,Sewage infrastructure,11,0.2142
2020,Prince Edward Island,Communications networks,11,0.1802
2020,Prince Edward Island,Electric power infrastructure,11,0.082
2020,Prince Edward Island,Oil and gas engineering construction,11,0.0
2020,Prince Edward Island,Other engineering construction,11,0.2142
2020,Prince Edward Island,Other machinery and equipment,11,0.1517
2020,Prince Edward Island,Transportation machinery and equipment,11,0.1154
2020,Nova Scotia,Total assets,12,0.1503
2020,Nova Scotia,Commercial buildings,12,0.1916
2020,Nova Scotia,Institutional buildings,12,0.1916
2020,Nova Scotia,Marine engineering infrastructure,12,0.0817
2020,Nova Scotia,Transportation engineering infrastructure,12,0.1447
2020,Nova Scotia,Waterworks infrastructure,12,0.0817
2020,Nova Scotia,Sewage infrastructure,12,0.0817
2020,Nova Scotia,Communications networks,12,0.1907
2020,Nova Scotia,Electric power infrastructure,12,0.1081
2020,Nova Scotia,Oil and gas engineering construction,12,0.1771
2020,Nova Scotia,Other engineering construction,12,0.0817
2020,Nova Scotia,Other machinery and equipment,12,0.1367
2020,Nova Scotia,Transportation machinery and equipment,12,0.1375
2020,New Brunswick,Total assets,13,0.1262
2020,New Brunswick,Commercial buildings,13,0.1316
2020,New Brunswick,Institutional buildings,13,0.1316
2020,New Brunswick,Marine engineering infrastructure,13,0.1345
2020,New Brunswick,Transportation engineering infrastructure,13,0.1508
2020,New Brunswick,Waterworks infrastructure,13,0.1345
2020,New Brunswick,Sewage infrastructure,13,0.1345
2020,New Brunswick,Communications networks,13,0.1292
2020,New Brunswick,Electric power infrastructure,13,0.0663
2020,New Brunswick,Oil and gas engineering construction,13,0.2964
2020,New Brunswick,Other engineering construction,13,0.1345
2020,New Brunswick,Other machinery and equipment,13,0.1254
2020,New Brunswick,Transportation machinery and equipment,13,0.1397
2020,Quebec,Total assets,24,0.1703
2020,Quebec,Commercial buildings,24,0.157
2020,Quebec,Institutional buildings,24,0.157
2020,Quebec,Marine engineering infrastructure,24,0.2458
2020,Quebec,Transportation engineering infrastructure,24,0.2086
2020,Quebec,Waterworks infrastructure,24,0.2458
2020,Quebec,Sewage infrastructure,24,0.2458
2020,Quebec,Communications networks,24,0.1417
2020,Quebec,Electric power infrastructure,24,0.0902
2020,Quebec,Oil and gas engineering construction,24,0.1399
2020,Quebec,Other engineering construction,24,0.2458
2020,Quebec,Other machinery and equipment,24,0.1139
2020,Quebec,Transportation machinery and equipment,24,0.096
2020,Ontario,Total assets,35,0.2104
2020,Ontario,Commercial buildings,35,0.125
2020,Ontario,Institutional buildings,35,0.125
2020,Ontario,Marine engineering infrastructure,35,0.2335
2020,Ontario,Transportation engineering infrastructure,35,0.2988
2020,Ontario,Waterworks infrastructure,35,0.2335
2020,Ontario,Sewage infrastructure,35,0.2335
2020,Ontario,Communications networks,35,0.2097
2020,Ontario,Electric power infrastructure,35,0.1616
2020,Ontario,Oil and gas engineering construction,35,0.2188
2020,Ontario,Other engineering construction,35,0.2335
2020,Ontario,Other machinery and equipment,35,0.1766
2020,Ontario,Transportation machinery and equipment,35,0.2437
2020,Manitoba,Total assets,46,0.2357
2020,Manitoba,Commercial buildings,46,0.1896
2020,Manitoba,Institutional buildings,46,0.1896
2020,Manitoba,Marine engineering infrastructure,46,0.2514
2020,Manitoba,Transportation engineering infrastructure,46,0.3061
2020,Manitoba,Waterworks infrastructure,46,0.2514
2020,Manitoba,Sewage infrastructure,46,0.2514
2020,Manitoba,Communications networks,46,0.2198
2020,Manitoba,Electric power infrastructure,46,0.2107
2020,Manitoba,Oil and gas engineering construction,46,0.5082
2020,Manitoba,Other engineering construction,46,0.2514
2020,Manitoba,Other machinery and equipment,46,0.1758
2020,Manitoba,Transportation machinery and equipment,46,0.2433
2020,Saskatchewan,Total assets,47,0.3537
2020,Saskatchewan,Commercial buildings,47,0.2156
2020,Saskatchewan,Institutional buildings,47,0.2156
2020,Saskatchewan,Marine engineering infrastructure,47,0.3522
2020,Saskatchewan,Transportation engineering infrastructure,47,0.4799
2020,Saskatchewan,Waterworks infrastructure,47,0.3522
2020,Saskatchewan,Sewage infrastructure,47,0.3522
2020,Saskatchewan,Communications networks,47,0.4196
2020,Saskatchewan,Electric power infrastructure,47,0.2653
2020,Saskatchewan,Oil and gas engineering construction,47,0.4726
2020,Saskatchewan,Other engineering construction,47,0.3522
2020,Saskatchewan,Other machinery and equipment,47,0.1939
2020,Saskatchewan,Transportation machinery and equipment,47,0.2709
2020,Alberta,Total assets,48,0.2623
2020,Alberta,Commercial buildings,48,0.2557
2020,Alberta,Institutional buildings,48,0.2557
2020,Alberta,Marine engineering infrastructure,48,0.2788
2020,Alberta,Transportation engineering infrastructure,48,0.3586
2020,Alberta,Waterworks infrastructure,48,0.2788
2020,Alberta,Sewage infrastructure,48,0.2788
2020,Alberta,Communications networks,48,0.203
2020,Alberta,Electric power infrastructure,48,0.189
2020,Alberta,Oil and gas engineering construction,48,0.2009
2020,Alberta,Other engineering construction,48,0.2788
2020,Alberta,Other machinery and equipment,48,0.1824
2020,Alberta,Transportation machinery and equipment,48,0.2696
2020,British Columbia,Total assets,59,0.1926
2020,British Columbia,Commercial buildings,59,0.1581
2020,British Columbia,Institutional buildings,59,0.1581
2020,British Columbia,Marine engineering infrastructure,59,0.1966
2020,British Columbia,Transportation engineering infrastructure,59,0.2439
2020,British Columbia,Waterworks infrastructure,59,0.1966
2020,British Columbia,Sewage infrastructure,59,0.1966
2020,British Columbia,Communications networks,59,0.16
2020,British Columbia,Electric power infrastructure,59,0.1762
2020,British Columbia,Oil and gas engineering construction,59,0.1858
2020,British Columbia,Other engineering construction,59,0.1966
2020,British Columbia,Other machinery and equipment,59,0.1254
2020,British Columbia,Transportation machinery and equipment,59,0.2469
2020,Yukon,Total assets,60,0.1337
2020,Yukon,Commercial buildings,60,0.0946
2020,Yukon,Institutional buildings,60,0.0946
2020,Yukon,Marine engineering infrastructure,60,0.437
2020,Yukon,Transportation engineering infrastructure,60,0.1278
2020,Yukon,Waterworks infrastructure,60,0.437
2020,Yukon,Sewage infrastructure,60,0.437
2020,Yukon,Communications networks,60,0.136
2020,Yukon,Electric power infrastructure,60,0.0648
2020,Yukon,Oil and gas engineering construction,60,0.0
2020,Yukon,Other engineering construction,60,0.437
2020,Yukon,Other machinery and equipment,60,0.1392
2020,Yukon,Transportation machinery and equipment,60,0.1279
2020,Northwest Territories,Total assets,61,0.2484
2020,Northwest Territories,Commercial buildings,61,0.2176
2020,Northwest Territories,Institutional buildings,61,0.2176
2020,Northwest Territories,Marine engineering infrastructure,61,0.4292
2020,Northwest Territories,Transportation engineering infrastructure,61,0.261
2020,Northwest Territories,Waterworks infrastructure,61,0.4292
2020,Northwest Territories,Sewage infrastructure,61,0.4292
2020,Northwest Territories,Communications networks,61,0.2396
2020,Northwest Territories,Electric power infrastructure,61,0.1698
2020,Northwest Territories,Oil and gas engineering construction,61,0.1464
2020,Northwest Territories,Other engineering construction,61,0.4292
2020,Northwest Territories,Other machinery and equipment,61,0.1574
2020,Northwest Territories,Transportation machinery and equipment,61,0.1557
2020,Nunavut,Total assets,62,0.1717
2020,Nunavut,Commercial buildings,62,0.2075
2020,Nunavut,Institutional buildings,62,0.2075
2020,Nunavut,Marine engineering infrastructure,62,0.1891
2020,Nunavut,Transportation engineering infrastructure,62,0.2119
2020,Nunavut,Waterworks infrastructure,62,0.1891
2020,Nunavut,Sewage infrastructure,62,0.1891
2020,Nunavut,Communications networks,62,0.0345
2020,Nunavut,Electric power infrastructure,62,0.0436
2020,Nunavut,Oil and gas engineering construction,62,
2020,Nunavut,Other engineering construction,62,0.1891
2020,Nunavut,Other machinery and equipment,62,0.114
2020,Nunavut,Transportation machinery and equipment,62,0.2809
2021,Canada,Commercial buildings,,0.1474
2021,Canada,Institutional buildings,,0.152
2021,Canada,Marine engineering infrastructure,,0.1799
2021,Canada,Transportation engineering infrastructure,,0.2466
2021,Canada,Waterworks infrastructure,,0.2238
2021,Canada,Sewage infrastructure,,0.2186
2021,Canada,Communications networks,,0.1627
2021,Canada,Electric power infrastructure,,0.1407
2021,Canada,Oil and gas engineering construction,,0.1958
2021,Canada,Other engineering construction,,0.2296
2021,Canada,Other machinery and equipment,,0.1825
2021,Canada,Transportation machinery and equipment,,0.2045
2021,Newfoundland and Labrador,Total assets,10,0.1495
2021,Newfoundland and Labrador,Commercial buildings,10,0.1669
2021,Newfoundland and Labrador,Institutional buildings,10,0.1669
2021,Newfoundland and Labrador,Marine engineering infrastructure,10,0.1572
2021,Newfoundland and Labrador,Transportation engineering infrastructure,10,0.2222
2021,Newfoundland and Labrador,Waterworks infrastructure,10,0.1576
2021,Newfoundland and Labrador,Sewage infrastructure,10,0.1576
2021,Newfoundland and Labrador,Communications networks,10,0.2181
2021,Newfoundland and Labrador,Electric power infrastructure,10,0.1106
2021,Newfoundland and Labrador,Oil and gas engineering construction,10,0.0
2021,Newfoundland and Labrador,Other engineering construction,10,0.1576
2021,Newfoundland and Labrador,Other machinery and equipment,10,0.1469
2021,Newfoundland and Labrador,Transportation machinery and equipment,10,0.0675
2021,Prince Edward Island,Total assets,11,0.1759
2021,Prince Edward Island,Commercial buildings,11,0.1167
2021,Prince Edward Island,Institutional buildings,11,0.1189
2021,Prince Edward Island,Marine engineering infrastructure,11,0.1987
2021,Prince Edward Island,Transportation engineering infrastructure,11,0.2718
2021,Prince Edward Island,Waterworks infrastructure,11,0.1994
2021,Prince Edward Island,Sewage infrastructure,11,0.1993
2021,Prince Edward Island,Communications networks,11,0.1527
2021,Prince Edward Island,Electric power infrastructure,11,0.0744
2021,Prince Edward Island,Oil and gas engineering construction,11,0.0
2021,Prince Edward Island,Other engineering construction,11,0.1995
2021,Prince Edward Island,Other machinery and equipment,11,0.1471
2021,Prince Edward Island,Transportation machinery and equipment,11,0.1119
2021,Nova Scotia,Total assets,12,0.1344
2021,Nova Scotia,Commercial buildings,12,0.1779
2021,Nova Scotia,Institutional buildings,12,0.181
2021,Nova Scotia,Marine engineering infrastructure,12,0.0761
2021,Nova Scotia,Transportation engineering infrastructure,12,0.1305
2021,Nova Scotia,Waterworks infrastructure,12,0.0761
2021,Nova Scotia,Sewage infrastructure,12,0.0761
2021,Nova Scotia,Communications networks,12,0.1616
2021,Nova Scotia,Electric power infrastructure,12,0.0982
2021,Nova Scotia,Oil and gas engineering construction,12,0.1699
2021,Nova Scotia,Other engineering construction,12,0.0767
2021,Nova Scotia,Other machinery and equipment,12,0.1332
2021,Nova Scotia,Transportation machinery and equipment,12,0.1405
2021,New Brunswick,Total assets,13,0.1138
2021,New Brunswick,Commercial buildings,13,0.126
2021,New Brunswick,Institutional buildings,13,0.1267
2021,New Brunswick,Marine engineering infrastructure,13,0.1253
2021,New Brunswick,Transportation engineering infrastructure,13,0.1361
2021,New Brunswick,Waterworks infrastructure,13,0.1253
2021,New Brunswick,Sewage infrastructure,13,0.1253
2021,New Brunswick,Communications networks,13,0.1095
2021,New Brunswick,Electric power infrastructure,13,0.0602
2021,New Brunswick,Oil and gas engineering construction,13,0.2841
2021,New Brunswick,Other engineering construction,13,0.1253
2021,New Brunswick,Other machinery and equipment,13,0.142
2021,New Brunswick,Transportation machinery and equipment,13,0.1658
2021,Quebec,Total assets,24,0.1521
2021,Quebec,Commercial buildings,24,0.1443
2021,Quebec,Institutional buildings,24,0.147
2021,Quebec,Marine engineering infrastructure,24,0.2274
2021,Quebec,Transportation engineering infrastructure,24,0.1882
2021,Quebec,Waterworks infrastructure,24,0.2288
2021,Quebec,Sewage infrastructure,24,0.2288
2021,Quebec,Communications networks,24,0.1201
2021,Quebec,Electric power infrastructure,24,0.0819
2021,Quebec,Oil and gas engineering construction,24,0.1343
2021,Quebec,Other engineering construction,24,0.2287
2021,Quebec,Other machinery and equipment,24,0.1147
2021,Quebec,Transportation machinery and equipment,24,0.0981
2021,Ontario,Total assets,35,0.1916
2021,Ontario,Commercial buildings,35,0.1138
2021,Ontario,Institutional buildings,35,0.1145
2021,Ontario,Marine engineering infrastructure,35,0.2175
2021,Ontario,Transportation engineering infrastructure,35,0.2695
2021,Ontario,Waterworks infrastructure,35,0.2174
2021,Ontario,Sewage infrastructure,35,0.2174
2021,Ontario,Communications networks,35,0.1777
2021,Ontario,Electric power infrastructure,35,0.1468
2021,Ontario,Oil and gas engineering construction,35,0.21
2021,Ontario,Other engineering construction,35,0.2173
2021,Ontario,Other machinery and equipment,35,0.1938
2021,Ontario,Transportation machinery and equipment,35,0.2561
2021,Manitoba,Total assets,46,0.2192
2021,Manitoba,Commercial buildings,46,0.178
2021,Manitoba,Institutional buildings,46,0.1795
2021,Manitoba,Marine engineering infrastructure,46,0.2341
2021,Manitoba,Transportation engineering infrastructure,46,0.2762
2021,Manitoba,Waterworks infrastructure,46,0.2341
2021,Manitoba,Sewage infrastructure,46,0.2341
2021,Manitoba,Communications networks,46,0.1858
2021,Manitoba,Electric power infrastructure,46,0.1913
2021,Manitoba,Oil and gas engineering construction,46,0.4878
2021,Manitoba,Other engineering construction,46,0.2358
2021,Manitoba,Other machinery and equipment,46,0.1782
2021,Manitoba,Transportation machinery and equipment,46,0.2403
2021,Saskatchewan,Total assets,47,0.3194
2021,Saskatchewan,Commercial buildings,47,0.207
2021,Saskatchewan,Institutional buildings,47,0.2073
2021,Saskatchewan,Marine engineering infrastructure,47,0.328
2021,Saskatchewan,Transportation engineering infrastructure,47,0.4329
2021,Saskatchewan,Waterworks infrastructure,47,0.3279
2021,Saskatchewan,Sewage infrastructure,47,0.3282
2021,Saskatchewan,Communications networks,47,0.3556
2021,Saskatchewan,Electric power infrastructure,47,0.2409
2021,Saskatchewan,Oil and gas engineering construction,47,0.4536
2021,Saskatchewan,Other engineering construction,47,0.3283
2021,Saskatchewan,Other machinery and equipment,47,0.1866
2021,Saskatchewan,Transportation machinery and equipment,47,0.2762
2021,Alberta,Total assets,48,0.2321
2021,Alberta,Commercial buildings,48,0.2413
2021,Alberta,Institutional buildings,48,0.2443
2021,Alberta,Marine engineering infrastructure,48,0.2599
2021,Alberta,Transportation engineering infrastructure,48,0.3236
2021,Alberta,Waterworks infrastructure,48,0.2596
2021,Alberta,Sewage infrastructure,48,0.2596
2021,Alberta,Communications networks,48,0.172
2021,Alberta,Electric power infrastructure,48,0.1716
2021,Alberta,Oil and gas engineering construction,48,0.1928
2021,Alberta,Other engineering construction,48,0.2596
2021,Alberta,Other machinery and equipment,48,0.1766
2021,Alberta,Transportation machinery and equipment,48,0.3093
2021,British Columbia,Total assets,59,0.1763
2021,British Columbia,Commercial buildings,59,0.1512
2021,British Columbia,Institutional buildings,59,0.1526
2021,British Columbia,Marine engineering infrastructure,59,0.1831
2021,British Columbia,Transportation engineering infrastructure,59,0.22
2021,British Columbia,Waterworks infrastructure,59,0.1831
2021,British Columbia,Sewage infrastructure,59,0.183
2021,British Columbia,Communications networks,59,0.1356
2021,British Columbia,Electric power infrastructure,59,0.16
2021,British Columbia,Oil and gas engineering construction,59,0.1783
2021,British Columbia,Other engineering construction,59,0.1817
2021,British Columbia,Other machinery and equipment,59,0.1265
2021,British Columbia,Transportation machinery and equipment,59,0.2566
2021,Yukon,Total assets,60,0.145
2021,Yukon,Commercial buildings,60,0.0894
2021,Yukon,Institutional buildings,60,0.0895
2021,Yukon,Marine engineering infrastructure,60,0.4062
2021,Yukon,Transportation engineering infrastructure,60,0.1153
2021,Yukon,Waterworks infrastructure,60,0.4069
2021,Yukon,Sewage infrastructure,60,0.4068
2021,Yukon,Communications networks,60,0.1152
2021,Yukon,Electric power infrastructure,60,0.0589
2021,Yukon,Oil and gas engineering construction,60,0.0
2021,Yukon,Other engineering construction,60,0.4117
2021,Yukon,Other machinery and equipment,60,0.1281
2021,Yukon,Transportation machinery and equipment,60,0.124
2021,Northwest Territories,Total assets,61,0.2619
2021,Northwest Territories,Commercial buildings,61,0.2031
2021,Northwest Territories,Institutional buildings,61,0.2056
2021,Northwest Territories,Marine engineering infrastructure,61,0.396
2021,Northwest Territories,Transportation engineering infrastructure,61,0.2355
2021,Northwest Territories,Waterworks infrastructure,61,0.3993
2021,Northwest Territories,Sewage infrastructure,61,0.3997
2021,Northwest Territories,Communications networks,61,0.203
2021,Northwest Territories,Electric power infrastructure,61,0.1541
2021,Northwest Territories,Oil and gas engineering construction,61,0.1411
2021,Northwest Territories,Other engineering construction,61,0.4128
2021,Northwest Territories,Other machinery and equipment,61,0.1519
2021,Northwest Territories,Transportation machinery and equipment,61,0.0038
2021,Nunavut,Total assets,62,0.1554
2021,Nunavut,Commercial buildings,62,0.1937
2021,Nunavut,Institutional buildings,62,0.1962
2021,Nunavut,Marine engineering infrastructure,62,0.1758
2021,Nunavut,Transportation engineering infrastructure,62,0.191
2021,Nunavut,Waterworks infrastructure,62,0.191
2021,Nunavut,Sewage infrastructure,62,0.1798
2021,Nunavut,Communications networks,62,0.0293
2021,Nunavut,Electric power infrastructure,62,0.0397
2021,Nunavut,Oil and gas engineering construction,62,
2021,Nunavut,Other engineering construction,62,0.176
2021,Nunavut,Other machinery and equipment,62,0.1168
2021,Nunavut,Transportation machinery and equipment,62,0.2989
2022,Canada,Commercial buildings,,0.1347
2022,Canada,Institutional buildings,,0.1369
2022,Canada,Marine engineering infrastructure,,0.1687
2022,Canada,Transportation engineering infrastructure,,0.217
2022,Canada,Waterworks infrastructure,,0.2062
2022,Canada,Sewage infrastructure,,0.2036
2022,Canada,Communications networks,,0.1413
2022,Canada,Electric power infrastructure,,0.1262
2022,Canada,Oil and gas engineering construction,,0.1796
2022,Canada,Other engineering construction,,0.2061
2022,Canada,Other machinery and equipment,,0.172
2022,Canada,Transportation machinery and equipment,,0.2042
2022,Newfoundland and Labrador,Total assets,10,0.1522
2022,Newfoundland and Labrador,Commercial buildings,10,0.1556
2022,Newfoundland and Labrador,Institutional buildings,10,0.1556
2022,Newfoundland and Labrador,Marine engineering infrastructure,10,0.1437
2022,Newfoundland and Labrador,Transportation engineering infrastructure,10,0.1961
2022,Newfoundland and Labrador,Waterworks infrastructure,10,0.1444
2022,Newfoundland and Labrador,Sewage infrastructure,10,0.1444
2022,Newfoundland and Labrador,Communications networks,10,0.1905
2022,Newfoundland and Labrador,Electric power infrastructure,10,0.0997
2022,Newfoundland and Labrador,Oil and gas engineering construction,10,0.0
2022,Newfoundland and Labrador,Other engineering construction,10,0.1444
2022,Newfoundland and Labrador,Other machinery and equipment,10,0.1293
2022,Newfoundland and Labrador,Transportation machinery and equipment,10,0.0956
2022,Prince Edward Island,Total assets,11,0.1448
2022,Prince Edward Island,Commercial buildings,11,0.1064
2022,Prince Edward Island,Institutional buildings,11,0.11
2022,Prince Edward Island,Marine engineering infrastructure,11,0.1827
2022,Prince Edward Island,Transportation engineering infrastructure,11,0.2399
2022,Prince Edward Island,Waterworks infrastructure,11,0.1827
2022,Prince Edward Island,Sewage infrastructure,11,0.1826
2022,Prince Edward Island,Communications networks,11,0.1334
2022,Prince Edward Island,Electric power infrastructure,11,0.0671
2022,Prince Edward Island,Oil and gas engineering construction,11,0.0
2022,Prince Edward Island,Other engineering construction,11,0.1827
2022,Prince Edward Island,Other machinery and equipment,11,0.1182
2022,Prince Edward Island,Transportation machinery and equipment,11,0.1015
2022,Nova Scotia,Total assets,12,0.119
2022,Nova Scotia,Commercial buildings,12,0.1622
2022,Nova Scotia,Institutional buildings,12,0.1676
2022,Nova Scotia,Marine engineering infrastructure,12,0.0698
2022,Nova Scotia,Transportation engineering infrastructure,12,0.1152
2022,Nova Scotia,Waterworks infrastructure,12,0.0697
2022,Nova Scotia,Sewage infrastructure,12,0.0697
2022,Nova Scotia,Communications networks,12,0.1412
2022,Nova Scotia,Electric power infrastructure,12,0.0885
2022,Nova Scotia,Oil and gas engineering construction,12,0.1583
2022,Nova Scotia,Other engineering construction,12,0.0703
2022,Nova Scotia,Other machinery and equipment,12,0.1101
2022,Nova Scotia,Transportation machinery and equipment,12,0.131
2022,New Brunswick,Total assets,13,0.0974
2022,New Brunswick,Commercial buildings,13,0.1116
2022,New Brunswick,Institutional buildings,13,0.1148
2022,New Brunswick,Marine engineering infrastructure,13,0.1147
2022,New Brunswick,Transportation engineering infrastructure,13,0.1201
2022,New Brunswick,Waterworks infrastructure,13,0.1147
2022,New Brunswick,Sewage infrastructure,13,0.1147
2022,New Brunswick,Communications networks,13,0.0957
2022,New Brunswick,Electric power infrastructure,13,0.0543
2022,New Brunswick,Oil and gas engineering construction,13,0.265
2022,New Brunswick,Other engineering construction,13,0.1148
2022,New Brunswick,Other machinery and equipment,13,0.1095
2022,New Brunswick,Transportation machinery and equipment,13,0.1718
2022,Quebec,Total assets,24,0.1381
2022,Quebec,Commercial buildings,24,0.1277
2022,Quebec,Institutional buildings,24,0.1326
2022,Quebec,Marine engineering infrastructure,24,0.2084
2022,Quebec,Transportation engineering infrastructure,24,0.1661
2022,Quebec,Waterworks infrastructure,24,0.2095
2022,Quebec,Sewage infrastructure,24,0.2096
2022,Quebec,Communications networks,24,0.1049
2022,Quebec,Electric power infrastructure,24,0.0738
2022,Quebec,Oil and gas engineering construction,24,0.1251
2022,Quebec,Other engineering construction,24,0.2095
2022,Quebec,Other machinery and equipment,24,0.095
2022,Quebec,Transportation machinery and equipment,24,0.0947
2022,Ontario,Total assets,35,0.1714
2022,Ontario,Commercial buildings,35,0.0981
2022,Ontario,Institutional buildings,35,0.1012
2022,Ontario,Marine engineering infrastructure,35,0.1992
2022,Ontario,Transportation engineering infrastructure,35,0.2379
2022,Ontario,Waterworks infrastructure,35,0.1992
2022,Ontario,Sewage infrastructure,35,0.1992
2022,Ontario,Communications networks,35,0.1552
2022,Ontario,Electric power infrastructure,35,0.1323
2022,Ontario,Oil and gas engineering construction,35,0.1956
2022,Ontario,Other engineering construction,35,0.1991
2022,Ontario,Other machinery and equipment,35,0.1852
2022,Ontario,Transportation machinery and equipment,35,0.2478
2022,Manitoba,Total assets,46,0.2021
2022,Manitoba,Commercial buildings,46,0.1642
2022,Manitoba,Institutional buildings,46,0.1664
2022,Manitoba,Marine engineering infrastructure,46,0.2144
2022,Manitoba,Transportation engineering infrastructure,46,0.2437
2022,Manitoba,Waterworks infrastructure,46,0.2144
2022,Manitoba,Sewage infrastructure,46,0.2143
2022,Manitoba,Communications networks,46,0.1625
2022,Manitoba,Electric power infrastructure,46,0.1725
2022,Manitoba,Oil and gas engineering construction,46,0.4543
2022,Manitoba,Other engineering construction,46,0.2135
2022,Manitoba,Other machinery and equipment,46,0.1444
2022,Manitoba,Transportation machinery and equipment,46,0.232
2022,Saskatchewan,Total assets,47,0.2864
2022,Saskatchewan,Commercial buildings,47,0.19
2022,Saskatchewan,Institutional buildings,47,0.1917
2022,Saskatchewan,Marine engineering infrastructure,47,0.3
2022,Saskatchewan,Transportation engineering infrastructure,47,0.3821
2022,Saskatchewan,Waterworks infrastructure,47,0.3004
2022,Saskatchewan,Sewage infrastructure,47,0.3011
2022,Saskatchewan,Communications networks,47,0.3106
2022,Saskatchewan,Electric power infrastructure,47,0.2172
2022,Saskatchewan,Oil and gas engineering construction,47,0.4226
2022,Saskatchewan,Other engineering construction,47,0.3018
2022,Saskatchewan,Other machinery and equipment,47,0.1611
2022,Saskatchewan,Transportation machinery and equipment,47,0.2648
2022,Alberta,Total assets,48,0.2154
2022,Alberta,Commercial buildings,48,0.2175
2022,Alberta,Institutional buildings,48,0.2246
2022,Alberta,Marine engineering infrastructure,48,0.2378
2022,Alberta,Transportation engineering infrastructure,48,0.2855
2022,Alberta,Waterworks infrastructure,48,0.2378
2022,Alberta,Sewage infrastructure,48,0.2378
2022,Alberta,Communications networks,48,0.1502
2022,Alberta,Electric power infrastructure,48,0.1547
2022,Alberta,Oil and gas engineering construction,48,0.1796
2022,Alberta,Other engineering construction,48,0.2377
2022,Alberta,Other machinery and equipment,48,0.1524
2022,Alberta,Transportation machinery and equipment,48,0.2978
2022,British Columbia,Total assets,59,0.1604
2022,British Columbia,Commercial buildings,59,0.138
2022,British Columbia,Institutional buildings,59,0.1415
2022,British Columbia,Marine engineering infrastructure,59,0.1677
2022,British Columbia,Transportation engineering infrastructure,59,0.1942
2022,British Columbia,Waterworks infrastructure,59,0.1676
2022,British Columbia,Sewage infrastructure,59,0.1677
2022,British Columbia,Communications networks,59,0.1184
2022,British Columbia,Electric power infrastructure,59,0.1443
2022,British Columbia,Oil and gas engineering construction,59,0.1661
2022,British Columbia,Other engineering construction,59,0.1663
2022,British Columbia,Other machinery and equipment,59,0.1034
2022,British Columbia,Transportation machinery and equipment,59,0.2475
2022,Yukon,Total assets,60,0.1255
2022,Yukon,Commercial buildings,60,0.079
2022,Yukon,Institutional buildings,60,0.0812
2022,Yukon,Marine engineering infrastructure,60,0.3721
2022,Yukon,Transportation engineering infrastructure,60,0.1017
2022,Yukon,Waterworks infrastructure,60,0.3725
2022,Yukon,Sewage infrastructure,60,0.3725
2022,Yukon,Communications networks,60,0.1006
2022,Yukon,Electric power infrastructure,60,0.0531
2022,Yukon,Oil and gas engineering construction,60,0.0
2022,Yukon,Other engineering construction,60,0.3707
2022,Yukon,Other machinery and equipment,60,0.1224
2022,Yukon,Transportation machinery and equipment,60,0.1125
2022,Northwest Territories,Total assets,61,0.2507
2022,Northwest Territories,Commercial buildings,61,0.1804
2022,Northwest Territories,Institutional buildings,61,0.1868
2022,Northwest Territories,Marine engineering infrastructure,61,0.368
2022,Northwest Territories,Transportation engineering infrastructure,61,0.2078
2022,Northwest Territories,Waterworks infrastructure,61,0.366
2022,Northwest Territories,Sewage infrastructure,61,0.3659
2022,Northwest Territories,Communications networks,61,0.1773
2022,Northwest Territories,Electric power infrastructure,61,0.139
2022,Northwest Territories,Oil and gas engineering construction,61,0.1296
2022,Northwest Territories,Other engineering construction,61,0.3785
2022,Northwest Territories,Other machinery and equipment,61,0.125
2022,Northwest Territories,Transportation machinery and equipment,61,0.0007
2022,Nunavut,Total assets,62,0.1471
2022,Nunavut,Commercial buildings,62,0.1721
2022,Nunavut,Institutional buildings,62,0.1782
2022,Nunavut,Marine engineering infrastructure,62,0.1606
2022,Nunavut,Transportation engineering infrastructure,62,0.1685
2022,Nunavut,Waterworks infrastructure,62,0.1727
2022,Nunavut,Sewage infrastructure,62,0.1647
2022,Nunavut,Communications networks,62,0.0256
2022,Nunavut,Electric power infrastructure,62,0.0359
2022,Nunavut,Oil and gas engineering construction,62,
2022,Nunavut,Other engineering construction,62,0.1613
2022,Nunavut,Other machinery and equipment,62,0.1067
2022,Nunavut,Transportation machinery and equipment,62,0.27
2023,Canada,Commercial buildings,,0.1266
2023,Canada,Institutional buildings,,0.1308
2023,Canada,Marine engineering infrastructure,,0.1661
2023,Canada,Transportation engineering infrastructure,,0.2164
2023,Canada,Waterworks infrastructure,,0.2037
2023,Canada,Sewage infrastructure,,0.2004
2023,Canada,Communications networks,,0.1487
2023,Canada,Electric power infrastructure,,0.1248
2023,Canada,Oil and gas engineering construction,,0.1753
2023,Canada,Other engineering construction,,0.2027
2023,Canada,Other machinery and equipment,,0.1545
2023,Canada,Transportation machinery and equipment,,0.1973
2023,Newfoundland and Labrador,Total assets,10,0.1482
2023,Newfoundland and Labrador,Commercial buildings,10,0.1498
2023,Newfoundland and Labrador,Institutional buildings,10,0.1501
2023,Newfoundland and Labrador,Marine engineering infrastructure,10,0.1404
2023,Newfoundland and Labrador,Transportation engineering infrastructure,10,0.1968
2023,Newfoundland and Labrador,Waterworks infrastructure,10,0.1422
2023,Newfoundland and Labrador,Sewage infrastructure,10,0.1422
2023,Newfoundland and Labrador,Communications networks,10,0.1986
2023,Newfoundland and Labrador,Electric power infrastructure,10,0.0994
2023,Newfoundland and Labrador,Oil and gas engineering construction,10,0.0
2023,Newfoundland and Labrador,Other engineering construction,10,0.1422
2023,Newfoundland and Labrador,Other machinery and equipment,10,0.1157
2023,Newfoundland and Labrador,Transportation machinery and equipment,10,0.0845
2023,Prince Edward Island,Total assets,11,0.1503
2023,Prince Edward Island,Commercial buildings,11,0.1008
2023,Prince Edward Island,Institutional buildings,11,0.1053
2023,Prince Edward Island,Marine engineering infrastructure,11,0.18
2023,Prince Edward Island,Transportation engineering infrastructure,11,0.2407
2023,Prince Edward Island,Waterworks infrastructure,11,0.1799
2023,Prince Edward Island,Sewage infrastructure,11,0.1788
2023,Prince Edward Island,Communications networks,11,0.139
2023,Prince Edward Island,Electric power infrastructure,11,0.0669
2023,Prince Edward Island,Oil and gas engineering construction,11,0.0
2023,Prince Edward Island,Other engineering construction,11,0.1799
2023,Prince Edward Island,Other machinery and equipment,11,0.1172
2023,Prince Edward Island,Transportation machinery and equipment,11,0.0915
2023,Nova Scotia,Total assets,12,0.1183
2023,Nova Scotia,Commercial buildings,12,0.1535
2023,Nova Scotia,Institutional buildings,12,0.16
2023,Nova Scotia,Marine engineering infrastructure,12,0.0687
2023,Nova Scotia,Transportation engineering infrastructure,12,0.1156
2023,Nova Scotia,Waterworks infrastructure,12,0.0687
2023,Nova Scotia,Sewage infrastructure,12,0.0687
2023,Nova Scotia,Communications networks,12,0.1472
2023,Nova Scotia,Electric power infrastructure,12,0.0883
2023,Nova Scotia,Oil and gas engineering construction,12,0.1539
2023,Nova Scotia,Other engineering construction,12,0.0692
2023,Nova Scotia,Other machinery and equipment,12,0.1003
2023,Nova Scotia,Transportation machinery and equipment,12,0.1151
2023,New Brunswick,Total assets,13,0.0994
2023,New Brunswick,Commercial buildings,13,0.0996
2023,New Brunswick,Institutional buildings,13,0.1032
2023,New Brunswick,Marine engineering infrastructure,13,0.113
2023,New Brunswick,Transportation engineering infrastructure,13,0.1205
2023,New Brunswick,Waterworks infrastructure,13,0.113
2023,New Brunswick,Sewage infrastructure,13,0.1129
2023,New Brunswick,Communications networks,13,0.0997
2023,New Brunswick,Electric power infrastructure,13,0.0541
2023,New Brunswick,Oil and gas engineering construction,13,0.2575
2023,New Brunswick,Other engineering construction,13,0.1131
2023,New Brunswick,Other machinery and equipment,13,0.0987
2023,New Brunswick,Transportation machinery and equipment,13,0.1616
2023,Quebec,Total assets,24,0.1353
2023,Quebec,Commercial buildings,24,0.1207
2023,Quebec,Institutional buildings,24,0.1269
2023,Quebec,Marine engineering infrastructure,24,0.2056
2023,Quebec,Transportation engineering infrastructure,24,0.1667
2023,Quebec,Waterworks infrastructure,24,0.2064
2023,Quebec,Sewage infrastructure,24,0.2065
2023,Quebec,Communications networks,24,0.1094
2023,Quebec,Electric power infrastructure,24,0.0736
2023,Quebec,Oil and gas engineering construction,24,0.1216
2023,Quebec,Other engineering construction,24,0.2064
2023,Quebec,Other machinery and equipment,24,0.0862
2023,Quebec,Transportation machinery and equipment,24,0.0929
2023,Ontario,Total assets,35,0.1689
2023,Ontario,Commercial buildings,35,0.0906
2023,Ontario,Institutional buildings,35,0.0941
2023,Ontario,Marine engineering infrastructure,35,0.1962
2023,Ontario,Transportation engineering infrastructure,35,0.2387
2023,Ontario,Waterworks infrastructure,35,0.1962
2023,Ontario,Sewage infrastructure,35,0.1962
2023,Ontario,Communications networks,35,0.1618
2023,Ontario,Electric power infrastructure,35,0.132
2023,Ontario,Oil and gas engineering construction,35,0.1901
2023,Ontario,Other engineering construction,35,0.1961
2023,Ontario,Other machinery and equipment,35,0.1642
2023,Ontario,Transportation machinery and equipment,35,0.2433
2023,Manitoba,Total assets,46,0.2032
2023,Manitoba,Commercial buildings,46,0.1572
2023,Manitoba,Institutional buildings,46,0.1607
2023,Manitoba,Marine engineering infrastructure,46,0.2112
2023,Manitoba,Transportation engineering infrastructure,46,0.2446
2023,Manitoba,Waterworks infrastructure,46,0.2112
2023,Manitoba,Sewage infrastructure,46,0.2112
2023,Manitoba,Communications networks,46,0.1695
2023,Manitoba,Electric power infrastructure,46,0.1721
2023,Manitoba,Oil and gas engineering construction,46,0.4416
2023,Manitoba,Other engineering construction,46,0.2088
2023,Manitoba,Other machinery and equipment,46,0.1293
2023,Manitoba,Transportation machinery and equipment,46,0.2243
2023,Saskatchewan,Total assets,47,0.2866
2023,Saskatchewan,Commercial buildings,47,0.1813
2023,Saskatchewan,Institutional buildings,47,0.1842
2023,Saskatchewan,Marine engineering infrastructure,47,0.2955
2023,Saskatchewan,Transportation engineering infrastructure,47,0.3834
2023,Saskatchewan,Waterworks infrastructure,47,0.2959
2023,Saskatchewan,Sewage infrastructure,47,0.2966
2023,Saskatchewan,Communications networks,47,0.3238
2023,Saskatchewan,Electric power infrastructure,47,0.2166
2023,Saskatchewan,Oil and gas engineering construction,47,0.4107
2023,Saskatchewan,Other engineering construction,47,0.2973
2023,Saskatchewan,Other machinery and equipment,47,0.1444
2023,Saskatchewan,Transportation machinery and equipment,47,0.2592
2023,Alberta,Total assets,48,0.2159
2023,Alberta,Commercial buildings,48,0.207
2023,Alberta,Institutional buildings,48,0.2161
2023,Alberta,Marine engineering infrastructure,48,0.2343
2023,Alberta,Transportation engineering infrastructure,48,0.2865
2023,Alberta,Waterworks infrastructure,48,0.2342
2023,Alberta,Sewage infrastructure,48,0.2342
2023,Alberta,Communications networks,48,0.1566
2023,Alberta,Electric power infrastructure,48,0.1543
2023,Alberta,Oil and gas engineering construction,48,0.1745
2023,Alberta,Other engineering construction,48,0.2342
2023,Alberta,Other machinery and equipment,48,0.1398
2023,Alberta,Transportation machinery and equipment,48,0.2801
2023,British Columbia,Total assets,59,0.1596
2023,British Columbia,Commercial buildings,59,0.1267
2023,British Columbia,Institutional buildings,59,0.1317
2023,British Columbia,Marine engineering infrastructure,59,0.1652
2023,British Columbia,Transportation engineering infrastructure,59,0.1949
2023,British Columbia,Waterworks infrastructure,59,0.1651
2023,British Columbia,Sewage infrastructure,59,0.1652
2023,British Columbia,Communications networks,59,0.1234
2023,British Columbia,Electric power infrastructure,59,0.1439
2023,British Columbia,Oil and gas engineering construction,59,0.1614
2023,British Columbia,Other engineering construction,59,0.1633
2023,British Columbia,Other machinery and equipment,59,0.0937
2023,British Columbia,Transportation machinery and equipment,59,0.2426
2023,Yukon,Total assets,60,0.1271
2023,Yukon,Commercial buildings,60,0.0737
2023,Yukon,Institutional buildings,60,0.0768
2023,Yukon,Marine engineering infrastructure,60,0.3665
2023,Yukon,Transportation engineering infrastructure,60,0.1021
2023,Yukon,Waterworks infrastructure,60,0.3669
2023,Yukon,Sewage infrastructure,60,0.3669
2023,Yukon,Communications networks,60,0.1049
2023,Yukon,Electric power infrastructure,60,0.0529
2023,Yukon,Oil and gas engineering construction,60,0.0
2023,Yukon,Other engineering construction,60,0.3679
2023,Yukon,Other machinery and equipment,60,0.1089
2023,Yukon,Transportation machinery and equipment,60,0.1014
2023,Northwest Territories,Total assets,61,0.2452
2023,Northwest Territories,Commercial buildings,61,0.1681
2023,Northwest Territories,Institutional buildings,61,0.1764
2023,Northwest Territories,Marine engineering infrastructure,61,0.3574
2023,Northwest Territories,Transportation engineering infrastructure,61,0.2085
2023,Northwest Territories,Waterworks infrastructure,61,0.3605
2023,Northwest Territories,Sewage infrastructure,61,0.3604
2023,Northwest Territories,Communications networks,61,0.1848
2023,Northwest Territories,Electric power infrastructure,61,0.1386
2023,Northwest Territories,Oil and gas engineering construction,61,0.1243
2023,Northwest Territories,Other engineering construction,61,0.3727
2023,Northwest Territories,Other machinery and equipment,61,0.1118
2023,Northwest Territories,Transportation machinery and equipment,61,0.0018
2023,Nunavut,Total assets,62,0.1456
2023,Nunavut,Commercial buildings,62,0.1603
2023,Nunavut,Institutional buildings,62,0.1684
2023,Nunavut,Marine engineering infrastructure,62,0.1587
2023,Nunavut,Transportation engineering infrastructure,62,0.1691
2023,Nunavut,Waterworks infrastructure,62,0.1686
2023,Nunavut,Sewage infrastructure,62,0.1622
2023,Nunavut,Communications networks,62,0.0267
2023,Nunavut,Electric power infrastructure,62,0.0357
2023,Nunavut,Oil and gas engineering construction,62,
2023,Nunavut,Other engineering construction,62,0.1588
2023,Nunavut,Other machinery and equipment,62,0.0976
2023,Nunavut,Transportation machinery and equipment,62,0.2598
