Year,Geography,data.Asset,Value
2015,,,0.3891
2016,,,0.3873
2017,,,0.3875
2018,,,0.386
2019,,,0.387
2020,,,0.3862
2015,Canada,data.Commercial buildings,0.3846
2016,Canada,data.Commercial buildings,0.3828
2017,Canada,data.Commercial buildings,0.3799
2018,Canada,data.Commercial buildings,0.3805
2019,Canada,data.Commercial buildings,0.3813
2020,Canada,data.Commercial buildings,0.3803
2015,Canada,data.Institutional buildings,0.3837
2016,Canada,data.Institutional buildings,0.38
2017,Canada,data.Institutional buildings,0.3772
2018,Canada,data.Institutional buildings,0.3772
2019,Canada,data.Institutional buildings,0.3781
2020,Canada,data.Institutional buildings,0.3774
2015,Canada,data.Marine engineering infrastructure,0.39
2016,Canada,data.Marine engineering infrastructure,0.3991
2017,Canada,data.Marine engineering infrastructure,0.4066
2018,Canada,data.Marine engineering infrastructure,0.4081
2019,Canada,data.Marine engineering infrastructure,0.4202
2020,Canada,data.Marine engineering infrastructure,0.4189
2015,Canada,data.Transportation engineering infrastructure,0.3893
2016,Canada,data.Transportation engineering infrastructure,0.3827
2017,Canada,data.Transportation engineering infrastructure,0.3837
2018,Canada,data.Transportation engineering infrastructure,0.3829
2019,Canada,data.Transportation engineering infrastructure,0.3823
2020,Canada,data.Transportation engineering infrastructure,0.3825
2015,Canada,data.Waterworks infrastructure,0.3993
2016,Canada,data.Waterworks infrastructure,0.405
2017,Canada,data.Waterworks infrastructure,0.4053
2018,Canada,data.Waterworks infrastructure,0.4044
2019,Canada,data.Waterworks infrastructure,0.4035
2020,Canada,data.Waterworks infrastructure,0.4036
2015,Canada,data.Sewage infrastructure,0.4014
2016,Canada,data.Sewage infrastructure,0.4042
2017,Canada,data.Sewage infrastructure,0.4033
2018,Canada,data.Sewage infrastructure,0.4006
2019,Canada,data.Sewage infrastructure,0.4011
2020,Canada,data.Sewage infrastructure,0.4011
2015,Canada,data.Communications networks,0.3805
2016,Canada,data.Communications networks,0.3742
2017,Canada,data.Communications networks,0.3762
2018,Canada,data.Communications networks,0.376
2019,Canada,data.Communications networks,0.3761
2020,Canada,data.Communications networks,0.3761
2015,Canada,data.Electric power infrastructure,0.3589
2016,Canada,data.Electric power infrastructure,0.3584
2017,Canada,data.Electric power infrastructure,0.3578
2018,Canada,data.Electric power infrastructure,0.3587
2019,Canada,data.Electric power infrastructure,0.3582
2020,Canada,data.Electric power infrastructure,0.3582
2015,Canada,data.Oil and gas engineering construction,0.409
2016,Canada,data.Oil and gas engineering construction,0.4076
2017,Canada,data.Oil and gas engineering construction,0.415
2018,Canada,data.Oil and gas engineering construction,0.431
2019,Canada,data.Oil and gas engineering construction,0.4299
2020,Canada,data.Oil and gas engineering construction,0.4285
2015,Canada,data.Other engineering construction,0.4029
2016,Canada,data.Other engineering construction,0.407
2017,Canada,data.Other engineering construction,0.4051
2018,Canada,data.Other engineering construction,0.4082
2019,Canada,data.Other engineering construction,0.4157
2020,Canada,data.Other engineering construction,0.4184
2015,Canada,data.Other machinery and equipment,0.6918
2016,Canada,data.Other machinery and equipment,0.6678
2017,Canada,data.Other machinery and equipment,0.6704
2018,Canada,data.Other machinery and equipment,0.6721
2019,Canada,data.Other machinery and equipment,0.6725
2020,Canada,data.Other machinery and equipment,0.6726
2015,Canada,data.Transportation machinery and equipment,0.6827
2016,Canada,data.Transportation machinery and equipment,0.6532
2017,Canada,data.Transportation machinery and equipment,0.6492
2018,Canada,data.Transportation machinery and equipment,0.6482
2019,Canada,data.Transportation machinery and equipment,0.6487
2020,Canada,data.Transportation machinery and equipment,0.6488
2015,Newfoundland and Labrador,data.Total assets,0.3589
2016,Newfoundland and Labrador,data.Total assets,0.3617
2017,Newfoundland and Labrador,data.Total assets,0.3626
2018,Newfoundland and Labrador,data.Total assets,0.3713
2019,Newfoundland and Labrador,data.Total assets,0.3716
2020,Newfoundland and Labrador,data.Total assets,0.3724
2015,Newfoundland and Labrador,data.Commercial buildings,0.4111
2016,Newfoundland and Labrador,data.Commercial buildings,0.4071
2017,Newfoundland and Labrador,data.Commercial buildings,0.4007
2018,Newfoundland and Labrador,data.Commercial buildings,0.4007
2019,Newfoundland and Labrador,data.Commercial buildings,0.4007
2020,Newfoundland and Labrador,data.Commercial buildings,0.4007
2015,Newfoundland and Labrador,data.Institutional buildings,0.4111
2016,Newfoundland and Labrador,data.Institutional buildings,0.4071
2017,Newfoundland and Labrador,data.Institutional buildings,0.4007
2018,Newfoundland and Labrador,data.Institutional buildings,0.4007
2019,Newfoundland and Labrador,data.Institutional buildings,0.4007
2020,Newfoundland and Labrador,data.Institutional buildings,0.4007
2015,Newfoundland and Labrador,data.Marine engineering infrastructure,0.4102
2016,Newfoundland and Labrador,data.Marine engineering infrastructure,0.402
2017,Newfoundland and Labrador,data.Marine engineering infrastructure,0.3986
2018,Newfoundland and Labrador,data.Marine engineering infrastructure,0.3986
2019,Newfoundland and Labrador,data.Marine engineering infrastructure,0.3986
2020,Newfoundland and Labrador,data.Marine engineering infrastructure,0.3986
2015,Newfoundland and Labrador,data.Transportation engineering infrastructure,0.3593
2016,Newfoundland and Labrador,data.Transportation engineering infrastructure,0.3561
2017,Newfoundland and Labrador,data.Transportation engineering infrastructure,0.3609
2018,Newfoundland and Labrador,data.Transportation engineering infrastructure,0.361
2019,Newfoundland and Labrador,data.Transportation engineering infrastructure,0.361
2020,Newfoundland and Labrador,data.Transportation engineering infrastructure,0.361
2015,Newfoundland and Labrador,data.Waterworks infrastructure,0.4102
2016,Newfoundland and Labrador,data.Waterworks infrastructure,0.402
2017,Newfoundland and Labrador,data.Waterworks infrastructure,0.3986
2018,Newfoundland and Labrador,data.Waterworks infrastructure,0.3986
2019,Newfoundland and Labrador,data.Waterworks infrastructure,0.3986
2020,Newfoundland and Labrador,data.Waterworks infrastructure,0.3986
2015,Newfoundland and Labrador,data.Sewage infrastructure,0.4102
2016,Newfoundland and Labrador,data.Sewage infrastructure,0.402
2017,Newfoundland and Labrador,data.Sewage infrastructure,0.3986
2018,Newfoundland and Labrador,data.Sewage infrastructure,0.3986
2019,Newfoundland and Labrador,data.Sewage infrastructure,0.3986
2020,Newfoundland and Labrador,data.Sewage infrastructure,0.3986
2015,Newfoundland and Labrador,data.Communications networks,0.3754
2016,Newfoundland and Labrador,data.Communications networks,0.3664
2017,Newfoundland and Labrador,data.Communications networks,0.3685
2018,Newfoundland and Labrador,data.Communications networks,0.3685
2019,Newfoundland and Labrador,data.Communications networks,0.3685
2020,Newfoundland and Labrador,data.Communications networks,0.3685
2015,Newfoundland and Labrador,data.Electric power infrastructure,0.3498
2016,Newfoundland and Labrador,data.Electric power infrastructure,0.3521
2017,Newfoundland and Labrador,data.Electric power infrastructure,0.3521
2018,Newfoundland and Labrador,data.Electric power infrastructure,0.3521
2019,Newfoundland and Labrador,data.Electric power infrastructure,0.3521
2020,Newfoundland and Labrador,data.Electric power infrastructure,0.3521
2015,Newfoundland and Labrador,data.Oil and gas engineering construction,0.409
2016,Newfoundland and Labrador,data.Oil and gas engineering construction,0.4076
2017,Newfoundland and Labrador,data.Oil and gas engineering construction,0.415
2018,Newfoundland and Labrador,data.Oil and gas engineering construction,0.431
2019,Newfoundland and Labrador,data.Oil and gas engineering construction,0.4299
2020,Newfoundland and Labrador,data.Oil and gas engineering construction,0.3639
2015,Newfoundland and Labrador,data.Other engineering construction,0.4097
2016,Newfoundland and Labrador,data.Other engineering construction,0.4017
2017,Newfoundland and Labrador,data.Other engineering construction,0.3983
2018,Newfoundland and Labrador,data.Other engineering construction,0.3984
2019,Newfoundland and Labrador,data.Other engineering construction,0.3984
2020,Newfoundland and Labrador,data.Other engineering construction,0.3984
2015,Newfoundland and Labrador,data.Other machinery and equipment,0.7003
2016,Newfoundland and Labrador,data.Other machinery and equipment,0.669
2017,Newfoundland and Labrador,data.Other machinery and equipment,0.6697
2018,Newfoundland and Labrador,data.Other machinery and equipment,0.6685
2019,Newfoundland and Labrador,data.Other machinery and equipment,0.6687
2020,Newfoundland and Labrador,data.Other machinery and equipment,0.6686
2015,Newfoundland and Labrador,data.Transportation machinery and equipment,0.6773
2016,Newfoundland and Labrador,data.Transportation machinery and equipment,0.6508
2017,Newfoundland and Labrador,data.Transportation machinery and equipment,0.6515
2018,Newfoundland and Labrador,data.Transportation machinery and equipment,0.6507
2019,Newfoundland and Labrador,data.Transportation machinery and equipment,0.6502
2020,Newfoundland and Labrador,data.Transportation machinery and equipment,0.6503
2015,Prince Edward Island,data.Total assets,0.4084
2016,Prince Edward Island,data.Total assets,0.3986
2017,Prince Edward Island,data.Total assets,0.4018
2018,Prince Edward Island,data.Total assets,0.4025
2019,Prince Edward Island,data.Total assets,0.4076
2020,Prince Edward Island,data.Total assets,0.4083
2015,Prince Edward Island,data.Commercial buildings,0.3752
2016,Prince Edward Island,data.Commercial buildings,0.3731
2017,Prince Edward Island,data.Commercial buildings,0.3781
2018,Prince Edward Island,data.Commercial buildings,0.3787
2019,Prince Edward Island,data.Commercial buildings,0.378
2020,Prince Edward Island,data.Commercial buildings,0.3779
2015,Prince Edward Island,data.Institutional buildings,0.3757
2016,Prince Edward Island,data.Institutional buildings,0.3737
2017,Prince Edward Island,data.Institutional buildings,0.3792
2018,Prince Edward Island,data.Institutional buildings,0.3791
2019,Prince Edward Island,data.Institutional buildings,0.379
2020,Prince Edward Island,data.Institutional buildings,0.379
2015,Prince Edward Island,data.Marine engineering infrastructure,0.368
2016,Prince Edward Island,data.Marine engineering infrastructure,0.3649
2017,Prince Edward Island,data.Marine engineering infrastructure,0.3625
2018,Prince Edward Island,data.Marine engineering infrastructure,0.3627
2019,Prince Edward Island,data.Marine engineering infrastructure,0.3627
2020,Prince Edward Island,data.Marine engineering infrastructure,0.3626
2015,Prince Edward Island,data.Transportation engineering infrastructure,0.4347
2016,Prince Edward Island,data.Transportation engineering infrastructure,0.4372
2017,Prince Edward Island,data.Transportation engineering infrastructure,0.4349
2018,Prince Edward Island,data.Transportation engineering infrastructure,0.4349
2019,Prince Edward Island,data.Transportation engineering infrastructure,0.435
2020,Prince Edward Island,data.Transportation engineering infrastructure,0.435
2015,Prince Edward Island,data.Waterworks infrastructure,0.3677
2016,Prince Edward Island,data.Waterworks infrastructure,0.3649
2017,Prince Edward Island,data.Waterworks infrastructure,0.3626
2018,Prince Edward Island,data.Waterworks infrastructure,0.3613
2019,Prince Edward Island,data.Waterworks infrastructure,0.3582
2020,Prince Edward Island,data.Waterworks infrastructure,0.3583
2015,Prince Edward Island,data.Sewage infrastructure,0.3684
2016,Prince Edward Island,data.Sewage infrastructure,0.3649
2017,Prince Edward Island,data.Sewage infrastructure,0.3626
2018,Prince Edward Island,data.Sewage infrastructure,0.3623
2019,Prince Edward Island,data.Sewage infrastructure,0.3617
2020,Prince Edward Island,data.Sewage infrastructure,0.3615
2015,Prince Edward Island,data.Communications networks,0.4005
2016,Prince Edward Island,data.Communications networks,0.3711
2017,Prince Edward Island,data.Communications networks,0.3707
2018,Prince Edward Island,data.Communications networks,0.3707
2019,Prince Edward Island,data.Communications networks,0.3708
2020,Prince Edward Island,data.Communications networks,0.3708
2015,Prince Edward Island,data.Electric power infrastructure,0.351
2016,Prince Edward Island,data.Electric power infrastructure,0.3732
2017,Prince Edward Island,data.Electric power infrastructure,0.3724
2018,Prince Edward Island,data.Electric power infrastructure,0.3723
2019,Prince Edward Island,data.Electric power infrastructure,0.3724
2020,Prince Edward Island,data.Electric power infrastructure,0.3724
2015,Prince Edward Island,data.Oil and gas engineering construction,0.409
2016,Prince Edward Island,data.Oil and gas engineering construction,0.4076
2017,Prince Edward Island,data.Oil and gas engineering construction,0.415
2018,Prince Edward Island,data.Oil and gas engineering construction,0.431
2019,Prince Edward Island,data.Oil and gas engineering construction,0.4299
2020,Prince Edward Island,data.Oil and gas engineering construction,0.2285
2015,Prince Edward Island,data.Other engineering construction,0.3676
2016,Prince Edward Island,data.Other engineering construction,0.3501
2017,Prince Edward Island,data.Other engineering construction,0.3622
2018,Prince Edward Island,data.Other engineering construction,0.3623
2019,Prince Edward Island,data.Other engineering construction,0.3626
2020,Prince Edward Island,data.Other engineering construction,0.3625
2015,Prince Edward Island,data.Other machinery and equipment,0.6893
2016,Prince Edward Island,data.Other machinery and equipment,0.6697
2017,Prince Edward Island,data.Other machinery and equipment,0.671
2018,Prince Edward Island,data.Other machinery and equipment,0.6709
2019,Prince Edward Island,data.Other machinery and equipment,0.6701
2020,Prince Edward Island,data.Other machinery and equipment,0.6714
2015,Prince Edward Island,data.Transportation machinery and equipment,0.6955
2016,Prince Edward Island,data.Transportation machinery and equipment,0.6587
2017,Prince Edward Island,data.Transportation machinery and equipment,0.6514
2018,Prince Edward Island,data.Transportation machinery and equipment,0.6513
2019,Prince Edward Island,data.Transportation machinery and equipment,0.6511
2020,Prince Edward Island,data.Transportation machinery and equipment,0.6514
2015,Nova Scotia,data.Total assets,0.3681
2016,Nova Scotia,data.Total assets,0.3701
2017,Nova Scotia,data.Total assets,0.3669
2018,Nova Scotia,data.Total assets,0.3683
2019,Nova Scotia,data.Total assets,0.3696
2020,Nova Scotia,data.Total assets,0.37
2015,Nova Scotia,data.Commercial buildings,0.3956
2016,Nova Scotia,data.Commercial buildings,0.3954
2017,Nova Scotia,data.Commercial buildings,0.3951
2018,Nova Scotia,data.Commercial buildings,0.3951
2019,Nova Scotia,data.Commercial buildings,0.3951
2020,Nova Scotia,data.Commercial buildings,0.3951
2015,Nova Scotia,data.Institutional buildings,0.3956
2016,Nova Scotia,data.Institutional buildings,0.3954
2017,Nova Scotia,data.Institutional buildings,0.3951
2018,Nova Scotia,data.Institutional buildings,0.3951
2019,Nova Scotia,data.Institutional buildings,0.3951
2020,Nova Scotia,data.Institutional buildings,0.3951
2015,Nova Scotia,data.Marine engineering infrastructure,0.3203
2016,Nova Scotia,data.Marine engineering infrastructure,0.3279
2017,Nova Scotia,data.Marine engineering infrastructure,0.3267
2018,Nova Scotia,data.Marine engineering infrastructure,0.3267
2019,Nova Scotia,data.Marine engineering infrastructure,0.3267
2020,Nova Scotia,data.Marine engineering infrastructure,0.3267
2015,Nova Scotia,data.Transportation engineering infrastructure,0.3641
2016,Nova Scotia,data.Transportation engineering infrastructure,0.3686
2017,Nova Scotia,data.Transportation engineering infrastructure,0.3666
2018,Nova Scotia,data.Transportation engineering infrastructure,0.3666
2019,Nova Scotia,data.Transportation engineering infrastructure,0.3666
2020,Nova Scotia,data.Transportation engineering infrastructure,0.3666
2015,Nova Scotia,data.Waterworks infrastructure,0.3203
2016,Nova Scotia,data.Waterworks infrastructure,0.3279
2017,Nova Scotia,data.Waterworks infrastructure,0.3267
2018,Nova Scotia,data.Waterworks infrastructure,0.3267
2019,Nova Scotia,data.Waterworks infrastructure,0.3267
2020,Nova Scotia,data.Waterworks infrastructure,0.3267
2015,Nova Scotia,data.Sewage infrastructure,0.3203
2016,Nova Scotia,data.Sewage infrastructure,0.3279
2017,Nova Scotia,data.Sewage infrastructure,0.3268
2018,Nova Scotia,data.Sewage infrastructure,0.3267
2019,Nova Scotia,data.Sewage infrastructure,0.3267
2020,Nova Scotia,data.Sewage infrastructure,0.3267
2015,Nova Scotia,data.Communications networks,0.353
2016,Nova Scotia,data.Communications networks,0.3548
2017,Nova Scotia,data.Communications networks,0.3511
2018,Nova Scotia,data.Communications networks,0.3511
2019,Nova Scotia,data.Communications networks,0.3511
2020,Nova Scotia,data.Communications networks,0.3511
2015,Nova Scotia,data.Electric power infrastructure,0.365
2016,Nova Scotia,data.Electric power infrastructure,0.3684
2017,Nova Scotia,data.Electric power infrastructure,0.3656
2018,Nova Scotia,data.Electric power infrastructure,0.3656
2019,Nova Scotia,data.Electric power infrastructure,0.3656
2020,Nova Scotia,data.Electric power infrastructure,0.3656
2015,Nova Scotia,data.Oil and gas engineering construction,0.3254
2016,Nova Scotia,data.Oil and gas engineering construction,0.326
2017,Nova Scotia,data.Oil and gas engineering construction,0.3221
2018,Nova Scotia,data.Oil and gas engineering construction,0.3216
2019,Nova Scotia,data.Oil and gas engineering construction,0.3211
2020,Nova Scotia,data.Oil and gas engineering construction,0.3208
2015,Nova Scotia,data.Other engineering construction,0.3203
2016,Nova Scotia,data.Other engineering construction,0.3278
2017,Nova Scotia,data.Other engineering construction,0.3266
2018,Nova Scotia,data.Other engineering construction,0.3267
2019,Nova Scotia,data.Other engineering construction,0.3268
2020,Nova Scotia,data.Other engineering construction,0.3266
2015,Nova Scotia,data.Other machinery and equipment,0.6785
2016,Nova Scotia,data.Other machinery and equipment,0.6545
2017,Nova Scotia,data.Other machinery and equipment,0.6578
2018,Nova Scotia,data.Other machinery and equipment,0.6516
2019,Nova Scotia,data.Other machinery and equipment,0.6519
2020,Nova Scotia,data.Other machinery and equipment,0.6516
2015,Nova Scotia,data.Transportation machinery and equipment,0.663
2016,Nova Scotia,data.Transportation machinery and equipment,0.6543
2017,Nova Scotia,data.Transportation machinery and equipment,0.6491
2018,Nova Scotia,data.Transportation machinery and equipment,0.6493
2019,Nova Scotia,data.Transportation machinery and equipment,0.6494
2020,Nova Scotia,data.Transportation machinery and equipment,0.6492
2015,New Brunswick,data.Total assets,0.365
2016,New Brunswick,data.Total assets,0.3607
2017,New Brunswick,data.Total assets,0.3665
2018,New Brunswick,data.Total assets,0.3656
2019,New Brunswick,data.Total assets,0.3657
2020,New Brunswick,data.Total assets,0.3655
2015,New Brunswick,data.Commercial buildings,0.3764
2016,New Brunswick,data.Commercial buildings,0.3745
2017,New Brunswick,data.Commercial buildings,0.3789
2018,New Brunswick,data.Commercial buildings,0.3789
2019,New Brunswick,data.Commercial buildings,0.3789
2020,New Brunswick,data.Commercial buildings,0.3789
2015,New Brunswick,data.Institutional buildings,0.3764
2016,New Brunswick,data.Institutional buildings,0.3746
2017,New Brunswick,data.Institutional buildings,0.3789
2018,New Brunswick,data.Institutional buildings,0.3789
2019,New Brunswick,data.Institutional buildings,0.3789
2020,New Brunswick,data.Institutional buildings,0.3789
2015,New Brunswick,data.Marine engineering infrastructure,0.4017
2016,New Brunswick,data.Marine engineering infrastructure,0.3928
2017,New Brunswick,data.Marine engineering infrastructure,0.3924
2018,New Brunswick,data.Marine engineering infrastructure,0.3925
2019,New Brunswick,data.Marine engineering infrastructure,0.3925
2020,New Brunswick,data.Marine engineering infrastructure,0.3925
2015,New Brunswick,data.Transportation engineering infrastructure,0.3588
2016,New Brunswick,data.Transportation engineering infrastructure,0.3535
2017,New Brunswick,data.Transportation engineering infrastructure,0.3546
2018,New Brunswick,data.Transportation engineering infrastructure,0.3547
2019,New Brunswick,data.Transportation engineering infrastructure,0.3546
2020,New Brunswick,data.Transportation engineering infrastructure,0.3546
2015,New Brunswick,data.Waterworks infrastructure,0.4024
2016,New Brunswick,data.Waterworks infrastructure,0.3929
2017,New Brunswick,data.Waterworks infrastructure,0.3925
2018,New Brunswick,data.Waterworks infrastructure,0.3925
2019,New Brunswick,data.Waterworks infrastructure,0.3925
2020,New Brunswick,data.Waterworks infrastructure,0.3925
2015,New Brunswick,data.Sewage infrastructure,0.4023
2016,New Brunswick,data.Sewage infrastructure,0.3929
2017,New Brunswick,data.Sewage infrastructure,0.3925
2018,New Brunswick,data.Sewage infrastructure,0.3925
2019,New Brunswick,data.Sewage infrastructure,0.3925
2020,New Brunswick,data.Sewage infrastructure,0.3925
2015,New Brunswick,data.Communications networks,0.3657
2016,New Brunswick,data.Communications networks,0.3598
2017,New Brunswick,data.Communications networks,0.3632
2018,New Brunswick,data.Communications networks,0.3632
2019,New Brunswick,data.Communications networks,0.3632
2020,New Brunswick,data.Communications networks,0.3632
2015,New Brunswick,data.Electric power infrastructure,0.3375
2016,New Brunswick,data.Electric power infrastructure,0.3388
2017,New Brunswick,data.Electric power infrastructure,0.3386
2018,New Brunswick,data.Electric power infrastructure,0.3386
2019,New Brunswick,data.Electric power infrastructure,0.3386
2020,New Brunswick,data.Electric power infrastructure,0.3386
2015,New Brunswick,data.Oil and gas engineering construction,0.3286
2016,New Brunswick,data.Oil and gas engineering construction,0.3249
2017,New Brunswick,data.Oil and gas engineering construction,0.3224
2018,New Brunswick,data.Oil and gas engineering construction,0.3227
2019,New Brunswick,data.Oil and gas engineering construction,0.3221
2020,New Brunswick,data.Oil and gas engineering construction,0.322
2015,New Brunswick,data.Other engineering construction,0.4022
2016,New Brunswick,data.Other engineering construction,0.3926
2017,New Brunswick,data.Other engineering construction,0.3924
2018,New Brunswick,data.Other engineering construction,0.3924
2019,New Brunswick,data.Other engineering construction,0.3924
2020,New Brunswick,data.Other engineering construction,0.3922
2015,New Brunswick,data.Other machinery and equipment,0.6981
2016,New Brunswick,data.Other machinery and equipment,0.6739
2017,New Brunswick,data.Other machinery and equipment,0.6705
2018,New Brunswick,data.Other machinery and equipment,0.6717
2019,New Brunswick,data.Other machinery and equipment,0.6721
2020,New Brunswick,data.Other machinery and equipment,0.6712
2015,New Brunswick,data.Transportation machinery and equipment,0.6896
2016,New Brunswick,data.Transportation machinery and equipment,0.6567
2017,New Brunswick,data.Transportation machinery and equipment,0.6611
2018,New Brunswick,data.Transportation machinery and equipment,0.6614
2019,New Brunswick,data.Transportation machinery and equipment,0.6617
2020,New Brunswick,data.Transportation machinery and equipment,0.6611
2015,Quebec,data.Total assets,0.3698
2016,Quebec,data.Total assets,0.3702
2017,Quebec,data.Total assets,0.371
2018,Quebec,data.Total assets,0.3741
2019,Quebec,data.Total assets,0.3729
2020,Quebec,data.Total assets,0.3727
2015,Quebec,data.Commercial buildings,0.3836
2016,Quebec,data.Commercial buildings,0.3786
2017,Quebec,data.Commercial buildings,0.3802
2018,Quebec,data.Commercial buildings,0.3802
2019,Quebec,data.Commercial buildings,0.3802
2020,Quebec,data.Commercial buildings,0.3802
2015,Quebec,data.Institutional buildings,0.3836
2016,Quebec,data.Institutional buildings,0.3786
2017,Quebec,data.Institutional buildings,0.3802
2018,Quebec,data.Institutional buildings,0.3802
2019,Quebec,data.Institutional buildings,0.3802
2020,Quebec,data.Institutional buildings,0.3802
2015,Quebec,data.Marine engineering infrastructure,0.3933
2016,Quebec,data.Marine engineering infrastructure,0.3916
2017,Quebec,data.Marine engineering infrastructure,0.393
2018,Quebec,data.Marine engineering infrastructure,0.393
2019,Quebec,data.Marine engineering infrastructure,0.393
2020,Quebec,data.Marine engineering infrastructure,0.393
2015,Quebec,data.Transportation engineering infrastructure,0.3712
2016,Quebec,data.Transportation engineering infrastructure,0.3663
2017,Quebec,data.Transportation engineering infrastructure,0.3667
2018,Quebec,data.Transportation engineering infrastructure,0.3667
2019,Quebec,data.Transportation engineering infrastructure,0.3667
2020,Quebec,data.Transportation engineering infrastructure,0.3667
2015,Quebec,data.Waterworks infrastructure,0.3933
2016,Quebec,data.Waterworks infrastructure,0.3917
2017,Quebec,data.Waterworks infrastructure,0.393
2018,Quebec,data.Waterworks infrastructure,0.393
2019,Quebec,data.Waterworks infrastructure,0.393
2020,Quebec,data.Waterworks infrastructure,0.393
2015,Quebec,data.Sewage infrastructure,0.3933
2016,Quebec,data.Sewage infrastructure,0.3917
2017,Quebec,data.Sewage infrastructure,0.393
2018,Quebec,data.Sewage infrastructure,0.393
2019,Quebec,data.Sewage infrastructure,0.393
2020,Quebec,data.Sewage infrastructure,0.393
2015,Quebec,data.Communications networks,0.3729
2016,Quebec,data.Communications networks,0.3691
2017,Quebec,data.Communications networks,0.3709
2018,Quebec,data.Communications networks,0.3709
2019,Quebec,data.Communications networks,0.3709
2020,Quebec,data.Communications networks,0.3709
2015,Quebec,data.Electric power infrastructure,0.3348
2016,Quebec,data.Electric power infrastructure,0.3357
2017,Quebec,data.Electric power infrastructure,0.3353
2018,Quebec,data.Electric power infrastructure,0.3353
2019,Quebec,data.Electric power infrastructure,0.3353
2020,Quebec,data.Electric power infrastructure,0.3353
2015,Quebec,data.Oil and gas engineering construction,0.3383
2016,Quebec,data.Oil and gas engineering construction,0.3375
2017,Quebec,data.Oil and gas engineering construction,0.3322
2018,Quebec,data.Oil and gas engineering construction,0.3322
2019,Quebec,data.Oil and gas engineering construction,0.3322
2020,Quebec,data.Oil and gas engineering construction,0.3322
2015,Quebec,data.Other engineering construction,0.3933
2016,Quebec,data.Other engineering construction,0.3916
2017,Quebec,data.Other engineering construction,0.393
2018,Quebec,data.Other engineering construction,0.393
2019,Quebec,data.Other engineering construction,0.393
2020,Quebec,data.Other engineering construction,0.393
2015,Quebec,data.Other machinery and equipment,0.6963
2016,Quebec,data.Other machinery and equipment,0.667
2017,Quebec,data.Other machinery and equipment,0.6665
2018,Quebec,data.Other machinery and equipment,0.6653
2019,Quebec,data.Other machinery and equipment,0.6655
2020,Quebec,data.Other machinery and equipment,0.6662
2015,Quebec,data.Transportation machinery and equipment,0.6788
2016,Quebec,data.Transportation machinery and equipment,0.6418
2017,Quebec,data.Transportation machinery and equipment,0.6385
2018,Quebec,data.Transportation machinery and equipment,0.6385
2019,Quebec,data.Transportation machinery and equipment,0.6385
2020,Quebec,data.Transportation machinery and equipment,0.6385
2015,Ontario,data.Total assets,0.3906
2016,Ontario,data.Total assets,0.3881
2017,Ontario,data.Total assets,0.3879
2018,Ontario,data.Total assets,0.3836
2019,Ontario,data.Total assets,0.3847
2020,Ontario,data.Total assets,0.3842
2015,Ontario,data.Commercial buildings,0.3674
2016,Ontario,data.Commercial buildings,0.3623
2017,Ontario,data.Commercial buildings,0.36
2018,Ontario,data.Commercial buildings,0.36
2019,Ontario,data.Commercial buildings,0.36
2020,Ontario,data.Commercial buildings,0.36
2015,Ontario,data.Institutional buildings,0.3674
2016,Ontario,data.Institutional buildings,0.3623
2017,Ontario,data.Institutional buildings,0.36
2018,Ontario,data.Institutional buildings,0.36
2019,Ontario,data.Institutional buildings,0.36
2020,Ontario,data.Institutional buildings,0.36
2015,Ontario,data.Marine engineering infrastructure,0.4025
2016,Ontario,data.Marine engineering infrastructure,0.3986
2017,Ontario,data.Marine engineering infrastructure,0.3936
2018,Ontario,data.Marine engineering infrastructure,0.3936
2019,Ontario,data.Marine engineering infrastructure,0.3936
2020,Ontario,data.Marine engineering infrastructure,0.3936
2015,Ontario,data.Transportation engineering infrastructure,0.3964
2016,Ontario,data.Transportation engineering infrastructure,0.3911
2017,Ontario,data.Transportation engineering infrastructure,0.3919
2018,Ontario,data.Transportation engineering infrastructure,0.3919
2019,Ontario,data.Transportation engineering infrastructure,0.3919
2020,Ontario,data.Transportation engineering infrastructure,0.3919
2015,Ontario,data.Waterworks infrastructure,0.4026
2016,Ontario,data.Waterworks infrastructure,0.3986
2017,Ontario,data.Waterworks infrastructure,0.3936
2018,Ontario,data.Waterworks infrastructure,0.3936
2019,Ontario,data.Waterworks infrastructure,0.3936
2020,Ontario,data.Waterworks infrastructure,0.3936
2015,Ontario,data.Sewage infrastructure,0.4026
2016,Ontario,data.Sewage infrastructure,0.3986
2017,Ontario,data.Sewage infrastructure,0.3936
2018,Ontario,data.Sewage infrastructure,0.3936
2019,Ontario,data.Sewage infrastructure,0.3936
2020,Ontario,data.Sewage infrastructure,0.3936
2015,Ontario,data.Communications networks,0.3828
2016,Ontario,data.Communications networks,0.3748
2017,Ontario,data.Communications networks,0.3757
2018,Ontario,data.Communications networks,0.3757
2019,Ontario,data.Communications networks,0.3757
2020,Ontario,data.Communications networks,0.3757
2015,Ontario,data.Electric power infrastructure,0.3604
2016,Ontario,data.Electric power infrastructure,0.3577
2017,Ontario,data.Electric power infrastructure,0.3575
2018,Ontario,data.Electric power infrastructure,0.3575
2019,Ontario,data.Electric power infrastructure,0.3575
2020,Ontario,data.Electric power infrastructure,0.3575
2015,Ontario,data.Oil and gas engineering construction,0.3439
2016,Ontario,data.Oil and gas engineering construction,0.3428
2017,Ontario,data.Oil and gas engineering construction,0.3389
2018,Ontario,data.Oil and gas engineering construction,0.3389
2019,Ontario,data.Oil and gas engineering construction,0.3389
2020,Ontario,data.Oil and gas engineering construction,0.3389
2015,Ontario,data.Other engineering construction,0.4026
2016,Ontario,data.Other engineering construction,0.3986
2017,Ontario,data.Other engineering construction,0.3936
2018,Ontario,data.Other engineering construction,0.3936
2019,Ontario,data.Other engineering construction,0.3936
2020,Ontario,data.Other engineering construction,0.3936
2015,Ontario,data.Other machinery and equipment,0.6876
2016,Ontario,data.Other machinery and equipment,0.6647
2017,Ontario,data.Other machinery and equipment,0.6656
2018,Ontario,data.Other machinery and equipment,0.6685
2019,Ontario,data.Other machinery and equipment,0.668
2020,Ontario,data.Other machinery and equipment,0.668
2015,Ontario,data.Transportation machinery and equipment,0.6823
2016,Ontario,data.Transportation machinery and equipment,0.6565
2017,Ontario,data.Transportation machinery and equipment,0.6529
2018,Ontario,data.Transportation machinery and equipment,0.6529
2019,Ontario,data.Transportation machinery and equipment,0.6529
2020,Ontario,data.Transportation machinery and equipment,0.6529
2015,Manitoba,data.Total assets,0.4033
2016,Manitoba,data.Total assets,0.3981
2017,Manitoba,data.Total assets,0.3939
2018,Manitoba,data.Total assets,0.3881
2019,Manitoba,data.Total assets,0.3852
2020,Manitoba,data.Total assets,0.3848
2015,Manitoba,data.Commercial buildings,0.4049
2016,Manitoba,data.Commercial buildings,0.3942
2017,Manitoba,data.Commercial buildings,0.3911
2018,Manitoba,data.Commercial buildings,0.3911
2019,Manitoba,data.Commercial buildings,0.3911
2020,Manitoba,data.Commercial buildings,0.3911
2015,Manitoba,data.Institutional buildings,0.4049
2016,Manitoba,data.Institutional buildings,0.3942
2017,Manitoba,data.Institutional buildings,0.3911
2018,Manitoba,data.Institutional buildings,0.3911
2019,Manitoba,data.Institutional buildings,0.3911
2020,Manitoba,data.Institutional buildings,0.3911
2015,Manitoba,data.Marine engineering infrastructure,0.4004
2016,Manitoba,data.Marine engineering infrastructure,0.4043
2017,Manitoba,data.Marine engineering infrastructure,0.3938
2018,Manitoba,data.Marine engineering infrastructure,0.3939
2019,Manitoba,data.Marine engineering infrastructure,0.3939
2020,Manitoba,data.Marine engineering infrastructure,0.3939
2015,Manitoba,data.Transportation engineering infrastructure,0.3867
2016,Manitoba,data.Transportation engineering infrastructure,0.3825
2017,Manitoba,data.Transportation engineering infrastructure,0.3786
2018,Manitoba,data.Transportation engineering infrastructure,0.3786
2019,Manitoba,data.Transportation engineering infrastructure,0.3786
2020,Manitoba,data.Transportation engineering infrastructure,0.3786
2015,Manitoba,data.Waterworks infrastructure,0.4007
2016,Manitoba,data.Waterworks infrastructure,0.4044
2017,Manitoba,data.Waterworks infrastructure,0.3939
2018,Manitoba,data.Waterworks infrastructure,0.3939
2019,Manitoba,data.Waterworks infrastructure,0.3939
2020,Manitoba,data.Waterworks infrastructure,0.3939
2015,Manitoba,data.Sewage infrastructure,0.4007
2016,Manitoba,data.Sewage infrastructure,0.4044
2017,Manitoba,data.Sewage infrastructure,0.3939
2018,Manitoba,data.Sewage infrastructure,0.3939
2019,Manitoba,data.Sewage infrastructure,0.3939
2020,Manitoba,data.Sewage infrastructure,0.3939
2015,Manitoba,data.Communications networks,0.3865
2016,Manitoba,data.Communications networks,0.38
2017,Manitoba,data.Communications networks,0.383
2018,Manitoba,data.Communications networks,0.383
2019,Manitoba,data.Communications networks,0.383
2020,Manitoba,data.Communications networks,0.383
2015,Manitoba,data.Electric power infrastructure,0.3829
2016,Manitoba,data.Electric power infrastructure,0.3771
2017,Manitoba,data.Electric power infrastructure,0.3765
2018,Manitoba,data.Electric power infrastructure,0.3765
2019,Manitoba,data.Electric power infrastructure,0.3765
2020,Manitoba,data.Electric power infrastructure,0.3765
2015,Manitoba,data.Oil and gas engineering construction,0.483
2016,Manitoba,data.Oil and gas engineering construction,0.4688
2017,Manitoba,data.Oil and gas engineering construction,0.4732
2018,Manitoba,data.Oil and gas engineering construction,0.4732
2019,Manitoba,data.Oil and gas engineering construction,0.4732
2020,Manitoba,data.Oil and gas engineering construction,0.4731
2015,Manitoba,data.Other engineering construction,0.4005
2016,Manitoba,data.Other engineering construction,0.4044
2017,Manitoba,data.Other engineering construction,0.3938
2018,Manitoba,data.Other engineering construction,0.3939
2019,Manitoba,data.Other engineering construction,0.3939
2020,Manitoba,data.Other engineering construction,0.3939
2015,Manitoba,data.Other machinery and equipment,0.6934
2016,Manitoba,data.Other machinery and equipment,0.6716
2017,Manitoba,data.Other machinery and equipment,0.6734
2018,Manitoba,data.Other machinery and equipment,0.6735
2019,Manitoba,data.Other machinery and equipment,0.6738
2020,Manitoba,data.Other machinery and equipment,0.6736
2015,Manitoba,data.Transportation machinery and equipment,0.6897
2016,Manitoba,data.Transportation machinery and equipment,0.6727
2017,Manitoba,data.Transportation machinery and equipment,0.6716
2018,Manitoba,data.Transportation machinery and equipment,0.6713
2019,Manitoba,data.Transportation machinery and equipment,0.6717
2020,Manitoba,data.Transportation machinery and equipment,0.6716
2015,Saskatchewan,data.Total assets,0.4096
2016,Saskatchewan,data.Total assets,0.4123
2017,Saskatchewan,data.Total assets,0.4256
2018,Saskatchewan,data.Total assets,0.4234
2019,Saskatchewan,data.Total assets,0.4217
2020,Saskatchewan,data.Total assets,0.4144
2015,Saskatchewan,data.Commercial buildings,0.3809
2016,Saskatchewan,data.Commercial buildings,0.3769
2017,Saskatchewan,data.Commercial buildings,0.3781
2018,Saskatchewan,data.Commercial buildings,0.3781
2019,Saskatchewan,data.Commercial buildings,0.3781
2020,Saskatchewan,data.Commercial buildings,0.3781
2015,Saskatchewan,data.Institutional buildings,0.3809
2016,Saskatchewan,data.Institutional buildings,0.3769
2017,Saskatchewan,data.Institutional buildings,0.3781
2018,Saskatchewan,data.Institutional buildings,0.3781
2019,Saskatchewan,data.Institutional buildings,0.3781
2020,Saskatchewan,data.Institutional buildings,0.3781
2015,Saskatchewan,data.Marine engineering infrastructure,0.4397
2016,Saskatchewan,data.Marine engineering infrastructure,0.4409
2017,Saskatchewan,data.Marine engineering infrastructure,0.455
2018,Saskatchewan,data.Marine engineering infrastructure,0.4556
2019,Saskatchewan,data.Marine engineering infrastructure,0.4556
2020,Saskatchewan,data.Marine engineering infrastructure,0.4555
2015,Saskatchewan,data.Transportation engineering infrastructure,0.3933
2016,Saskatchewan,data.Transportation engineering infrastructure,0.3843
2017,Saskatchewan,data.Transportation engineering infrastructure,0.3885
2018,Saskatchewan,data.Transportation engineering infrastructure,0.3885
2019,Saskatchewan,data.Transportation engineering infrastructure,0.3885
2020,Saskatchewan,data.Transportation engineering infrastructure,0.3885
2015,Saskatchewan,data.Waterworks infrastructure,0.4403
2016,Saskatchewan,data.Waterworks infrastructure,0.4415
2017,Saskatchewan,data.Waterworks infrastructure,0.4556
2018,Saskatchewan,data.Waterworks infrastructure,0.4556
2019,Saskatchewan,data.Waterworks infrastructure,0.4556
2020,Saskatchewan,data.Waterworks infrastructure,0.4555
2015,Saskatchewan,data.Sewage infrastructure,0.4403
2016,Saskatchewan,data.Sewage infrastructure,0.4415
2017,Saskatchewan,data.Sewage infrastructure,0.4556
2018,Saskatchewan,data.Sewage infrastructure,0.4556
2019,Saskatchewan,data.Sewage infrastructure,0.4556
2020,Saskatchewan,data.Sewage infrastructure,0.4555
2015,Saskatchewan,data.Communications networks,0.427
2016,Saskatchewan,data.Communications networks,0.4052
2017,Saskatchewan,data.Communications networks,0.4174
2018,Saskatchewan,data.Communications networks,0.4174
2019,Saskatchewan,data.Communications networks,0.4173
2020,Saskatchewan,data.Communications networks,0.4174
2015,Saskatchewan,data.Electric power infrastructure,0.3952
2016,Saskatchewan,data.Electric power infrastructure,0.3899
2017,Saskatchewan,data.Electric power infrastructure,0.3897
2018,Saskatchewan,data.Electric power infrastructure,0.3897
2019,Saskatchewan,data.Electric power infrastructure,0.3897
2020,Saskatchewan,data.Electric power infrastructure,0.3897
2015,Saskatchewan,data.Oil and gas engineering construction,0.5147
2016,Saskatchewan,data.Oil and gas engineering construction,0.4996
2017,Saskatchewan,data.Oil and gas engineering construction,0.4995
2018,Saskatchewan,data.Oil and gas engineering construction,0.4995
2019,Saskatchewan,data.Oil and gas engineering construction,0.4995
2020,Saskatchewan,data.Oil and gas engineering construction,0.4995
2015,Saskatchewan,data.Other engineering construction,0.4403
2016,Saskatchewan,data.Other engineering construction,0.4415
2017,Saskatchewan,data.Other engineering construction,0.4556
2018,Saskatchewan,data.Other engineering construction,0.4556
2019,Saskatchewan,data.Other engineering construction,0.4556
2020,Saskatchewan,data.Other engineering construction,0.4555
2015,Saskatchewan,data.Other machinery and equipment,0.7194
2016,Saskatchewan,data.Other machinery and equipment,0.674
2017,Saskatchewan,data.Other machinery and equipment,0.6811
2018,Saskatchewan,data.Other machinery and equipment,0.6867
2019,Saskatchewan,data.Other machinery and equipment,0.6884
2020,Saskatchewan,data.Other machinery and equipment,0.6884
2015,Saskatchewan,data.Transportation machinery and equipment,0.6892
2016,Saskatchewan,data.Transportation machinery and equipment,0.6589
2017,Saskatchewan,data.Transportation machinery and equipment,0.6562
2018,Saskatchewan,data.Transportation machinery and equipment,0.6563
2019,Saskatchewan,data.Transportation machinery and equipment,0.6563
2020,Saskatchewan,data.Transportation machinery and equipment,0.6564
2015,Alberta,data.Total assets,0.4096
2016,Alberta,data.Total assets,0.3989
2017,Alberta,data.Total assets,0.3971
2018,Alberta,data.Total assets,0.3971
2019,Alberta,data.Total assets,0.3967
2020,Alberta,data.Total assets,0.3969
2015,Alberta,data.Commercial buildings,0.412
2016,Alberta,data.Commercial buildings,0.4039
2017,Alberta,data.Commercial buildings,0.4045
2018,Alberta,data.Commercial buildings,0.4045
2019,Alberta,data.Commercial buildings,0.4045
2020,Alberta,data.Commercial buildings,0.4045
2015,Alberta,data.Institutional buildings,0.412
2016,Alberta,data.Institutional buildings,0.4039
2017,Alberta,data.Institutional buildings,0.4045
2018,Alberta,data.Institutional buildings,0.4045
2019,Alberta,data.Institutional buildings,0.4045
2020,Alberta,data.Institutional buildings,0.4045
2015,Alberta,data.Marine engineering infrastructure,0.4025
2016,Alberta,data.Marine engineering infrastructure,0.3965
2017,Alberta,data.Marine engineering infrastructure,0.3987
2018,Alberta,data.Marine engineering infrastructure,0.399
2019,Alberta,data.Marine engineering infrastructure,0.399
2020,Alberta,data.Marine engineering infrastructure,0.3989
2015,Alberta,data.Transportation engineering infrastructure,0.41
2016,Alberta,data.Transportation engineering infrastructure,0.3984
2017,Alberta,data.Transportation engineering infrastructure,0.4011
2018,Alberta,data.Transportation engineering infrastructure,0.4011
2019,Alberta,data.Transportation engineering infrastructure,0.4011
2020,Alberta,data.Transportation engineering infrastructure,0.4011
2015,Alberta,data.Waterworks infrastructure,0.403
2016,Alberta,data.Waterworks infrastructure,0.397
2017,Alberta,data.Waterworks infrastructure,0.399
2018,Alberta,data.Waterworks infrastructure,0.399
2019,Alberta,data.Waterworks infrastructure,0.399
2020,Alberta,data.Waterworks infrastructure,0.399
2015,Alberta,data.Sewage infrastructure,0.403
2016,Alberta,data.Sewage infrastructure,0.397
2017,Alberta,data.Sewage infrastructure,0.399
2018,Alberta,data.Sewage infrastructure,0.399
2019,Alberta,data.Sewage infrastructure,0.399
2020,Alberta,data.Sewage infrastructure,0.399
2015,Alberta,data.Communications networks,0.3952
2016,Alberta,data.Communications networks,0.3829
2017,Alberta,data.Communications networks,0.3842
2018,Alberta,data.Communications networks,0.3842
2019,Alberta,data.Communications networks,0.3842
2020,Alberta,data.Communications networks,0.3842
2015,Alberta,data.Electric power infrastructure,0.3666
2016,Alberta,data.Electric power infrastructure,0.3674
2017,Alberta,data.Electric power infrastructure,0.3666
2018,Alberta,data.Electric power infrastructure,0.3666
2019,Alberta,data.Electric power infrastructure,0.3666
2020,Alberta,data.Electric power infrastructure,0.3666
2015,Alberta,data.Oil and gas engineering construction,0.4152
2016,Alberta,data.Oil and gas engineering construction,0.401
2017,Alberta,data.Oil and gas engineering construction,0.401
2018,Alberta,data.Oil and gas engineering construction,0.401
2019,Alberta,data.Oil and gas engineering construction,0.401
2020,Alberta,data.Oil and gas engineering construction,0.401
2015,Alberta,data.Other engineering construction,0.403
2016,Alberta,data.Other engineering construction,0.397
2017,Alberta,data.Other engineering construction,0.399
2018,Alberta,data.Other engineering construction,0.399
2019,Alberta,data.Other engineering construction,0.399
2020,Alberta,data.Other engineering construction,0.399
2015,Alberta,data.Other machinery and equipment,0.6944
2016,Alberta,data.Other machinery and equipment,0.673
2017,Alberta,data.Other machinery and equipment,0.6755
2018,Alberta,data.Other machinery and equipment,0.6756
2019,Alberta,data.Other machinery and equipment,0.6765
2020,Alberta,data.Other machinery and equipment,0.6767
2015,Alberta,data.Transportation machinery and equipment,0.6856
2016,Alberta,data.Transportation machinery and equipment,0.6695
2017,Alberta,data.Transportation machinery and equipment,0.6698
2018,Alberta,data.Transportation machinery and equipment,0.6699
2019,Alberta,data.Transportation machinery and equipment,0.6697
2020,Alberta,data.Transportation machinery and equipment,0.6695
2015,British Columbia,data.Total assets,0.3873
2016,British Columbia,data.Total assets,0.3934
2017,British Columbia,data.Total assets,0.3974
2018,British Columbia,data.Total assets,0.3925
2019,British Columbia,data.Total assets,0.3996
2020,British Columbia,data.Total assets,0.3985
2015,British Columbia,data.Commercial buildings,0.3743
2016,British Columbia,data.Commercial buildings,0.3755
2017,British Columbia,data.Commercial buildings,0.3776
2018,British Columbia,data.Commercial buildings,0.3776
2019,British Columbia,data.Commercial buildings,0.3776
2020,British Columbia,data.Commercial buildings,0.3776
2015,British Columbia,data.Institutional buildings,0.3743
2016,British Columbia,data.Institutional buildings,0.3755
2017,British Columbia,data.Institutional buildings,0.3776
2018,British Columbia,data.Institutional buildings,0.3776
2019,British Columbia,data.Institutional buildings,0.3776
2020,British Columbia,data.Institutional buildings,0.3776
2015,British Columbia,data.Marine engineering infrastructure,0.3935
2016,British Columbia,data.Marine engineering infrastructure,0.4476
2017,British Columbia,data.Marine engineering infrastructure,0.4469
2018,British Columbia,data.Marine engineering infrastructure,0.4469
2019,British Columbia,data.Marine engineering infrastructure,0.4469
2020,British Columbia,data.Marine engineering infrastructure,0.4469
2015,British Columbia,data.Transportation engineering infrastructure,0.374
2016,British Columbia,data.Transportation engineering infrastructure,0.375
2017,British Columbia,data.Transportation engineering infrastructure,0.3779
2018,British Columbia,data.Transportation engineering infrastructure,0.3779
2019,British Columbia,data.Transportation engineering infrastructure,0.3779
2020,British Columbia,data.Transportation engineering infrastructure,0.3779
2015,British Columbia,data.Waterworks infrastructure,0.3935
2016,British Columbia,data.Waterworks infrastructure,0.4476
2017,British Columbia,data.Waterworks infrastructure,0.4469
2018,British Columbia,data.Waterworks infrastructure,0.4469
2019,British Columbia,data.Waterworks infrastructure,0.4469
2020,British Columbia,data.Waterworks infrastructure,0.4469
2015,British Columbia,data.Sewage infrastructure,0.3935
2016,British Columbia,data.Sewage infrastructure,0.4476
2017,British Columbia,data.Sewage infrastructure,0.4469
2018,British Columbia,data.Sewage infrastructure,0.4469
2019,British Columbia,data.Sewage infrastructure,0.4469
2020,British Columbia,data.Sewage infrastructure,0.4469
2015,British Columbia,data.Communications networks,0.3875
2016,British Columbia,data.Communications networks,0.3824
2017,British Columbia,data.Communications networks,0.381
2018,British Columbia,data.Communications networks,0.381
2019,British Columbia,data.Communications networks,0.381
2020,British Columbia,data.Communications networks,0.381
2015,British Columbia,data.Electric power infrastructure,0.3713
2016,British Columbia,data.Electric power infrastructure,0.3719
2017,British Columbia,data.Electric power infrastructure,0.3694
2018,British Columbia,data.Electric power infrastructure,0.3694
2019,British Columbia,data.Electric power infrastructure,0.3694
2020,British Columbia,data.Electric power infrastructure,0.3694
2015,British Columbia,data.Oil and gas engineering construction,0.4605
2016,British Columbia,data.Oil and gas engineering construction,0.4652
2017,British Columbia,data.Oil and gas engineering construction,0.4678
2018,British Columbia,data.Oil and gas engineering construction,0.4678
2019,British Columbia,data.Oil and gas engineering construction,0.4678
2020,British Columbia,data.Oil and gas engineering construction,0.4678
2015,British Columbia,data.Other engineering construction,0.3935
2016,British Columbia,data.Other engineering construction,0.4476
2017,British Columbia,data.Other engineering construction,0.4469
2018,British Columbia,data.Other engineering construction,0.4469
2019,British Columbia,data.Other engineering construction,0.4469
2020,British Columbia,data.Other engineering construction,0.4469
2015,British Columbia,data.Other machinery and equipment,0.697
2016,British Columbia,data.Other machinery and equipment,0.6697
2017,British Columbia,data.Other machinery and equipment,0.6697
2018,British Columbia,data.Other machinery and equipment,0.6696
2019,British Columbia,data.Other machinery and equipment,0.6696
2020,British Columbia,data.Other machinery and equipment,0.67
2015,British Columbia,data.Transportation machinery and equipment,0.6822
2016,British Columbia,data.Transportation machinery and equipment,0.6577
2017,British Columbia,data.Transportation machinery and equipment,0.6541
2018,British Columbia,data.Transportation machinery and equipment,0.6538
2019,British Columbia,data.Transportation machinery and equipment,0.6538
2020,British Columbia,data.Transportation machinery and equipment,0.6538
2015,Yukon,data.Total assets,0.3745
2016,Yukon,data.Total assets,0.3651
2017,Yukon,data.Total assets,0.3552
2018,Yukon,data.Total assets,0.3518
2019,Yukon,data.Total assets,0.3451
2020,Yukon,data.Total assets,0.345
2015,Yukon,data.Commercial buildings,0.3521
2016,Yukon,data.Commercial buildings,0.3598
2017,Yukon,data.Commercial buildings,0.3606
2018,Yukon,data.Commercial buildings,0.3601
2019,Yukon,data.Commercial buildings,0.3603
2020,Yukon,data.Commercial buildings,0.3603
2015,Yukon,data.Institutional buildings,0.3522
2016,Yukon,data.Institutional buildings,0.3599
2017,Yukon,data.Institutional buildings,0.3605
2018,Yukon,data.Institutional buildings,0.3605
2019,Yukon,data.Institutional buildings,0.3605
2020,Yukon,data.Institutional buildings,0.3605
2015,Yukon,data.Marine engineering infrastructure,0.5014
2016,Yukon,data.Marine engineering infrastructure,0.5093
2017,Yukon,data.Marine engineering infrastructure,0.4959
2018,Yukon,data.Marine engineering infrastructure,0.4985
2019,Yukon,data.Marine engineering infrastructure,0.4981
2020,Yukon,data.Marine engineering infrastructure,0.4979
2015,Yukon,data.Transportation engineering infrastructure,0.3225
2016,Yukon,data.Transportation engineering infrastructure,0.3248
2017,Yukon,data.Transportation engineering infrastructure,0.3288
2018,Yukon,data.Transportation engineering infrastructure,0.3288
2019,Yukon,data.Transportation engineering infrastructure,0.3288
2020,Yukon,data.Transportation engineering infrastructure,0.3288
2015,Yukon,data.Waterworks infrastructure,0.5013
2016,Yukon,data.Waterworks infrastructure,0.5094
2017,Yukon,data.Waterworks infrastructure,0.4979
2018,Yukon,data.Waterworks infrastructure,0.4988
2019,Yukon,data.Waterworks infrastructure,0.4989
2020,Yukon,data.Waterworks infrastructure,0.4989
2015,Yukon,data.Sewage infrastructure,0.5013
2016,Yukon,data.Sewage infrastructure,0.5095
2017,Yukon,data.Sewage infrastructure,0.4989
2018,Yukon,data.Sewage infrastructure,0.4986
2019,Yukon,data.Sewage infrastructure,0.4986
2020,Yukon,data.Sewage infrastructure,0.4986
2015,Yukon,data.Communications networks,0.3293
2016,Yukon,data.Communications networks,0.3199
2017,Yukon,data.Communications networks,0.3189
2018,Yukon,data.Communications networks,0.3188
2019,Yukon,data.Communications networks,0.3041
2020,Yukon,data.Communications networks,0.2956
2015,Yukon,data.Electric power infrastructure,0.3248
2016,Yukon,data.Electric power infrastructure,0.329
2017,Yukon,data.Electric power infrastructure,0.3292
2018,Yukon,data.Electric power infrastructure,0.3291
2019,Yukon,data.Electric power infrastructure,0.3292
2020,Yukon,data.Electric power infrastructure,0.3291
2015,Yukon,data.Oil and gas engineering construction,0.409
2016,Yukon,data.Oil and gas engineering construction,0.4076
2017,Yukon,data.Oil and gas engineering construction,0.415
2018,Yukon,data.Oil and gas engineering construction,0.431
2019,Yukon,data.Oil and gas engineering construction,0.4299
2020,Yukon,data.Oil and gas engineering construction,0.4285
2015,Yukon,data.Other engineering construction,0.5005
2016,Yukon,data.Other engineering construction,0.5045
2017,Yukon,data.Other engineering construction,0.4989
2018,Yukon,data.Other engineering construction,0.4986
2019,Yukon,data.Other engineering construction,0.4988
2020,Yukon,data.Other engineering construction,0.4983
2015,Yukon,data.Other machinery and equipment,0.7218
2016,Yukon,data.Other machinery and equipment,0.6787
2017,Yukon,data.Other machinery and equipment,0.679
2018,Yukon,data.Other machinery and equipment,0.6963
2019,Yukon,data.Other machinery and equipment,0.6939
2020,Yukon,data.Other machinery and equipment,0.6924
2015,Yukon,data.Transportation machinery and equipment,0.6923
2016,Yukon,data.Transportation machinery and equipment,0.659
2017,Yukon,data.Transportation machinery and equipment,0.673
2018,Yukon,data.Transportation machinery and equipment,0.6721
2019,Yukon,data.Transportation machinery and equipment,0.6705
2020,Yukon,data.Transportation machinery and equipment,0.6705
2015,Northwest Territories,data.Total assets,0.4517
2016,Northwest Territories,data.Total assets,0.4127
2017,Northwest Territories,data.Total assets,0.4043
2018,Northwest Territories,data.Total assets,0.3863
2019,Northwest Territories,data.Total assets,0.3856
2020,Northwest Territories,data.Total assets,0.3933
2015,Northwest Territories,data.Commercial buildings,0.4458
2016,Northwest Territories,data.Commercial buildings,0.4331
2017,Northwest Territories,data.Commercial buildings,0.4352
2018,Northwest Territories,data.Commercial buildings,0.4352
2019,Northwest Territories,data.Commercial buildings,0.4352
2020,Northwest Territories,data.Commercial buildings,0.4352
2015,Northwest Territories,data.Institutional buildings,0.4452
2016,Northwest Territories,data.Institutional buildings,0.4333
2017,Northwest Territories,data.Institutional buildings,0.4352
2018,Northwest Territories,data.Institutional buildings,0.4352
2019,Northwest Territories,data.Institutional buildings,0.4352
2020,Northwest Territories,data.Institutional buildings,0.4352
2015,Northwest Territories,data.Marine engineering infrastructure,0.4572
2016,Northwest Territories,data.Marine engineering infrastructure,0.4662
2017,Northwest Territories,data.Marine engineering infrastructure,0.4711
2018,Northwest Territories,data.Marine engineering infrastructure,0.4729
2019,Northwest Territories,data.Marine engineering infrastructure,0.473
2020,Northwest Territories,data.Marine engineering infrastructure,0.4729
2015,Northwest Territories,data.Transportation engineering infrastructure,0.3564
2016,Northwest Territories,data.Transportation engineering infrastructure,0.3529
2017,Northwest Territories,data.Transportation engineering infrastructure,0.3551
2018,Northwest Territories,data.Transportation engineering infrastructure,0.3551
2019,Northwest Territories,data.Transportation engineering infrastructure,0.3551
2020,Northwest Territories,data.Transportation engineering infrastructure,0.3551
2015,Northwest Territories,data.Waterworks infrastructure,0.4675
2016,Northwest Territories,data.Waterworks infrastructure,0.4783
2017,Northwest Territories,data.Waterworks infrastructure,0.473
2018,Northwest Territories,data.Waterworks infrastructure,0.4729
2019,Northwest Territories,data.Waterworks infrastructure,0.4729
2020,Northwest Territories,data.Waterworks infrastructure,0.4729
2015,Northwest Territories,data.Sewage infrastructure,0.4675
2016,Northwest Territories,data.Sewage infrastructure,0.4782
2017,Northwest Territories,data.Sewage infrastructure,0.473
2018,Northwest Territories,data.Sewage infrastructure,0.473
2019,Northwest Territories,data.Sewage infrastructure,0.473
2020,Northwest Territories,data.Sewage infrastructure,0.4729
2015,Northwest Territories,data.Communications networks,0.3888
2016,Northwest Territories,data.Communications networks,0.3766
2017,Northwest Territories,data.Communications networks,0.3794
2018,Northwest Territories,data.Communications networks,0.3793
2019,Northwest Territories,data.Communications networks,0.375
2020,Northwest Territories,data.Communications networks,0.3755
2015,Northwest Territories,data.Electric power infrastructure,0.3724
2016,Northwest Territories,data.Electric power infrastructure,0.3687
2017,Northwest Territories,data.Electric power infrastructure,0.3618
2018,Northwest Territories,data.Electric power infrastructure,0.3621
2019,Northwest Territories,data.Electric power infrastructure,0.3621
2020,Northwest Territories,data.Electric power infrastructure,0.3621
2015,Northwest Territories,data.Oil and gas engineering construction,0.3537
2016,Northwest Territories,data.Oil and gas engineering construction,0.3572
2017,Northwest Territories,data.Oil and gas engineering construction,0.3671
2018,Northwest Territories,data.Oil and gas engineering construction,0.3671
2019,Northwest Territories,data.Oil and gas engineering construction,0.367
2020,Northwest Territories,data.Oil and gas engineering construction,0.367
2015,Northwest Territories,data.Other engineering construction,0.4675
2016,Northwest Territories,data.Other engineering construction,0.4784
2017,Northwest Territories,data.Other engineering construction,0.473
2018,Northwest Territories,data.Other engineering construction,0.473
2019,Northwest Territories,data.Other engineering construction,0.473
2020,Northwest Territories,data.Other engineering construction,0.473
2015,Northwest Territories,data.Other machinery and equipment,0.7024
2016,Northwest Territories,data.Other machinery and equipment,0.6764
2017,Northwest Territories,data.Other machinery and equipment,0.6738
2018,Northwest Territories,data.Other machinery and equipment,0.6743
2019,Northwest Territories,data.Other machinery and equipment,0.6749
2020,Northwest Territories,data.Other machinery and equipment,0.6746
2015,Northwest Territories,data.Transportation machinery and equipment,0.6768
2016,Northwest Territories,data.Transportation machinery and equipment,0.675
2017,Northwest Territories,data.Transportation machinery and equipment,0.6772
2018,Northwest Territories,data.Transportation machinery and equipment,0.6779
2019,Northwest Territories,data.Transportation machinery and equipment,0.6716
2020,Northwest Territories,data.Transportation machinery and equipment,0.6691
2015,Nunavut,data.Total assets,0.406
2016,Nunavut,data.Total assets,0.4021
2017,Nunavut,data.Total assets,0.4022
2018,Nunavut,data.Total assets,0.4012
2019,Nunavut,data.Total assets,0.4045
2020,Nunavut,data.Total assets,0.405
2015,Nunavut,data.Commercial buildings,0.4224
2016,Nunavut,data.Commercial buildings,0.4129
2017,Nunavut,data.Commercial buildings,0.4207
2018,Nunavut,data.Commercial buildings,0.4207
2019,Nunavut,data.Commercial buildings,0.4208
2020,Nunavut,data.Commercial buildings,0.4206
2015,Nunavut,data.Institutional buildings,0.4224
2016,Nunavut,data.Institutional buildings,0.4129
2017,Nunavut,data.Institutional buildings,0.4208
2018,Nunavut,data.Institutional buildings,0.4207
2019,Nunavut,data.Institutional buildings,0.4207
2020,Nunavut,data.Institutional buildings,0.4207
2015,Nunavut,data.Marine engineering infrastructure,0.4472
2016,Nunavut,data.Marine engineering infrastructure,0.4659
2017,Nunavut,data.Marine engineering infrastructure,0.4615
2018,Nunavut,data.Marine engineering infrastructure,0.461
2019,Nunavut,data.Marine engineering infrastructure,0.4615
2020,Nunavut,data.Marine engineering infrastructure,0.4612
2015,Nunavut,data.Transportation engineering infrastructure,0.3841
2016,Nunavut,data.Transportation engineering infrastructure,0.3759
2017,Nunavut,data.Transportation engineering infrastructure,0.3821
2018,Nunavut,data.Transportation engineering infrastructure,0.3821
2019,Nunavut,data.Transportation engineering infrastructure,0.3821
2020,Nunavut,data.Transportation engineering infrastructure,0.3821
2015,Nunavut,data.Waterworks infrastructure,0.447
2016,Nunavut,data.Waterworks infrastructure,0.4659
2017,Nunavut,data.Waterworks infrastructure,0.4615
2018,Nunavut,data.Waterworks infrastructure,0.4614
2019,Nunavut,data.Waterworks infrastructure,0.4615
2020,Nunavut,data.Waterworks infrastructure,0.4615
2015,Nunavut,data.Sewage infrastructure,0.4469
2016,Nunavut,data.Sewage infrastructure,0.4659
2017,Nunavut,data.Sewage infrastructure,0.4614
2018,Nunavut,data.Sewage infrastructure,0.4614
2019,Nunavut,data.Sewage infrastructure,0.4614
2020,Nunavut,data.Sewage infrastructure,0.4614
2015,Nunavut,data.Communications networks,0.3629
2016,Nunavut,data.Communications networks,0.3566
2017,Nunavut,data.Communications networks,0.3564
2018,Nunavut,data.Communications networks,0.356
2019,Nunavut,data.Communications networks,0.3559
2020,Nunavut,data.Communications networks,0.3564
2015,Nunavut,data.Electric power infrastructure,0.3196
2016,Nunavut,data.Electric power infrastructure,0.325
2017,Nunavut,data.Electric power infrastructure,0.3244
2018,Nunavut,data.Electric power infrastructure,0.3244
2019,Nunavut,data.Electric power infrastructure,0.3244
2020,Nunavut,data.Electric power infrastructure,0.3244
2015,Nunavut,data.Oil and gas engineering construction,0.409
2016,Nunavut,data.Oil and gas engineering construction,0.4076
2017,Nunavut,data.Oil and gas engineering construction,0.415
2018,Nunavut,data.Oil and gas engineering construction,0.431
2019,Nunavut,data.Oil and gas engineering construction,0.4299
2020,Nunavut,data.Oil and gas engineering construction,0.4285
2015,Nunavut,data.Other engineering construction,0.4467
2016,Nunavut,data.Other engineering construction,0.4659
2017,Nunavut,data.Other engineering construction,0.4614
2018,Nunavut,data.Other engineering construction,0.461
2019,Nunavut,data.Other engineering construction,0.4614
2020,Nunavut,data.Other engineering construction,0.4614
2015,Nunavut,data.Other machinery and equipment,0.6918
2016,Nunavut,data.Other machinery and equipment,0.669
2017,Nunavut,data.Other machinery and equipment,0.6708
2018,Nunavut,data.Other machinery and equipment,0.6706
2019,Nunavut,data.Other machinery and equipment,0.6711
2020,Nunavut,data.Other machinery and equipment,0.6709
2015,Nunavut,data.Transportation machinery and equipment,0.6827
2016,Nunavut,data.Transportation machinery and equipment,0.675
2017,Nunavut,data.Transportation machinery and equipment,0.67
2018,Nunavut,data.Transportation machinery and equipment,0.6669
2019,Nunavut,data.Transportation machinery and equipment,0.6558
2020,Nunavut,data.Transportation machinery and equipment,0.6556
