Year,Geography,Type of charging or fuelling stations,GeoCode,Value
2010,,,,104
2011,,,,119
2012,,,,155
2013,,,,236
2014,,,,354
2015,,,,695
2016,,,,888
2017,,,,1401
2018,,,,1864
2019,,,,3962
2020,,,,4820
2021,,,,6151
2022,,,,8519
2023,,,,12087
2024,,,,14566
2025,,,,15205
2010,Alberta,Total electric charging and alternative fuelling stations,48,26
2010,Alberta,Propane,48,26
2011,Alberta,Total electric charging and alternative fuelling stations,48,27
2011,Alberta,Propane,48,27
2012,Alberta,Total electric charging and alternative fuelling stations,48,32
2012,Alberta,Electric,48,2
2012,Alberta,Propane,48,30
2013,Alberta,Total electric charging and alternative fuelling stations,48,39
2013,Alberta,Electric,48,8
2013,Alberta,Propane,48,31
2014,Alberta,Total electric charging and alternative fuelling stations,48,44
2014,Alberta,Electric,48,13
2015,Alberta,Total electric charging and alternative fuelling stations,48,73
2015,Alberta,Electric,48,41
2015,Alberta,Propane,48,32
2016,Alberta,Total electric charging and alternative fuelling stations,48,84
2016,Alberta,Electric,48,51
2016,Alberta,Propane,48,33
2017,Alberta,Total electric charging and alternative fuelling stations,48,135
2017,Alberta,Compressed natural gas,48,1
2017,Alberta,Electric,48,65
2017,Alberta,Propane,48,69
2018,Alberta,Total electric charging and alternative fuelling stations,48,219
2018,Alberta,Compressed natural gas,48,10
2018,Alberta,Electric,48,75
2018,Alberta,Propane,48,134
2019,Alberta,Total electric charging and alternative fuelling stations,48,254
2019,Alberta,Electric,48,109
2019,Alberta,Propane,48,135
2020,Alberta,Total electric charging and alternative fuelling stations,48,283
2020,Alberta,Compressed natural gas,48,11
2020,Alberta,Electric,48,134
2020,Alberta,Propane,48,138
2021,Alberta,Total electric charging and alternative fuelling stations,48,337
2021,Alberta,Electric,48,185
2021,Alberta,Propane,48,141
2022,Alberta,Total electric charging and alternative fuelling stations,48,516
2022,Alberta,Compressed natural gas,48,12
2022,Alberta,Electric,48,363
2023,Alberta,Total electric charging and alternative fuelling stations,48,766
2023,Alberta,Compressed natural gas,48,13
2023,Alberta,Electric,48,611
2023,Alberta,Propane,48,142
2024,Alberta,Total electric charging and alternative fuelling stations,48,946
2024,Alberta,Electric,48,790
2024,Alberta,Propane,48,143
2025,Alberta,Total electric charging and alternative fuelling stations,48,963
2025,Alberta,Electric,48,805
2025,Alberta,Propane,48,145
2010,British Columbia,Total electric charging and alternative fuelling stations,59,37
2010,British Columbia,Biodiesel,59,1
2010,British Columbia,Propane,59,36
2011,British Columbia,Total electric charging and alternative fuelling stations,59,41
2011,British Columbia,Electric,59,4
2012,British Columbia,Total electric charging and alternative fuelling stations,59,47
2012,British Columbia,Electric,59,9
2012,British Columbia,Propane,59,37
2013,British Columbia,Total electric charging and alternative fuelling stations,59,66
2013,British Columbia,Electric,59,27
2013,British Columbia,Propane,59,38
2014,British Columbia,Total electric charging and alternative fuelling stations,59,86
2014,British Columbia,Electric,59,47
2015,British Columbia,Total electric charging and alternative fuelling stations,59,175
2015,British Columbia,Compressed natural gas,59,2
2015,British Columbia,Electric,59,133
2015,British Columbia,Propane,59,39
2016,British Columbia,Total electric charging and alternative fuelling stations,59,198
2016,British Columbia,Electric,59,155
2016,British Columbia,Propane,59,40
2017,British Columbia,Total electric charging and alternative fuelling stations,59,284
2017,British Columbia,Compressed natural gas,59,4
2017,British Columbia,Electric,59,202
2017,British Columbia,Propane,59,77
2018,British Columbia,Total electric charging and alternative fuelling stations,59,386
2018,British Columbia,Electric,59,270
2018,British Columbia,Hydrogen,59,1
2018,British Columbia,Propane,59,110
2019,British Columbia,Total electric charging and alternative fuelling stations,59,606
2019,British Columbia,Electric,59,486
2019,British Columbia,Hydrogen,59,2
2019,British Columbia,Propane,59,113
2020,British Columbia,Total electric charging and alternative fuelling stations,59,759
2020,British Columbia,Electric,59,636
2020,British Columbia,Hydrogen,59,3
2020,British Columbia,Propane,59,115
2021,British Columbia,Total electric charging and alternative fuelling stations,59,1050
2021,British Columbia,Compressed natural gas,59,5
2021,British Columbia,Electric,59,924
2021,British Columbia,Hydrogen,59,4
2021,British Columbia,Propane,59,116
2022,British Columbia,Total electric charging and alternative fuelling stations,59,1532
2022,British Columbia,Electric,59,1402
2022,British Columbia,Hydrogen,59,5
2022,British Columbia,Propane,59,119
2023,British Columbia,Total electric charging and alternative fuelling stations,59,2158
2023,British Columbia,Compressed natural gas,59,7
2023,British Columbia,Electric,59,2021
2023,British Columbia,Ethanol,59,1
2023,British Columbia,Hydrogen,59,9
2024,British Columbia,Total electric charging and alternative fuelling stations,59,2614
2024,British Columbia,Electric,59,2473
2024,British Columbia,Hydrogen,59,10
2024,British Columbia,Propane,59,122
2025,British Columbia,Total electric charging and alternative fuelling stations,59,2729
2025,British Columbia,Electric,59,2586
2025,British Columbia,Propane,59,124
2010,Canada,Biodiesel,,1
2010,Canada,Electric,,5
2010,Canada,Propane,,97
2011,Canada,Electric,,19
2011,Canada,Propane,,98
2012,Canada,Electric,,51
2012,Canada,Propane,,102
2013,Canada,Compressed natural gas,,2
2013,Canada,Electric,,125
2013,Canada,Propane,,107
2014,Canada,Compressed natural gas,,3
2014,Canada,Electric,,239
2014,Canada,Propane,,110
2015,Canada,Compressed natural gas,,7
2015,Canada,Electric,,563
2015,Canada,Propane,,123
2016,Canada,Electric,,752
2016,Canada,Hydrogen,,1
2016,Canada,Propane,,126
2017,Canada,Compressed natural gas,,13
2017,Canada,Electric,,1020
2017,Canada,Propane,,365
2018,Canada,Compressed natural gas,,27
2018,Canada,Electric,,1252
2018,Canada,Hydrogen,,3
2018,Canada,Propane,,580
2019,Canada,Compressed natural gas,,30
2019,Canada,Electric,,3327
2019,Canada,Hydrogen,,4
2019,Canada,Liquefied natural gas,,1
2019,Canada,Propane,,598
2020,Canada,Compressed natural gas,,31
2020,Canada,Electric,,4171
2020,Canada,Hydrogen,,5
2020,Canada,Propane,,610
2021,Canada,Compressed natural gas,,33
2021,Canada,Electric,,5491
2021,Canada,Hydrogen,,6
2021,Canada,Propane,,618
2022,Canada,Compressed natural gas,,41
2022,Canada,Electric,,7829
2022,Canada,Hydrogen,,8
2022,Canada,Propane,,638
2023,Canada,Compressed natural gas,,46
2023,Canada,Electric,,11377
2023,Canada,Ethanol,,2
2023,Canada,Hydrogen,,16
2023,Canada,Propane,,644
2024,Canada,Electric,,13841
2024,Canada,Hydrogen,,17
2024,Canada,Propane,,658
2025,Canada,Compressed natural gas,,47
2025,Canada,Electric,,14460
2025,Canada,Propane,,677
2010,Manitoba,Total electric charging and alternative fuelling stations,46,3
2010,Manitoba,Electric,46,1
2013,Manitoba,Total electric charging and alternative fuelling stations,46,8
2013,Manitoba,Electric,46,6
2014,Manitoba,Total electric charging and alternative fuelling stations,46,9
2014,Manitoba,Electric,46,7
2015,Manitoba,Total electric charging and alternative fuelling stations,46,14
2015,Manitoba,Electric,46,12
2016,Manitoba,Total electric charging and alternative fuelling stations,46,15
2016,Manitoba,Electric,46,13
2017,Manitoba,Total electric charging and alternative fuelling stations,46,24
2017,Manitoba,Electric,46,18
2017,Manitoba,Propane,46,6
2018,Manitoba,Total electric charging and alternative fuelling stations,46,67
2018,Manitoba,Propane,46,49
2019,Manitoba,Total electric charging and alternative fuelling stations,46,79
2019,Manitoba,Electric,46,29
2019,Manitoba,Propane,46,50
2020,Manitoba,Total electric charging and alternative fuelling stations,46,84
2020,Manitoba,Electric,46,34
2021,Manitoba,Total electric charging and alternative fuelling stations,46,97
2021,Manitoba,Electric,46,47
2022,Manitoba,Total electric charging and alternative fuelling stations,46,161
2022,Manitoba,Compressed natural gas,46,1
2022,Manitoba,Electric,46,110
2023,Manitoba,Total electric charging and alternative fuelling stations,46,254
2023,Manitoba,Electric,46,203
2024,Manitoba,Total electric charging and alternative fuelling stations,46,356
2024,Manitoba,Electric,46,304
2024,Manitoba,Propane,46,51
2025,Manitoba,Total electric charging and alternative fuelling stations,46,381
2025,Manitoba,Electric,46,327
2025,Manitoba,Propane,46,53
2011,New Brunswick,Total electric charging and alternative fuelling stations,13,1
2011,New Brunswick,Electric,13,1
2012,New Brunswick,Total electric charging and alternative fuelling stations,13,4
2012,New Brunswick,Electric,13,4
2013,New Brunswick,Total electric charging and alternative fuelling stations,13,8
2013,New Brunswick,Electric,13,8
2014,New Brunswick,Total electric charging and alternative fuelling stations,13,11
2014,New Brunswick,Electric,13,11
2015,New Brunswick,Total electric charging and alternative fuelling stations,13,17
2015,New Brunswick,Electric,13,17
2016,New Brunswick,Total electric charging and alternative fuelling stations,13,21
2016,New Brunswick,Electric,13,21
2017,New Brunswick,Total electric charging and alternative fuelling stations,13,42
2017,New Brunswick,Electric,13,42
2018,New Brunswick,Total electric charging and alternative fuelling stations,13,47
2018,New Brunswick,Electric,13,46
2018,New Brunswick,Propane,13,1
2019,New Brunswick,Total electric charging and alternative fuelling stations,13,65
2019,New Brunswick,Electric,13,64
2020,New Brunswick,Total electric charging and alternative fuelling stations,13,84
2020,New Brunswick,Electric,13,82
2020,New Brunswick,Propane,13,2
2021,New Brunswick,Total electric charging and alternative fuelling stations,13,108
2021,New Brunswick,Electric,13,106
2022,New Brunswick,Total electric charging and alternative fuelling stations,13,144
2022,New Brunswick,Electric,13,140
2022,New Brunswick,Propane,13,4
2023,New Brunswick,Total electric charging and alternative fuelling stations,13,225
2023,New Brunswick,Electric,13,221
2024,New Brunswick,Total electric charging and alternative fuelling stations,13,259
2024,New Brunswick,Electric,13,255
2025,New Brunswick,Total electric charging and alternative fuelling stations,13,278
2025,New Brunswick,Electric,13,273
2025,New Brunswick,Propane,13,5
2012,Newfoundland and Labrador,Total electric charging and alternative fuelling stations,10,1
2012,Newfoundland and Labrador,Electric,10,1
2013,Newfoundland and Labrador,Total electric charging and alternative fuelling stations,10,5
2013,Newfoundland and Labrador,Electric,10,5
2014,Newfoundland and Labrador,Total electric charging and alternative fuelling stations,10,7
2014,Newfoundland and Labrador,Electric,10,7
2015,Newfoundland and Labrador,Total electric charging and alternative fuelling stations,10,8
2015,Newfoundland and Labrador,Electric,10,8
2016,Newfoundland and Labrador,Total electric charging and alternative fuelling stations,10,14
2016,Newfoundland and Labrador,Electric,10,14
2018,Newfoundland and Labrador,Total electric charging and alternative fuelling stations,10,18
2018,Newfoundland and Labrador,Electric,10,18
2019,Newfoundland and Labrador,Total electric charging and alternative fuelling stations,10,19
2019,Newfoundland and Labrador,Electric,10,19
2021,Newfoundland and Labrador,Total electric charging and alternative fuelling stations,10,51
2021,Newfoundland and Labrador,Electric,10,51
2022,Newfoundland and Labrador,Total electric charging and alternative fuelling stations,10,100
2022,Newfoundland and Labrador,Electric,10,100
2023,Newfoundland and Labrador,Total electric charging and alternative fuelling stations,10,142
2023,Newfoundland and Labrador,Electric,10,141
2023,Newfoundland and Labrador,Propane,10,1
2024,Newfoundland and Labrador,Total electric charging and alternative fuelling stations,10,149
2024,Newfoundland and Labrador,Electric,10,148
2025,Newfoundland and Labrador,Total electric charging and alternative fuelling stations,10,153
2025,Newfoundland and Labrador,Electric,10,151
2025,Newfoundland and Labrador,Propane,10,2
2015,Northwest Territories,Total electric charging and alternative fuelling stations,61,1
2015,Northwest Territories,Propane,61,1
2020,Northwest Territories,Total electric charging and alternative fuelling stations,61,2
2020,Northwest Territories,Electric,61,1
2023,Northwest Territories,Total electric charging and alternative fuelling stations,61,3
2023,Northwest Territories,Electric,61,2
2024,Northwest Territories,Total electric charging and alternative fuelling stations,61,8
2024,Northwest Territories,Electric,61,7
2025,Northwest Territories,Total electric charging and alternative fuelling stations,61,13
2025,Northwest Territories,Electric,61,12
2012,Nova Scotia,Total electric charging and alternative fuelling stations,12,1
2012,Nova Scotia,Electric,12,1
2013,Nova Scotia,Total electric charging and alternative fuelling stations,12,4
2013,Nova Scotia,Electric,12,3
2013,Nova Scotia,Propane,12,1
2014,Nova Scotia,Total electric charging and alternative fuelling stations,12,10
2014,Nova Scotia,Electric,12,9
2015,Nova Scotia,Total electric charging and alternative fuelling stations,12,22
2015,Nova Scotia,Electric,12,20
2015,Nova Scotia,Propane,12,2
2016,Nova Scotia,Total electric charging and alternative fuelling stations,12,24
2016,Nova Scotia,Electric,12,22
2017,Nova Scotia,Total electric charging and alternative fuelling stations,12,27
2017,Nova Scotia,Electric,12,25
2018,Nova Scotia,Total electric charging and alternative fuelling stations,12,28
2018,Nova Scotia,Electric,12,26
2019,Nova Scotia,Total electric charging and alternative fuelling stations,12,49
2019,Nova Scotia,Electric,12,47
2020,Nova Scotia,Total electric charging and alternative fuelling stations,12,57
2020,Nova Scotia,Electric,12,55
2021,Nova Scotia,Total electric charging and alternative fuelling stations,12,79
2021,Nova Scotia,Electric,12,76
2021,Nova Scotia,Propane,12,3
2022,Nova Scotia,Total electric charging and alternative fuelling stations,12,151
2022,Nova Scotia,Electric,12,147
2022,Nova Scotia,Propane,12,4
2023,Nova Scotia,Total electric charging and alternative fuelling stations,12,232
2023,Nova Scotia,Electric,12,228
2024,Nova Scotia,Total electric charging and alternative fuelling stations,12,277
2024,Nova Scotia,Electric,12,273
2025,Nova Scotia,Total electric charging and alternative fuelling stations,12,293
2025,Nova Scotia,Electric,12,288
2025,Nova Scotia,Propane,12,5
2010,Ontario,Total electric charging and alternative fuelling stations,35,26
2010,Ontario,Electric,35,2
2010,Ontario,Propane,35,23
2011,Ontario,Total electric charging and alternative fuelling stations,35,34
2011,Ontario,Electric,35,10
2012,Ontario,Total electric charging and alternative fuelling stations,35,44
2012,Ontario,Electric,35,20
2013,Ontario,Total electric charging and alternative fuelling stations,35,65
2013,Ontario,Electric,35,39
2013,Ontario,Propane,35,25
2014,Ontario,Total electric charging and alternative fuelling stations,35,100
2014,Ontario,Compressed natural gas,35,1
2014,Ontario,Electric,35,72
2014,Ontario,Propane,35,26
2015,Ontario,Total electric charging and alternative fuelling stations,35,195
2015,Ontario,Compressed natural gas,35,2
2015,Ontario,Electric,35,165
2015,Ontario,Propane,35,27
2016,Ontario,Total electric charging and alternative fuelling stations,35,245
2016,Ontario,Electric,35,213
2016,Ontario,Hydrogen,35,1
2016,Ontario,Propane,35,28
2017,Ontario,Total electric charging and alternative fuelling stations,35,402
2017,Ontario,Compressed natural gas,35,4
2017,Ontario,Electric,35,328
2017,Ontario,Propane,35,68
2018,Ontario,Total electric charging and alternative fuelling stations,35,518
2018,Ontario,Compressed natural gas,35,7
2018,Ontario,Electric,35,438
2018,Ontario,Propane,35,71
2019,Ontario,Total electric charging and alternative fuelling stations,35,817
2019,Ontario,Compressed natural gas,35,8
2019,Ontario,Electric,35,731
2019,Ontario,Propane,35,76
2020,Ontario,Total electric charging and alternative fuelling stations,35,1053
2020,Ontario,Electric,35,961
2020,Ontario,Propane,35,82
2021,Ontario,Total electric charging and alternative fuelling stations,35,1517
2021,Ontario,Compressed natural gas,35,9
2021,Ontario,Electric,35,1423
2021,Ontario,Propane,35,83
2022,Ontario,Total electric charging and alternative fuelling stations,35,2364
2022,Ontario,Compressed natural gas,35,12
2022,Ontario,Electric,35,2254
2022,Ontario,Propane,35,96
2023,Ontario,Total electric charging and alternative fuelling stations,35,3732
2023,Ontario,Electric,35,3618
2023,Ontario,Hydrogen,35,2
2023,Ontario,Propane,35,99
2024,Ontario,Total electric charging and alternative fuelling stations,35,4624
2024,Ontario,Electric,35,4502
2024,Ontario,Propane,35,107
2025,Ontario,Total electric charging and alternative fuelling stations,35,4866
2025,Ontario,Electric,35,4735
2025,Ontario,Propane,35,116
2013,Prince Edward Island,Total electric charging and alternative fuelling stations,11,2
2013,Prince Edward Island,Electric,11,2
2014,Prince Edward Island,Total electric charging and alternative fuelling stations,11,6
2014,Prince Edward Island,Electric,11,6
2015,Prince Edward Island,Total electric charging and alternative fuelling stations,11,12
2015,Prince Edward Island,Electric,11,12
2017,Prince Edward Island,Total electric charging and alternative fuelling stations,11,16
2017,Prince Edward Island,Electric,11,16
2018,Prince Edward Island,Total electric charging and alternative fuelling stations,11,18
2018,Prince Edward Island,Electric,11,18
2019,Prince Edward Island,Total electric charging and alternative fuelling stations,11,19
2019,Prince Edward Island,Electric,11,19
2020,Prince Edward Island,Total electric charging and alternative fuelling stations,11,26
2020,Prince Edward Island,Electric,11,26
2021,Prince Edward Island,Total electric charging and alternative fuelling stations,11,55
2021,Prince Edward Island,Electric,11,55
2022,Prince Edward Island,Total electric charging and alternative fuelling stations,11,93
2022,Prince Edward Island,Electric,11,92
2022,Prince Edward Island,Propane,11,1
2023,Prince Edward Island,Total electric charging and alternative fuelling stations,11,153
2023,Prince Edward Island,Electric,11,152
2024,Prince Edward Island,Total electric charging and alternative fuelling stations,11,169
2024,Prince Edward Island,Electric,11,168
2025,Prince Edward Island,Total electric charging and alternative fuelling stations,11,173
2025,Prince Edward Island,Electric,11,171
2025,Prince Edward Island,Propane,11,2
2010,Quebec,Total electric charging and alternative fuelling stations,24,8
2010,Quebec,Electric,24,2
2011,Quebec,Total electric charging and alternative fuelling stations,24,9
2011,Quebec,Electric,24,3
2012,Quebec,Total electric charging and alternative fuelling stations,24,19
2012,Quebec,Electric,24,13
2013,Quebec,Total electric charging and alternative fuelling stations,24,35
2013,Quebec,Compressed natural gas,24,2
2013,Quebec,Electric,24,27
2014,Quebec,Total electric charging and alternative fuelling stations,24,71
2014,Quebec,Electric,24,62
2014,Quebec,Propane,24,7
2015,Quebec,Total electric charging and alternative fuelling stations,24,160
2015,Quebec,Compressed natural gas,24,3
2015,Quebec,Electric,24,143
2015,Quebec,Propane,24,14
2016,Quebec,Total electric charging and alternative fuelling stations,24,252
2016,Quebec,Electric,24,235
2017,Quebec,Total electric charging and alternative fuelling stations,24,429
2017,Quebec,Compressed natural gas,24,4
2017,Quebec,Electric,24,289
2017,Quebec,Propane,24,136
2018,Quebec,Total electric charging and alternative fuelling stations,24,467
2018,Quebec,Compressed natural gas,24,6
2018,Quebec,Electric,24,320
2018,Quebec,Hydrogen,24,1
2018,Quebec,Propane,24,140
2019,Quebec,Total electric charging and alternative fuelling stations,24,1945
2019,Quebec,Compressed natural gas,24,8
2019,Quebec,Electric,24,1791
2019,Quebec,Liquefied natural gas,24,1
2019,Quebec,Propane,24,144
2020,Quebec,Total electric charging and alternative fuelling stations,24,2334
2020,Quebec,Electric,24,2180
2021,Quebec,Total electric charging and alternative fuelling stations,24,2722
2021,Quebec,Electric,24,2566
2021,Quebec,Propane,24,146
2022,Quebec,Total electric charging and alternative fuelling stations,24,3270
2022,Quebec,Compressed natural gas,24,10
2022,Quebec,Electric,24,3111
2022,Quebec,Hydrogen,24,2
2023,Quebec,Total electric charging and alternative fuelling stations,24,4169
2023,Quebec,Compressed natural gas,24,12
2023,Quebec,Electric,24,4004
2023,Quebec,Hydrogen,24,5
2023,Quebec,Propane,24,147
2024,Quebec,Total electric charging and alternative fuelling stations,24,4866
2024,Quebec,Electric,24,4700
2024,Quebec,Propane,24,148
2025,Quebec,Total electric charging and alternative fuelling stations,24,5045
2025,Quebec,Compressed natural gas,24,13
2025,Quebec,Electric,24,4878
2014,Saskatchewan,Total electric charging and alternative fuelling stations,47,10
2014,Saskatchewan,Electric,47,5
2014,Saskatchewan,Propane,47,5
2015,Saskatchewan,Total electric charging and alternative fuelling stations,47,18
2015,Saskatchewan,Electric,47,12
2015,Saskatchewan,Propane,47,6
2016,Saskatchewan,Total electric charging and alternative fuelling stations,47,22
2016,Saskatchewan,Electric,47,16
2017,Saskatchewan,Total electric charging and alternative fuelling stations,47,27
2017,Saskatchewan,Electric,47,21
2018,Saskatchewan,Total electric charging and alternative fuelling stations,47,95
2018,Saskatchewan,Electric,47,23
2018,Saskatchewan,Propane,47,72
2019,Saskatchewan,Total electric charging and alternative fuelling stations,47,105
2019,Saskatchewan,Electric,47,31
2019,Saskatchewan,Propane,47,74
2020,Saskatchewan,Total electric charging and alternative fuelling stations,47,113
2020,Saskatchewan,Electric,47,39
2021,Saskatchewan,Total electric charging and alternative fuelling stations,47,127
2021,Saskatchewan,Electric,47,53
2022,Saskatchewan,Total electric charging and alternative fuelling stations,47,173
2022,Saskatchewan,Compressed natural gas,47,1
2022,Saskatchewan,Electric,47,98
2023,Saskatchewan,Total electric charging and alternative fuelling stations,47,214
2023,Saskatchewan,Electric,47,139
2024,Saskatchewan,Total electric charging and alternative fuelling stations,47,256
2024,Saskatchewan,Electric,47,181
2025,Saskatchewan,Total electric charging and alternative fuelling stations,47,269
2025,Saskatchewan,Electric,47,194
2019,Yukon,Total electric charging and alternative fuelling stations,60,3
2019,Yukon,Electric,60,1
2019,Yukon,Propane,60,2
2020,Yukon,Total electric charging and alternative fuelling stations,60,6
2020,Yukon,Electric,60,4
2022,Yukon,Total electric charging and alternative fuelling stations,60,13
2022,Yukon,Electric,60,11
2023,Yukon,Total electric charging and alternative fuelling stations,60,39
2023,Yukon,Electric,60,37
2024,Yukon,Total electric charging and alternative fuelling stations,60,42
2024,Yukon,Electric,60,40
