Year,Géographie,Sources des déchets à des fins d'élimination,Value
2002,Alberta,Toutes les sources de déchets à des fins d'élimination,923.9
2004,Alberta,Toutes les sources de déchets à des fins d'élimination,950.2
2006,Alberta,Toutes les sources de déchets à des fins d'élimination,1116.5
2008,Alberta,Toutes les sources de déchets à des fins d'élimination,1153.4
2010,Alberta,Toutes les sources de déchets à des fins d'élimination,1049.7
2012,Alberta,Toutes les sources de déchets à des fins d'élimination,1010.2
2014,Alberta,Toutes les sources de déchets à des fins d'élimination,1003.4
2016,Alberta,Toutes les sources de déchets à des fins d'élimination,1002.5
2018,Alberta,Toutes les sources de déchets à des fins d'élimination,958.1
2002,Alberta,Sources de déchets résidentielles à des fins d'élimination,646.9
2004,Alberta,Sources de déchets résidentielles à des fins d'élimination,658.9
2006,Alberta,Sources de déchets résidentielles à des fins d'élimination,831.9
2008,Alberta,Sources de déchets résidentielles à des fins d'élimination,877.0
2010,Alberta,Sources de déchets résidentielles à des fins d'élimination,756.8
2012,Alberta,Sources de déchets résidentielles à des fins d'élimination,706.6
2014,Alberta,Sources de déchets résidentielles à des fins d'élimination,702.1
2016,Alberta,Sources de déchets résidentielles à des fins d'élimination,692.7
2018,Alberta,Sources de déchets résidentielles à des fins d'élimination,647.1
2002,Alberta,Sources de déchets non résidentielles à des fins d'élimination,276.9
2004,Alberta,Sources de déchets non résidentielles à des fins d'élimination,291.3
2006,Alberta,Sources de déchets non résidentielles à des fins d'élimination,284.6
2008,Alberta,Sources de déchets non résidentielles à des fins d'élimination,276.4
2010,Alberta,Sources de déchets non résidentielles à des fins d'élimination,292.9
2012,Alberta,Sources de déchets non résidentielles à des fins d'élimination,303.6
2014,Alberta,Sources de déchets non résidentielles à des fins d'élimination,301.4
2016,Alberta,Sources de déchets non résidentielles à des fins d'élimination,309.8
2018,Alberta,Sources de déchets non résidentielles à des fins d'élimination,311.0
2002,Colombie-Britannique,Toutes les sources de déchets à des fins d'élimination,655.5
2004,Colombie-Britannique,Toutes les sources de déchets à des fins d'élimination,666.0
2006,Colombie-Britannique,Toutes les sources de déchets à des fins d'élimination,687.7
2008,Colombie-Britannique,Toutes les sources de déchets à des fins d'élimination,646.4
2010,Colombie-Britannique,Toutes les sources de déchets à des fins d'élimination,595.3
2012,Colombie-Britannique,Toutes les sources de déchets à des fins d'élimination,570.2
2014,Colombie-Britannique,Toutes les sources de déchets à des fins d'élimination,578.1
2016,Colombie-Britannique,Toutes les sources de déchets à des fins d'élimination,538.0
2018,Colombie-Britannique,Toutes les sources de déchets à des fins d'élimination,542.8
2002,Colombie-Britannique,Sources de déchets résidentielles à des fins d'élimination,428.9
2004,Colombie-Britannique,Sources de déchets résidentielles à des fins d'élimination,444.8
2006,Colombie-Britannique,Sources de déchets résidentielles à des fins d'élimination,462.1
2008,Colombie-Britannique,Sources de déchets résidentielles à des fins d'élimination,425.6
2010,Colombie-Britannique,Sources de déchets résidentielles à des fins d'élimination,381.7
2012,Colombie-Britannique,Sources de déchets résidentielles à des fins d'élimination,362.8
2014,Colombie-Britannique,Sources de déchets résidentielles à des fins d'élimination,378.1
2016,Colombie-Britannique,Sources de déchets résidentielles à des fins d'élimination,346.7
2018,Colombie-Britannique,Sources de déchets résidentielles à des fins d'élimination,344.6
2002,Colombie-Britannique,Sources de déchets non résidentielles à des fins d'élimination,226.6
2004,Colombie-Britannique,Sources de déchets non résidentielles à des fins d'élimination,221.2
2006,Colombie-Britannique,Sources de déchets non résidentielles à des fins d'élimination,225.6
2008,Colombie-Britannique,Sources de déchets non résidentielles à des fins d'élimination,220.8
2010,Colombie-Britannique,Sources de déchets non résidentielles à des fins d'élimination,213.6
2012,Colombie-Britannique,Sources de déchets non résidentielles à des fins d'élimination,207.5
2014,Colombie-Britannique,Sources de déchets non résidentielles à des fins d'élimination,200.0
2016,Colombie-Britannique,Sources de déchets non résidentielles à des fins d'élimination,191.3
2018,Colombie-Britannique,Sources de déchets non résidentielles à des fins d'élimination,198.3
2002,,,767.9
2004,,,789.8
2006,,,811.1
2008,,,779.8
2010,,,733.8
2012,,,711.0
2014,,,698.9
2016,,,690.7
2018,,,694.3
2002,Canada,Sources de déchets résidentielles à des fins d'élimination,498.6
2004,Canada,Sources de déchets résidentielles à des fins d'élimination,509.2
2006,Canada,Sources de déchets résidentielles à des fins d'élimination,511.8
2008,Canada,Sources de déchets résidentielles à des fins d'élimination,498.3
2010,Canada,Sources de déchets résidentielles à des fins d'élimination,455.9
2012,Canada,Sources de déchets résidentielles à des fins d'élimination,432.0
2014,Canada,Sources de déchets résidentielles à des fins d'élimination,422.2
2016,Canada,Sources de déchets résidentielles à des fins d'élimination,407.5
2018,Canada,Sources de déchets résidentielles à des fins d'élimination,401.6
2002,Canada,Sources de déchets non résidentielles à des fins d'élimination,269.3
2004,Canada,Sources de déchets non résidentielles à des fins d'élimination,280.6
2006,Canada,Sources de déchets non résidentielles à des fins d'élimination,299.3
2008,Canada,Sources de déchets non résidentielles à des fins d'élimination,281.5
2010,Canada,Sources de déchets non résidentielles à des fins d'élimination,277.8
2012,Canada,Sources de déchets non résidentielles à des fins d'élimination,279.0
2014,Canada,Sources de déchets non résidentielles à des fins d'élimination,276.6
2016,Canada,Sources de déchets non résidentielles à des fins d'élimination,283.2
2018,Canada,Sources de déchets non résidentielles à des fins d'élimination,292.7
2002,Manitoba,Toutes les sources de déchets à des fins d'élimination,775.1
2004,Manitoba,Toutes les sources de déchets à des fins d'élimination,791.1
2006,Manitoba,Toutes les sources de déchets à des fins d'élimination,764.0
2008,Manitoba,Toutes les sources de déchets à des fins d'élimination,789.3
2010,Manitoba,Toutes les sources de déchets à des fins d'élimination,835.9
2012,Manitoba,Toutes les sources de déchets à des fins d'élimination,814.1
2014,Manitoba,Toutes les sources de déchets à des fins d'élimination,774.2
2016,Manitoba,Toutes les sources de déchets à des fins d'élimination,737.6
2018,Manitoba,Toutes les sources de déchets à des fins d'élimination,712.0
2002,Manitoba,Sources de déchets résidentielles à des fins d'élimination,418.4
2004,Manitoba,Sources de déchets résidentielles à des fins d'élimination,407.0
2006,Manitoba,Sources de déchets résidentielles à des fins d'élimination,404.7
2008,Manitoba,Sources de déchets résidentielles à des fins d'élimination,455.1
2010,Manitoba,Sources de déchets résidentielles à des fins d'élimination,464.2
2012,Manitoba,Sources de déchets résidentielles à des fins d'élimination,458.8
2014,Manitoba,Sources de déchets résidentielles à des fins d'élimination,513.9
2016,Manitoba,Sources de déchets résidentielles à des fins d'élimination,502.8
2018,Manitoba,Sources de déchets résidentielles à des fins d'élimination,465.3
2002,Manitoba,Sources de déchets non résidentielles à des fins d'élimination,356.7
2004,Manitoba,Sources de déchets non résidentielles à des fins d'élimination,384.1
2006,Manitoba,Sources de déchets non résidentielles à des fins d'élimination,359.3
2008,Manitoba,Sources de déchets non résidentielles à des fins d'élimination,334.2
2010,Manitoba,Sources de déchets non résidentielles à des fins d'élimination,371.7
2012,Manitoba,Sources de déchets non résidentielles à des fins d'élimination,355.4
2014,Manitoba,Sources de déchets non résidentielles à des fins d'élimination,260.4
2016,Manitoba,Sources de déchets non résidentielles à des fins d'élimination,234.8
2018,Manitoba,Sources de déchets non résidentielles à des fins d'élimination,246.7
2002,Nouveau-Brunswick,Toutes les sources de déchets à des fins d'élimination,551.9
2004,Nouveau-Brunswick,Toutes les sources de déchets à des fins d'élimination,590.0
2006,Nouveau-Brunswick,Toutes les sources de déchets à des fins d'élimination,686.3
2008,Nouveau-Brunswick,Toutes les sources de déchets à des fins d'élimination,642.0
2010,Nouveau-Brunswick,Toutes les sources de déchets à des fins d'élimination,631.1
2012,Nouveau-Brunswick,Toutes les sources de déchets à des fins d'élimination,650.0
2014,Nouveau-Brunswick,Toutes les sources de déchets à des fins d'élimination,669.5
2016,Nouveau-Brunswick,Toutes les sources de déchets à des fins d'élimination,659.1
2018,Nouveau-Brunswick,Toutes les sources de déchets à des fins d'élimination,659.3
2002,Nouveau-Brunswick,Sources de déchets résidentielles à des fins d'élimination,280.4
2004,Nouveau-Brunswick,Sources de déchets résidentielles à des fins d'élimination,312.3
2006,Nouveau-Brunswick,Sources de déchets résidentielles à des fins d'élimination,332.8
2008,Nouveau-Brunswick,Sources de déchets résidentielles à des fins d'élimination,329.0
2010,Nouveau-Brunswick,Sources de déchets résidentielles à des fins d'élimination,339.7
2012,Nouveau-Brunswick,Sources de déchets résidentielles à des fins d'élimination,365.5
2014,Nouveau-Brunswick,Sources de déchets résidentielles à des fins d'élimination,360.5
2016,Nouveau-Brunswick,Sources de déchets résidentielles à des fins d'élimination,363.2
2018,Nouveau-Brunswick,Sources de déchets résidentielles à des fins d'élimination,370.9
2002,Nouveau-Brunswick,Sources de déchets non résidentielles à des fins d'élimination,271.6
2004,Nouveau-Brunswick,Sources de déchets non résidentielles à des fins d'élimination,277.7
2006,Nouveau-Brunswick,Sources de déchets non résidentielles à des fins d'élimination,353.5
2008,Nouveau-Brunswick,Sources de déchets non résidentielles à des fins d'élimination,312.9
2010,Nouveau-Brunswick,Sources de déchets non résidentielles à des fins d'élimination,291.5
2012,Nouveau-Brunswick,Sources de déchets non résidentielles à des fins d'élimination,284.5
2014,Nouveau-Brunswick,Sources de déchets non résidentielles à des fins d'élimination,309.0
2016,Nouveau-Brunswick,Sources de déchets non résidentielles à des fins d'élimination,295.9
2018,Nouveau-Brunswick,Sources de déchets non résidentielles à des fins d'élimination,288.3
2002,Terre-Neuve-et-Labrador,Toutes les sources de déchets à des fins d'élimination,724.9
2004,Terre-Neuve-et-Labrador,Toutes les sources de déchets à des fins d'élimination,773.2
2006,Terre-Neuve-et-Labrador,Toutes les sources de déchets à des fins d'élimination,839.8
2008,Terre-Neuve-et-Labrador,Toutes les sources de déchets à des fins d'élimination,780.3
2010,Terre-Neuve-et-Labrador,Toutes les sources de déchets à des fins d'élimination,755.2
2012,Terre-Neuve-et-Labrador,Toutes les sources de déchets à des fins d'élimination,743.9
2014,Terre-Neuve-et-Labrador,Toutes les sources de déchets à des fins d'élimination,786.0
2016,Terre-Neuve-et-Labrador,Toutes les sources de déchets à des fins d'élimination,746.7
2018,Terre-Neuve-et-Labrador,Toutes les sources de déchets à des fins d'élimination,711.0
2002,Terre-Neuve-et-Labrador,Sources de déchets résidentielles à des fins d'élimination,308.7
2004,Terre-Neuve-et-Labrador,Sources de déchets résidentielles à des fins d'élimination,332.5
2006,Terre-Neuve-et-Labrador,Sources de déchets résidentielles à des fins d'élimination,394.0
2008,Terre-Neuve-et-Labrador,Sources de déchets résidentielles à des fins d'élimination,367.9
2018,Terre-Neuve-et-Labrador,Sources de déchets résidentielles à des fins d'élimination,409.2
2002,Terre-Neuve-et-Labrador,Sources de déchets non résidentielles à des fins d'élimination,416.2
2004,Terre-Neuve-et-Labrador,Sources de déchets non résidentielles à des fins d'élimination,440.7
2006,Terre-Neuve-et-Labrador,Sources de déchets non résidentielles à des fins d'élimination,445.8
2008,Terre-Neuve-et-Labrador,Sources de déchets non résidentielles à des fins d'élimination,412.4
2018,Terre-Neuve-et-Labrador,Sources de déchets non résidentielles à des fins d'élimination,301.8
2002,Nouvelle-Écosse,Toutes les sources de déchets à des fins d'élimination,416.2
2004,Nouvelle-Écosse,Toutes les sources de déchets à des fins d'élimination,425.6
2006,Nouvelle-Écosse,Toutes les sources de déchets à des fins d'élimination,382.9
2008,Nouvelle-Écosse,Toutes les sources de déchets à des fins d'élimination,378.5
2010,Nouvelle-Écosse,Toutes les sources de déchets à des fins d'élimination,389.8
2012,Nouvelle-Écosse,Toutes les sources de déchets à des fins d'élimination,386.9
2014,Nouvelle-Écosse,Toutes les sources de déchets à des fins d'élimination,388.0
2016,Nouvelle-Écosse,Toutes les sources de déchets à des fins d'élimination,398.0
2018,Nouvelle-Écosse,Toutes les sources de déchets à des fins d'élimination,409.4
2002,Nouvelle-Écosse,Sources de déchets résidentielles à des fins d'élimination,234.8
2004,Nouvelle-Écosse,Sources de déchets résidentielles à des fins d'élimination,234.9
2006,Nouvelle-Écosse,Sources de déchets résidentielles à des fins d'élimination,202.3
2008,Nouvelle-Écosse,Sources de déchets résidentielles à des fins d'élimination,220.3
2010,Nouvelle-Écosse,Sources de déchets résidentielles à des fins d'élimination,235.3
2012,Nouvelle-Écosse,Sources de déchets résidentielles à des fins d'élimination,232.6
2014,Nouvelle-Écosse,Sources de déchets résidentielles à des fins d'élimination,216.7
2016,Nouvelle-Écosse,Sources de déchets résidentielles à des fins d'élimination,217.9
2018,Nouvelle-Écosse,Sources de déchets résidentielles à des fins d'élimination,245.5
2002,Nouvelle-Écosse,Sources de déchets non résidentielles à des fins d'élimination,181.4
2004,Nouvelle-Écosse,Sources de déchets non résidentielles à des fins d'élimination,190.8
2006,Nouvelle-Écosse,Sources de déchets non résidentielles à des fins d'élimination,180.6
2008,Nouvelle-Écosse,Sources de déchets non résidentielles à des fins d'élimination,158.2
2010,Nouvelle-Écosse,Sources de déchets non résidentielles à des fins d'élimination,154.5
2012,Nouvelle-Écosse,Sources de déchets non résidentielles à des fins d'élimination,154.3
2014,Nouvelle-Écosse,Sources de déchets non résidentielles à des fins d'élimination,171.3
2016,Nouvelle-Écosse,Sources de déchets non résidentielles à des fins d'élimination,180.1
2018,Nouvelle-Écosse,Sources de déchets non résidentielles à des fins d'élimination,163.9
2002,Ontario,Toutes les sources de déchets à des fins d'élimination,797.5
2004,Ontario,Toutes les sources de déchets à des fins d'élimination,791.6
2006,Ontario,Toutes les sources de déchets à des fins d'élimination,766.9
2008,Ontario,Toutes les sources de déchets à des fins d'élimination,747.6
2010,Ontario,Toutes les sources de déchets à des fins d'élimination,704.0
2012,Ontario,Toutes les sources de déchets à des fins d'élimination,687.7
2014,Ontario,Toutes les sources de déchets à des fins d'élimination,673.1
2016,Ontario,Toutes les sources de déchets à des fins d'élimination,682.9
2018,Ontario,Toutes les sources de déchets à des fins d'élimination,704.9
2002,Ontario,Sources de déchets résidentielles à des fins d'élimination,513.2
2004,Ontario,Sources de déchets résidentielles à des fins d'élimination,510.0
2006,Ontario,Sources de déchets résidentielles à des fins d'élimination,497.5
2008,Ontario,Sources de déchets résidentielles à des fins d'élimination,496.8
2010,Ontario,Sources de déchets résidentielles à des fins d'élimination,460.1
2012,Ontario,Sources de déchets résidentielles à des fins d'élimination,434.7
2014,Ontario,Sources de déchets résidentielles à des fins d'élimination,416.7
2016,Ontario,Sources de déchets résidentielles à des fins d'élimination,416.0
2018,Ontario,Sources de déchets résidentielles à des fins d'élimination,426.7
2002,Ontario,Sources de déchets non résidentielles à des fins d'élimination,284.3
2004,Ontario,Sources de déchets non résidentielles à des fins d'élimination,281.6
2006,Ontario,Sources de déchets non résidentielles à des fins d'élimination,269.4
2008,Ontario,Sources de déchets non résidentielles à des fins d'élimination,250.8
2010,Ontario,Sources de déchets non résidentielles à des fins d'élimination,243.9
2012,Ontario,Sources de déchets non résidentielles à des fins d'élimination,253.1
2014,Ontario,Sources de déchets non résidentielles à des fins d'élimination,256.3
2016,Ontario,Sources de déchets non résidentielles à des fins d'élimination,266.9
2018,Ontario,Sources de déchets non résidentielles à des fins d'élimination,278.2
2018,Île-du-Prince-Édouard,Toutes les sources de déchets à des fins d'élimination,351.8
2018,Île-du-Prince-Édouard,Sources de déchets résidentielles à des fins d'élimination,217.9
2018,Île-du-Prince-Édouard,Sources de déchets non résidentielles à des fins d'élimination,133.9
2002,Québec,Toutes les sources de déchets à des fins d'élimination,785.6
2004,Québec,Toutes les sources de déchets à des fins d'élimination,856.5
2006,Québec,Toutes les sources de déchets à des fins d'élimination,892.1
2008,Québec,Toutes les sources de déchets à des fins d'élimination,791.9
2010,Québec,Toutes les sources de déchets à des fins d'élimination,730.9
2012,Québec,Toutes les sources de déchets à des fins d'élimination,692.8
2014,Québec,Toutes les sources de déchets à des fins d'élimination,664.3
2016,Québec,Toutes les sources de déchets à des fins d'élimination,651.1
2018,Québec,Toutes les sources de déchets à des fins d'élimination,662.1
2002,Québec,Sources de déchets résidentielles à des fins d'élimination,533.6
2004,Québec,Sources de déchets résidentielles à des fins d'élimination,563.3
2006,Québec,Sources de déchets résidentielles à des fins d'élimination,501.6
2008,Québec,Sources de déchets résidentielles à des fins d'élimination,424.8
2010,Québec,Sources de déchets résidentielles à des fins d'élimination,371.1
2012,Québec,Sources de déchets résidentielles à des fins d'élimination,345.0
2014,Québec,Sources de déchets résidentielles à des fins d'élimination,316.9
2016,Québec,Sources de déchets résidentielles à des fins d'élimination,285.2
2018,Québec,Sources de déchets résidentielles à des fins d'élimination,277.5
2002,Québec,Sources de déchets non résidentielles à des fins d'élimination,252.0
2004,Québec,Sources de déchets non résidentielles à des fins d'élimination,293.1
2006,Québec,Sources de déchets non résidentielles à des fins d'élimination,390.5
2008,Québec,Sources de déchets non résidentielles à des fins d'élimination,367.0
2010,Québec,Sources de déchets non résidentielles à des fins d'élimination,359.8
2012,Québec,Sources de déchets non résidentielles à des fins d'élimination,347.8
2014,Québec,Sources de déchets non résidentielles à des fins d'élimination,347.4
2016,Québec,Sources de déchets non résidentielles à des fins d'élimination,365.9
2018,Québec,Sources de déchets non résidentielles à des fins d'élimination,384.6
2002,Saskatchewan,Toutes les sources de déchets à des fins d'élimination,797.7
2004,Saskatchewan,Toutes les sources de déchets à des fins d'élimination,797.1
2006,Saskatchewan,Toutes les sources de déchets à des fins d'élimination,840.2
2008,Saskatchewan,Toutes les sources de déchets à des fins d'élimination,887.5
2010,Saskatchewan,Toutes les sources de déchets à des fins d'élimination,891.4
2012,Saskatchewan,Toutes les sources de déchets à des fins d'élimination,883.7
2014,Saskatchewan,Toutes les sources de déchets à des fins d'élimination,845.1
2016,Saskatchewan,Toutes les sources de déchets à des fins d'élimination,790.9
2018,Saskatchewan,Toutes les sources de déchets à des fins d'élimination,744.3
2002,Saskatchewan,Sources de déchets résidentielles à des fins d'élimination,518.1
2004,Saskatchewan,Sources de déchets résidentielles à des fins d'élimination,516.9
2006,Saskatchewan,Sources de déchets résidentielles à des fins d'élimination,541.9
2008,Saskatchewan,Sources de déchets résidentielles à des fins d'élimination,602.7
2010,Saskatchewan,Sources de déchets résidentielles à des fins d'élimination,621.6
2012,Saskatchewan,Sources de déchets résidentielles à des fins d'élimination,592.1
2014,Saskatchewan,Sources de déchets résidentielles à des fins d'élimination,547.3
2016,Saskatchewan,Sources de déchets résidentielles à des fins d'élimination,488.5
2018,Saskatchewan,Sources de déchets résidentielles à des fins d'élimination,416.2
2002,Saskatchewan,Sources de déchets non résidentielles à des fins d'élimination,279.6
2004,Saskatchewan,Sources de déchets non résidentielles à des fins d'élimination,280.2
2006,Saskatchewan,Sources de déchets non résidentielles à des fins d'élimination,298.4
2008,Saskatchewan,Sources de déchets non résidentielles à des fins d'élimination,284.8
2010,Saskatchewan,Sources de déchets non résidentielles à des fins d'élimination,269.8
2012,Saskatchewan,Sources de déchets non résidentielles à des fins d'élimination,291.6
2014,Saskatchewan,Sources de déchets non résidentielles à des fins d'élimination,297.8
2016,Saskatchewan,Sources de déchets non résidentielles à des fins d'élimination,302.4
2018,Saskatchewan,Sources de déchets non résidentielles à des fins d'élimination,328.1
2018,"data.Yukon, Northwest Territories and Nunavut",Toutes les sources de déchets à des fins d'élimination,731.3
2018,"data.Yukon, Northwest Territories and Nunavut",Sources de déchets résidentielles à des fins d'élimination,467.7
2018,"data.Yukon, Northwest Territories and Nunavut",Sources de déchets non résidentielles à des fins d'élimination,263.6
