Year,Géographie,Type de matières récupérées,Sources des matières préparées en vue du recyclage,GeoCode,Value
2018,Alberta,Toutes les matières,Toutes les sources des matières récupérées,48,216.5664133
2020,Alberta,Toutes les matières,Toutes les sources des matières récupérées,48,214.7299715
2020,Colombie-Britannique,Toutes les matières,Toutes les sources des matières récupérées,59,357.9662089
2018,Colombie-Britannique,Toutes les matières,Toutes les sources des matières récupérées,59,347.8132617
2018,Manitoba,Toutes les matières,Toutes les sources des matières récupérées,46,163.8770721
2020,Manitoba,Toutes les matières,Toutes les sources des matières récupérées,46,160.1615493
2018,Nouveau-Brunswick,Toutes les matières,Toutes les sources des matières récupérées,13,212.5662566
2020,Nouveau-Brunswick,Toutes les matières,Toutes les sources des matières récupérées,13,212.2348007
2020,Terre-Neuve-et-Labrador,Toutes les matières,Toutes les sources des matières récupérées,10,90.69182655
2018,Terre-Neuve-et-Labrador,Toutes les matières,Toutes les sources des matières récupérées,10,79.41814446
2018,Nouvelle-Écosse,Toutes les matières,Toutes les sources des matières récupérées,12,330.4319881
2020,Nouvelle-Écosse,Toutes les matières,Toutes les sources des matières récupérées,12,309.9865436
2020,Ontario,Toutes les matières,Toutes les sources des matières récupérées,35,235.3255346
2018,Ontario,Toutes les matières,Toutes les sources des matières récupérées,35,233.5106404
2018,Île-du-Prince-Édouard,Toutes les matières,Toutes les sources des matières récupérées,11,370.250854
2020,Île-du-Prince-Édouard,Toutes les matières,Toutes les sources des matières récupérées,11,357.9678249
2020,Québec,Toutes les matières,Toutes les sources des matières récupérées,24,305.0081064
2018,Québec,Toutes les matières,Toutes les sources des matières récupérées,24,298.9552876
2020,Saskatchewan,Toutes les matières,Toutes les sources des matières récupérées,47,171.7986163
2018,Saskatchewan,Toutes les matières,Toutes les sources des matières récupérées,47,167.591264
2018,Territoires,Toutes les matières,Toutes les sources des matières récupérées,,237.1262425
2020,Territoires,Toutes les matières,Toutes les sources des matières récupérées,,227.5275133
2020,Alberta,Toutes les fibres cellulosiques,Toutes les sources des matières récupérées,48,60.97903358
2018,Alberta,Toutes les fibres cellulosiques,Toutes les sources des matières récupérées,48,59.3156557
2020,Alberta,Toutes les fibres cellulosiques,Sources des matières non résidentielles récupérées,48,49.80865727
2018,Alberta,Toutes les fibres cellulosiques,Sources des matières résidentielles récupérées,48,32.59377308
2018,Alberta,Toutes les fibres cellulosiques,Sources des matières non résidentielles récupérées,48,26.72188262
2020,Alberta,Toutes les fibres cellulosiques,Sources des matières résidentielles récupérées,48,11.17037631
2018,Colombie-Britannique,Toutes les fibres cellulosiques,Toutes les sources des matières récupérées,59,110.4877062
2020,Colombie-Britannique,Toutes les fibres cellulosiques,Toutes les sources des matières récupérées,59,108.6809317
2018,Colombie-Britannique,Toutes les fibres cellulosiques,Sources des matières non résidentielles récupérées,59,86.54048039
2020,Colombie-Britannique,Toutes les fibres cellulosiques,Sources des matières non résidentielles récupérées,59,71.24126781
2020,Colombie-Britannique,Toutes les fibres cellulosiques,Sources des matières résidentielles récupérées,59,37.43966389
2018,Colombie-Britannique,Toutes les fibres cellulosiques,Sources des matières résidentielles récupérées,59,23.94722577
2018,Canada,Toutes les fibres cellulosiques,Toutes les sources des matières récupérées,,94.95969306
2020,Canada,Toutes les fibres cellulosiques,Toutes les sources des matières récupérées,,92.15848927
2018,Canada,Toutes les fibres cellulosiques,Sources des matières non résidentielles récupérées,,53.49050335
2020,Canada,Toutes les fibres cellulosiques,Sources des matières non résidentielles récupérées,,51.42859112
2018,Canada,Toutes les fibres cellulosiques,Sources des matières résidentielles récupérées,,41.46918971
2020,Canada,Toutes les fibres cellulosiques,Sources des matières résidentielles récupérées,,40.72989815
2018,Manitoba,Toutes les fibres cellulosiques,Toutes les sources des matières récupérées,46,64.80069484
2020,Manitoba,Toutes les fibres cellulosiques,Toutes les sources des matières récupérées,46,59.68455411
2018,Manitoba,Toutes les fibres cellulosiques,Sources des matières résidentielles récupérées,46,39.68288581
2020,Manitoba,Toutes les fibres cellulosiques,Sources des matières non résidentielles récupérées,46,31.15470241
2020,Manitoba,Toutes les fibres cellulosiques,Sources des matières résidentielles récupérées,46,28.5298517
2018,Manitoba,Toutes les fibres cellulosiques,Sources des matières non résidentielles récupérées,46,25.11780903
2020,Nouveau-Brunswick,Toutes les fibres cellulosiques,Toutes les sources des matières récupérées,13,45.31696203
2018,Nouveau-Brunswick,Toutes les fibres cellulosiques,Toutes les sources des matières récupérées,13,36.5052103
2020,Nouveau-Brunswick,Toutes les fibres cellulosiques,Sources des matières résidentielles récupérées,13,23.14060353
2020,Nouveau-Brunswick,Toutes les fibres cellulosiques,Sources des matières non résidentielles récupérées,13,22.1763585
2018,Nouveau-Brunswick,Toutes les fibres cellulosiques,Sources des matières résidentielles récupérées,13,21.3734631
2018,Nouveau-Brunswick,Toutes les fibres cellulosiques,Sources des matières non résidentielles récupérées,13,15.1317472
2018,Terre-Neuve-et-Labrador,Toutes les fibres cellulosiques,Toutes les sources des matières récupérées,10,54.56846031
2020,Terre-Neuve-et-Labrador,Toutes les fibres cellulosiques,Toutes les sources des matières récupérées,10,53.39315136
2018,Terre-Neuve-et-Labrador,Toutes les fibres cellulosiques,Sources des matières non résidentielles récupérées,10,28.97480782
2020,Terre-Neuve-et-Labrador,Toutes les fibres cellulosiques,Sources des matières résidentielles récupérées,10,27.59327066
2020,Terre-Neuve-et-Labrador,Toutes les fibres cellulosiques,Sources des matières non résidentielles récupérées,10,25.7998807
2018,Terre-Neuve-et-Labrador,Toutes les fibres cellulosiques,Sources des matières résidentielles récupérées,10,25.59365248
2018,Nouvelle-Écosse,Toutes les fibres cellulosiques,Toutes les sources des matières récupérées,12,76.65018792
2020,Nouvelle-Écosse,Toutes les fibres cellulosiques,Toutes les sources des matières récupérées,12,72.53606277
2020,Nouvelle-Écosse,Toutes les fibres cellulosiques,Sources des matières résidentielles récupérées,12,44.39075025
2018,Nouvelle-Écosse,Toutes les fibres cellulosiques,Sources des matières résidentielles récupérées,12,41.59928047
2018,Nouvelle-Écosse,Toutes les fibres cellulosiques,Sources des matières non résidentielles récupérées,12,35.05090744
2020,Nouvelle-Écosse,Toutes les fibres cellulosiques,Sources des matières non résidentielles récupérées,12,28.14531253
2018,Ontario,Toutes les fibres cellulosiques,Toutes les sources des matières récupérées,35,92.16213049
2020,Ontario,Toutes les fibres cellulosiques,Toutes les sources des matières récupérées,35,90.90975146
2018,Ontario,Toutes les fibres cellulosiques,Sources des matières non résidentielles récupérées,35,51.49245945
2020,Ontario,Toutes les fibres cellulosiques,Sources des matières non résidentielles récupérées,35,47.66453561
2020,Ontario,Toutes les fibres cellulosiques,Sources des matières résidentielles récupérées,35,43.24521585
2018,Ontario,Toutes les fibres cellulosiques,Sources des matières résidentielles récupérées,35,40.66967104
2020,Île-du-Prince-Édouard,Toutes les fibres cellulosiques,Toutes les sources des matières récupérées,11,85.28563901
2018,Île-du-Prince-Édouard,Toutes les fibres cellulosiques,Toutes les sources des matières récupérées,11,79.62397976
2020,Île-du-Prince-Édouard,Toutes les fibres cellulosiques,Sources des matières non résidentielles récupérées,11,52.87498838
2018,Île-du-Prince-Édouard,Toutes les fibres cellulosiques,Sources des matières non résidentielles récupérées,11,49.36895356
2020,Île-du-Prince-Édouard,Toutes les fibres cellulosiques,Sources des matières résidentielles récupérées,11,32.41065063
2018,Île-du-Prince-Édouard,Toutes les fibres cellulosiques,Sources des matières résidentielles récupérées,11,30.25502621
2018,Québec,Toutes les fibres cellulosiques,Toutes les sources des matières récupérées,24,130.9252919
2020,Québec,Toutes les fibres cellulosiques,Toutes les sources des matières récupérées,24,122.4817075
2018,Québec,Toutes les fibres cellulosiques,Sources des matières non résidentielles récupérées,24,68.20017477
2020,Québec,Toutes les fibres cellulosiques,Sources des matières non résidentielles récupérées,24,62.9240392
2018,Québec,Toutes les fibres cellulosiques,Sources des matières résidentielles récupérées,24,62.72511711
2020,Québec,Toutes les fibres cellulosiques,Sources des matières résidentielles récupérées,24,59.55766828
2018,Saskatchewan,Toutes les fibres cellulosiques,Toutes les sources des matières récupérées,47,49.38942146
2020,Saskatchewan,Toutes les fibres cellulosiques,Toutes les sources des matières récupérées,47,40.57559524
2018,Saskatchewan,Toutes les fibres cellulosiques,Sources des matières résidentielles récupérées,47,32.54266992
2020,Saskatchewan,Toutes les fibres cellulosiques,Sources des matières résidentielles récupérées,47,29.88119311
2018,Saskatchewan,Toutes les fibres cellulosiques,Sources des matières non résidentielles récupérées,47,16.84675154
2020,Saskatchewan,Toutes les fibres cellulosiques,Sources des matières non résidentielles récupérées,47,10.69440213
2020,Territoires,Toutes les fibres cellulosiques,Toutes les sources des matières récupérées,,42.4581182
2018,Territoires,Toutes les fibres cellulosiques,Toutes les sources des matières récupérées,,39.63022573
2020,Territoires,Toutes les fibres cellulosiques,Sources des matières non résidentielles récupérées,,25.50013421
2018,Territoires,Toutes les fibres cellulosiques,Sources des matières non résidentielles récupérées,,22.41938484
2018,Territoires,Toutes les fibres cellulosiques,Sources des matières résidentielles récupérées,,17.21084089
2020,Territoires,Toutes les fibres cellulosiques,Sources des matières résidentielles récupérées,,16.95798399
2018,Alberta,"Déchets provenant de la construction, de la rénovation et de la démolition",Toutes les sources des matières récupérées,48,16.52779313
2020,Alberta,"Déchets provenant de la construction, de la rénovation et de la démolition",Toutes les sources des matières récupérées,48,16.27556614
2020,Alberta,"Déchets provenant de la construction, de la rénovation et de la démolition",Sources des matières non résidentielles récupérées,48,13.82621615
2018,Alberta,"Déchets provenant de la construction, de la rénovation et de la démolition",Sources des matières non résidentielles récupérées,48,13.64105368
2018,Alberta,"Déchets provenant de la construction, de la rénovation et de la démolition",Sources des matières résidentielles récupérées,48,2.886739448
2020,Alberta,"Déchets provenant de la construction, de la rénovation et de la démolition",Sources des matières résidentielles récupérées,48,2.449349987
2020,Colombie-Britannique,"Déchets provenant de la construction, de la rénovation et de la démolition",Toutes les sources des matières récupérées,59,33.29263242
2020,Colombie-Britannique,"Déchets provenant de la construction, de la rénovation et de la démolition",Sources des matières non résidentielles récupérées,59,30.07102131
2018,Colombie-Britannique,"Déchets provenant de la construction, de la rénovation et de la démolition",Toutes les sources des matières récupérées,59,24.71641417
2018,Colombie-Britannique,"Déchets provenant de la construction, de la rénovation et de la démolition",Sources des matières non résidentielles récupérées,59,16.69981056
2018,Colombie-Britannique,"Déchets provenant de la construction, de la rénovation et de la démolition",Sources des matières résidentielles récupérées,59,8.016603612
2020,Colombie-Britannique,"Déchets provenant de la construction, de la rénovation et de la démolition",Sources des matières résidentielles récupérées,59,3.221611116
2020,Canada,"Déchets provenant de la construction, de la rénovation et de la démolition",Toutes les sources des matières récupérées,,19.74693404
2018,Canada,"Déchets provenant de la construction, de la rénovation et de la démolition",Toutes les sources des matières récupérées,,19.49141677
2020,Canada,"Déchets provenant de la construction, de la rénovation et de la démolition",Sources des matières non résidentielles récupérées,,16.46826285
2018,Canada,"Déchets provenant de la construction, de la rénovation et de la démolition",Sources des matières non résidentielles récupérées,,16.31791796
2020,Canada,"Déchets provenant de la construction, de la rénovation et de la démolition",Sources des matières résidentielles récupérées,,3.278671185
2018,Canada,"Déchets provenant de la construction, de la rénovation et de la démolition",Sources des matières résidentielles récupérées,,3.173498811
2018,Manitoba,"Déchets provenant de la construction, de la rénovation et de la démolition",Toutes les sources des matières récupérées,46,2.953818861
2018,Manitoba,"Déchets provenant de la construction, de la rénovation et de la démolition",Sources des matières résidentielles récupérées,46,1.910077061
2020,Manitoba,"Déchets provenant de la construction, de la rénovation et de la démolition",Toutes les sources des matières récupérées,46,1.514615679
2018,Manitoba,"Déchets provenant de la construction, de la rénovation et de la démolition",Sources des matières non résidentielles récupérées,46,1.0437418
2018,Nouveau-Brunswick,"Déchets provenant de la construction, de la rénovation et de la démolition",Toutes les sources des matières récupérées,13,14.04126439
2020,Nouveau-Brunswick,"Déchets provenant de la construction, de la rénovation et de la démolition",Toutes les sources des matières récupérées,13,13.77273958
2018,Nouveau-Brunswick,"Déchets provenant de la construction, de la rénovation et de la démolition",Sources des matières non résidentielles récupérées,13,13.21042034
2020,Nouveau-Brunswick,"Déchets provenant de la construction, de la rénovation et de la démolition",Sources des matières non résidentielles récupérées,13,9.896602281
2020,Nouveau-Brunswick,"Déchets provenant de la construction, de la rénovation et de la démolition",Sources des matières résidentielles récupérées,13,3.876137298
2018,Nouveau-Brunswick,"Déchets provenant de la construction, de la rénovation et de la démolition",Sources des matières résidentielles récupérées,13,0.830844047
2018,Terre-Neuve-et-Labrador,"Déchets provenant de la construction, de la rénovation et de la démolition",Toutes les sources des matières récupérées,10,0.0
2018,Terre-Neuve-et-Labrador,"Déchets provenant de la construction, de la rénovation et de la démolition",Sources des matières résidentielles récupérées,10,0.0
2018,Terre-Neuve-et-Labrador,"Déchets provenant de la construction, de la rénovation et de la démolition",Sources des matières non résidentielles récupérées,10,0.0
2018,Nouvelle-Écosse,"Déchets provenant de la construction, de la rénovation et de la démolition",Toutes les sources des matières récupérées,12,51.74633715
2020,Nouvelle-Écosse,"Déchets provenant de la construction, de la rénovation et de la démolition",Toutes les sources des matières récupérées,12,47.07081964
2018,Nouvelle-Écosse,"Déchets provenant de la construction, de la rénovation et de la démolition",Sources des matières non résidentielles récupérées,12,46.26327465
2018,Nouvelle-Écosse,"Déchets provenant de la construction, de la rénovation et de la démolition",Sources des matières résidentielles récupérées,12,5.484105901
2020,Ontario,"Déchets provenant de la construction, de la rénovation et de la démolition",Toutes les sources des matières récupérées,35,11.19684596
2018,Ontario,"Déchets provenant de la construction, de la rénovation et de la démolition",Toutes les sources des matières récupérées,35,10.92426515
2018,Ontario,"Déchets provenant de la construction, de la rénovation et de la démolition",Sources des matières non résidentielles récupérées,35,7.159212331
2020,Ontario,"Déchets provenant de la construction, de la rénovation et de la démolition",Sources des matières résidentielles récupérées,35,6.019751974
2020,Ontario,"Déchets provenant de la construction, de la rénovation et de la démolition",Sources des matières non résidentielles récupérées,35,5.17709399
2018,Ontario,"Déchets provenant de la construction, de la rénovation et de la démolition",Sources des matières résidentielles récupérées,35,3.765052821
2018,Île-du-Prince-Édouard,"Déchets provenant de la construction, de la rénovation et de la démolition",Toutes les sources des matières récupérées,11,0.0
2018,Île-du-Prince-Édouard,"Déchets provenant de la construction, de la rénovation et de la démolition",Sources des matières résidentielles récupérées,11,0.0
2018,Île-du-Prince-Édouard,"Déchets provenant de la construction, de la rénovation et de la démolition",Sources des matières non résidentielles récupérées,11,0.0
2020,Île-du-Prince-Édouard,"Déchets provenant de la construction, de la rénovation et de la démolition",Toutes les sources des matières récupérées,11,0.0
2020,Île-du-Prince-Édouard,"Déchets provenant de la construction, de la rénovation et de la démolition",Sources des matières résidentielles récupérées,11,0.0
2020,Île-du-Prince-Édouard,"Déchets provenant de la construction, de la rénovation et de la démolition",Sources des matières non résidentielles récupérées,11,0.0
2018,Québec,"Déchets provenant de la construction, de la rénovation et de la démolition",Toutes les sources des matières récupérées,24,35.11178282
2018,Québec,"Déchets provenant de la construction, de la rénovation et de la démolition",Sources des matières non résidentielles récupérées,24,35.11178282
2020,Québec,"Déchets provenant de la construction, de la rénovation et de la démolition",Toutes les sources des matières récupérées,24,31.24783204
2020,Québec,"Déchets provenant de la construction, de la rénovation et de la démolition",Sources des matières non résidentielles récupérées,24,31.24783204
2018,Québec,"Déchets provenant de la construction, de la rénovation et de la démolition",Sources des matières résidentielles récupérées,24,0.0
2020,Québec,"Déchets provenant de la construction, de la rénovation et de la démolition",Sources des matières résidentielles récupérées,24,0.0
2018,Saskatchewan,"Déchets provenant de la construction, de la rénovation et de la démolition",Toutes les sources des matières récupérées,47,3.431841324
2018,Territoires,"Déchets provenant de la construction, de la rénovation et de la démolition",Toutes les sources des matières récupérées,,63.6024684
2020,Territoires,"Déchets provenant de la construction, de la rénovation et de la démolition",Toutes les sources des matières récupérées,,59.02925805
2020,Territoires,"Déchets provenant de la construction, de la rénovation et de la démolition",Sources des matières non résidentielles récupérées,,50.55026605
2018,Territoires,"Déchets provenant de la construction, de la rénovation et de la démolition",Sources des matières non résidentielles récupérées,,47.7018513
2018,Territoires,"Déchets provenant de la construction, de la rénovation et de la démolition",Sources des matières résidentielles récupérées,,15.9006171
2020,Territoires,"Déchets provenant de la construction, de la rénovation et de la démolition",Sources des matières résidentielles récupérées,,8.478991995
2020,Alberta,Cuivre et aluminium,Toutes les sources des matières récupérées,48,4.497946649
2018,Alberta,Cuivre et aluminium,Toutes les sources des matières récupérées,48,4.057208997
2020,Alberta,Cuivre et aluminium,Sources des matières résidentielles récupérées,48,3.530025481
2018,Alberta,Cuivre et aluminium,Sources des matières résidentielles récupérées,48,3.011673288
2018,Alberta,Cuivre et aluminium,Sources des matières non résidentielles récupérées,48,1.045535709
2020,Alberta,Cuivre et aluminium,Sources des matières non résidentielles récupérées,48,0.967921168
2018,Colombie-Britannique,Cuivre et aluminium,Toutes les sources des matières récupérées,59,4.963600265
2018,Colombie-Britannique,Cuivre et aluminium,Sources des matières non résidentielles récupérées,59,4.274045021
2020,Colombie-Britannique,Cuivre et aluminium,Toutes les sources des matières récupérées,59,3.31452169
2020,Colombie-Britannique,Cuivre et aluminium,Sources des matières non résidentielles récupérées,59,2.17243931
2020,Colombie-Britannique,Cuivre et aluminium,Sources des matières résidentielles récupérées,59,1.141888412
2018,Colombie-Britannique,Cuivre et aluminium,Sources des matières résidentielles récupérées,59,0.689555244
2018,Canada,Cuivre et aluminium,Toutes les sources des matières récupérées,,3.562975872
2018,Canada,Cuivre et aluminium,Sources des matières non résidentielles récupérées,,2.464502711
2020,Canada,Cuivre et aluminium,Toutes les sources des matières récupérées,,2.021908184
2020,Canada,Cuivre et aluminium,Sources des matières résidentielles récupérées,,1.216823164
2018,Canada,Cuivre et aluminium,Sources des matières résidentielles récupérées,,1.098473161
2020,Canada,Cuivre et aluminium,Sources des matières non résidentielles récupérées,,0.80508502
2020,Manitoba,Cuivre et aluminium,Toutes les sources des matières récupérées,46,2.955312315
2018,Manitoba,Cuivre et aluminium,Toutes les sources des matières récupérées,46,1.90046754
2018,Manitoba,Cuivre et aluminium,Sources des matières résidentielles récupérées,46,1.631400957
2020,Manitoba,Cuivre et aluminium,Sources des matières non résidentielles récupérées,46,1.53708127
2020,Manitoba,Cuivre et aluminium,Sources des matières résidentielles récupérées,46,1.418231045
2018,Manitoba,Cuivre et aluminium,Sources des matières non résidentielles récupérées,46,0.269066583
2018,Nouveau-Brunswick,Cuivre et aluminium,Toutes les sources des matières récupérées,13,2.802800464
2018,Nouveau-Brunswick,Cuivre et aluminium,Sources des matières résidentielles récupérées,13,2.610667778
2018,Nouveau-Brunswick,Cuivre et aluminium,Sources des matières non résidentielles récupérées,13,0.192132686
2020,Terre-Neuve-et-Labrador,Cuivre et aluminium,Toutes les sources des matières récupérées,10,0.517877317
2018,Terre-Neuve-et-Labrador,Cuivre et aluminium,Toutes les sources des matières récupérées,10,0.201689626
2020,Nouvelle-Écosse,Cuivre et aluminium,Toutes les sources des matières récupérées,12,1.394532495
2020,Nouvelle-Écosse,Cuivre et aluminium,Sources des matières résidentielles récupérées,12,1.342581321
2018,Nouvelle-Écosse,Cuivre et aluminium,Toutes les sources des matières récupérées,12,0.474746611
2018,Nouvelle-Écosse,Cuivre et aluminium,Sources des matières résidentielles récupérées,12,0.442401237
2020,Nouvelle-Écosse,Cuivre et aluminium,Sources des matières non résidentielles récupérées,12,0.051951174
2018,Nouvelle-Écosse,Cuivre et aluminium,Sources des matières non résidentielles récupérées,12,0.032345373
2018,Ontario,Cuivre et aluminium,Toutes les sources des matières récupérées,35,1.543956099
2020,Ontario,Cuivre et aluminium,Toutes les sources des matières récupérées,35,1.473446121
2020,Ontario,Cuivre et aluminium,Sources des matières résidentielles récupérées,35,1.066615275
2018,Ontario,Cuivre et aluminium,Sources des matières résidentielles récupérées,35,0.828097765
2018,Ontario,Cuivre et aluminium,Sources des matières non résidentielles récupérées,35,0.715858334
2020,Ontario,Cuivre et aluminium,Sources des matières non résidentielles récupérées,35,0.406830847
2018,Île-du-Prince-Édouard,Cuivre et aluminium,Toutes les sources des matières récupérées,11,10.59349657
2020,Île-du-Prince-Édouard,Cuivre et aluminium,Toutes les sources des matières récupérées,11,9.24955829
2018,Île-du-Prince-Édouard,Cuivre et aluminium,Sources des matières non résidentielles récupérées,11,6.199640147
2020,Île-du-Prince-Édouard,Cuivre et aluminium,Sources des matières non résidentielles récupérées,11,5.269520474
2018,Île-du-Prince-Édouard,Cuivre et aluminium,Sources des matières résidentielles récupérées,11,4.393856424
2020,Île-du-Prince-Édouard,Cuivre et aluminium,Sources des matières résidentielles récupérées,11,3.980037817
2018,Québec,Cuivre et aluminium,Toutes les sources des matières récupérées,24,6.284414011
2018,Québec,Cuivre et aluminium,Sources des matières non résidentielles récupérées,24,6.284414011
2020,Québec,Cuivre et aluminium,Toutes les sources des matières récupérées,24,0.260243138
2020,Québec,Cuivre et aluminium,Sources des matières non résidentielles récupérées,24,0.260243138
2020,Québec,Cuivre et aluminium,Sources des matières résidentielles récupérées,24,0.0
2018,Saskatchewan,Cuivre et aluminium,Toutes les sources des matières récupérées,47,6.604594553
2020,Saskatchewan,Cuivre et aluminium,Toutes les sources des matières récupérées,47,6.018836336
2018,Saskatchewan,Cuivre et aluminium,Sources des matières résidentielles récupérées,47,5.834216327
2018,Saskatchewan,Cuivre et aluminium,Sources des matières non résidentielles récupérées,47,0.770378226
2018,Territoires,Cuivre et aluminium,Toutes les sources des matières récupérées,,2.199881918
2018,Territoires,Cuivre et aluminium,Sources des matières résidentielles récupérées,,2.175618515
2018,Territoires,Cuivre et aluminium,Sources des matières non résidentielles récupérées,,0.024263404
2018,Alberta,Matériel électronique,Toutes les sources des matières récupérées,48,2.35233902
2020,Alberta,Matériel électronique,Toutes les sources des matières récupérées,48,1.947163051
2018,Colombie-Britannique,Matériel électronique,Toutes les sources des matières récupérées,59,3.371535958
2020,Colombie-Britannique,Matériel électronique,Toutes les sources des matières récupérées,59,2.701583456
2018,Canada,Matériel électronique,Toutes les sources des matières récupérées,,2.840139253
2020,Canada,Matériel électronique,Toutes les sources des matières récupérées,,2.504159347
2018,Manitoba,Matériel électronique,Toutes les sources des matières récupérées,46,2.235322381
2020,Manitoba,Matériel électronique,Toutes les sources des matières récupérées,46,2.017555048
2020,Nouveau-Brunswick,Matériel électronique,Toutes les sources des matières récupérées,13,1.201794134
2018,Nouveau-Brunswick,Matériel électronique,Toutes les sources des matières récupérées,13,1.117744882
2018,Terre-Neuve-et-Labrador,Matériel électronique,Toutes les sources des matières récupérées,10,1.51457493
2020,Terre-Neuve-et-Labrador,Matériel électronique,Toutes les sources des matières récupérées,10,1.212216534
2018,Nouvelle-Écosse,Matériel électronique,Toutes les sources des matières récupérées,12,3.306531887
2020,Nouvelle-Écosse,Matériel électronique,Toutes les sources des matières récupérées,12,2.628118216
2018,Ontario,Matériel électronique,Toutes les sources des matières récupérées,35,3.212521727
2020,Ontario,Matériel électronique,Toutes les sources des matières récupérées,35,3.116659747
2018,Île-du-Prince-Édouard,Matériel électronique,Toutes les sources des matières récupérées,11,2.985736264
2020,Île-du-Prince-Édouard,Matériel électronique,Toutes les sources des matières récupérées,11,2.58516475
2018,Québec,Matériel électronique,Toutes les sources des matières récupérées,24,2.545544743
2020,Québec,Matériel électronique,Toutes les sources des matières récupérées,24,2.03763848
2018,Saskatchewan,Matériel électronique,Toutes les sources des matières récupérées,47,2.017616269
2020,Saskatchewan,Matériel électronique,Toutes les sources des matières récupérées,47,1.449340542
2018,Territoires,Matériel électronique,Toutes les sources des matières récupérées,,2.102828304
2020,Territoires,Matériel électronique,Toutes les sources des matières récupérées,,1.689482576
2020,Alberta,Métaux ferreux,Toutes les sources des matières récupérées,48,12.39844752
2020,Alberta,Métaux ferreux,Sources des matières non résidentielles récupérées,48,11.78124212
2018,Alberta,Métaux ferreux,Toutes les sources des matières récupérées,48,9.331185185
2018,Alberta,Métaux ferreux,Sources des matières non résidentielles récupérées,48,8.043459295
2018,Alberta,Métaux ferreux,Sources des matières résidentielles récupérées,48,1.28772589
2020,Alberta,Métaux ferreux,Sources des matières résidentielles récupérées,48,0.617431819
2020,Colombie-Britannique,Métaux ferreux,Toutes les sources des matières récupérées,59,15.37640905
2018,Colombie-Britannique,Métaux ferreux,Toutes les sources des matières récupérées,59,13.82184048
2020,Colombie-Britannique,Métaux ferreux,Sources des matières non résidentielles récupérées,59,13.13957244
2018,Colombie-Britannique,Métaux ferreux,Sources des matières non résidentielles récupérées,59,10.62912985
2018,Colombie-Britannique,Métaux ferreux,Sources des matières résidentielles récupérées,59,3.192710633
2020,Colombie-Britannique,Métaux ferreux,Sources des matières résidentielles récupérées,59,2.236836618
2020,Canada,Métaux ferreux,Toutes les sources des matières récupérées,,19.00607375
2018,Canada,Métaux ferreux,Toutes les sources des matières récupérées,,16.85861551
2020,Canada,Métaux ferreux,Sources des matières non résidentielles récupérées,,15.67914851
2018,Canada,Métaux ferreux,Sources des matières non résidentielles récupérées,,13.75971521
2020,Canada,Métaux ferreux,Sources des matières résidentielles récupérées,,3.326925244
2018,Canada,Métaux ferreux,Sources des matières résidentielles récupérées,,3.098900302
2020,Manitoba,Métaux ferreux,Toutes les sources des matières récupérées,46,15.49111232
2020,Manitoba,Métaux ferreux,Sources des matières non résidentielles récupérées,46,13.35543175
2020,Manitoba,Métaux ferreux,Sources des matières résidentielles récupérées,46,2.135680577
2020,Nouveau-Brunswick,Métaux ferreux,Toutes les sources des matières récupérées,13,2.154544851
2018,Nouveau-Brunswick,Métaux ferreux,Toutes les sources des matières récupérées,13,1.971956417
2018,Nouveau-Brunswick,Métaux ferreux,Sources des matières résidentielles récupérées,13,1.429311399
2018,Nouveau-Brunswick,Métaux ferreux,Sources des matières non résidentielles récupérées,13,0.542645018
2018,Terre-Neuve-et-Labrador,Métaux ferreux,Toutes les sources des matières récupérées,10,1.016059061
2020,Terre-Neuve-et-Labrador,Métaux ferreux,Toutes les sources des matières récupérées,10,0.809423065
2018,Nouvelle-Écosse,Métaux ferreux,Toutes les sources des matières récupérées,12,5.776257661
2018,Nouvelle-Écosse,Métaux ferreux,Sources des matières résidentielles récupérées,12,5.35055081
2020,Nouvelle-Écosse,Métaux ferreux,Toutes les sources des matières récupérées,12,4.83858974
2020,Nouvelle-Écosse,Métaux ferreux,Sources des matières résidentielles récupérées,12,4.668475111
2018,Nouvelle-Écosse,Métaux ferreux,Sources des matières non résidentielles récupérées,12,0.425706851
2020,Nouvelle-Écosse,Métaux ferreux,Sources des matières non résidentielles récupérées,12,0.170114629
2020,Ontario,Métaux ferreux,Toutes les sources des matières récupérées,35,8.183472767
2018,Ontario,Métaux ferreux,Toutes les sources des matières récupérées,35,8.083125948
2018,Ontario,Métaux ferreux,Sources des matières non résidentielles récupérées,35,5.38910007
2020,Ontario,Métaux ferreux,Sources des matières non résidentielles récupérées,35,4.349918804
2020,Ontario,Métaux ferreux,Sources des matières résidentielles récupérées,35,3.833553963
2018,Ontario,Métaux ferreux,Sources des matières résidentielles récupérées,35,2.694025878
2018,Île-du-Prince-Édouard,Métaux ferreux,Toutes les sources des matières récupérées,11,61.03809747
2020,Île-du-Prince-Édouard,Métaux ferreux,Toutes les sources des matières récupérées,11,53.27795171
2018,Île-du-Prince-Édouard,Métaux ferreux,Sources des matières non résidentielles récupérées,11,37.84322929
2020,Île-du-Prince-Édouard,Métaux ferreux,Sources des matières non résidentielles récupérées,11,33.03059422
2018,Île-du-Prince-Édouard,Métaux ferreux,Sources des matières résidentielles récupérées,11,23.19486818
2020,Île-du-Prince-Édouard,Métaux ferreux,Sources des matières résidentielles récupérées,11,20.24735749
2020,Québec,Métaux ferreux,Toutes les sources des matières récupérées,24,45.02008081
2020,Québec,Métaux ferreux,Sources des matières non résidentielles récupérées,24,40.77142502
2018,Québec,Métaux ferreux,Toutes les sources des matières récupérées,24,37.63507027
2018,Québec,Métaux ferreux,Sources des matières non résidentielles récupérées,24,32.99317356
2018,Québec,Métaux ferreux,Sources des matières résidentielles récupérées,24,4.641896712
2020,Québec,Métaux ferreux,Sources des matières résidentielles récupérées,24,4.248655789
2020,Saskatchewan,Métaux ferreux,Toutes les sources des matières récupérées,47,31.12942492
2020,Saskatchewan,Métaux ferreux,Sources des matières non résidentielles récupérées,47,27.399155
2020,Saskatchewan,Métaux ferreux,Sources des matières résidentielles récupérées,47,3.730269918
2018,Territoires,Métaux ferreux,Toutes les sources des matières récupérées,,67.54931537
2020,Territoires,Métaux ferreux,Toutes les sources des matières récupérées,,64.6740246
2018,Territoires,Métaux ferreux,Sources des matières non résidentielles récupérées,,46.61808594
2020,Territoires,Métaux ferreux,Sources des matières non résidentielles récupérées,,43.64233496
2020,Territoires,Métaux ferreux,Sources des matières résidentielles récupérées,,21.03168964
2018,Territoires,Métaux ferreux,Sources des matières résidentielles récupérées,,20.93122943
2020,Colombie-Britannique,Récipients triangulaires et aseptiques,Toutes les sources des matières récupérées,59,0.393560657
2020,Colombie-Britannique,Récipients triangulaires et aseptiques,Sources des matières résidentielles récupérées,59,0.347978225
2018,Colombie-Britannique,Récipients triangulaires et aseptiques,Toutes les sources des matières récupérées,59,0.058078314
2018,Colombie-Britannique,Récipients triangulaires et aseptiques,Sources des matières non résidentielles récupérées,59,0.047500477
2020,Colombie-Britannique,Récipients triangulaires et aseptiques,Sources des matières non résidentielles récupérées,59,0.045388464
2018,Colombie-Britannique,Récipients triangulaires et aseptiques,Sources des matières résidentielles récupérées,59,0.010577837
2018,Canada,Récipients triangulaires et aseptiques,Toutes les sources des matières récupérées,,0.680505675
2018,Canada,Récipients triangulaires et aseptiques,Sources des matières résidentielles récupérées,,0.599081335
2020,Canada,Récipients triangulaires et aseptiques,Toutes les sources des matières récupérées,,0.533188925
2020,Canada,Récipients triangulaires et aseptiques,Sources des matières résidentielles récupérées,,0.469727209
2018,Canada,Récipients triangulaires et aseptiques,Sources des matières non résidentielles récupérées,,0.08142434
2020,Canada,Récipients triangulaires et aseptiques,Sources des matières non résidentielles récupérées,,0.063435406
2020,Manitoba,Récipients triangulaires et aseptiques,Toutes les sources des matières récupérées,46,0.998631773
2018,Nouveau-Brunswick,Récipients triangulaires et aseptiques,Toutes les sources des matières récupérées,13,0.614045678
2020,Nouveau-Brunswick,Récipients triangulaires et aseptiques,Toutes les sources des matières récupérées,13,0.598981349
2020,Terre-Neuve-et-Labrador,Récipients triangulaires et aseptiques,Toutes les sources des matières récupérées,10,1.216052662
2020,Terre-Neuve-et-Labrador,Récipients triangulaires et aseptiques,Sources des matières résidentielles récupérées,10,1.064525596
2018,Terre-Neuve-et-Labrador,Récipients triangulaires et aseptiques,Toutes les sources des matières récupérées,10,1.033183652
2018,Terre-Neuve-et-Labrador,Récipients triangulaires et aseptiques,Sources des matières résidentielles récupérées,10,0.869548672
2018,Terre-Neuve-et-Labrador,Récipients triangulaires et aseptiques,Sources des matières non résidentielles récupérées,10,0.16363498
2020,Terre-Neuve-et-Labrador,Récipients triangulaires et aseptiques,Sources des matières non résidentielles récupérées,10,0.153445131
2020,Nouvelle-Écosse,Récipients triangulaires et aseptiques,Toutes les sources des matières récupérées,12,3.256625557
2020,Nouvelle-Écosse,Récipients triangulaires et aseptiques,Sources des matières résidentielles récupérées,12,3.194487879
2018,Nouvelle-Écosse,Récipients triangulaires et aseptiques,Toutes les sources des matières récupérées,12,1.099742698
2018,Nouvelle-Écosse,Récipients triangulaires et aseptiques,Sources des matières résidentielles récupérées,12,1.014183968
2018,Nouvelle-Écosse,Récipients triangulaires et aseptiques,Sources des matières non résidentielles récupérées,12,0.08555873
2020,Nouvelle-Écosse,Récipients triangulaires et aseptiques,Sources des matières non résidentielles récupérées,12,0.062137679
2018,Ontario,Récipients triangulaires et aseptiques,Toutes les sources des matières récupérées,35,0.628498877
2018,Ontario,Récipients triangulaires et aseptiques,Sources des matières résidentielles récupérées,35,0.513394057
2020,Ontario,Récipients triangulaires et aseptiques,Toutes les sources des matières récupérées,35,0.498573206
2020,Ontario,Récipients triangulaires et aseptiques,Sources des matières résidentielles récupérées,35,0.395354564
2018,Ontario,Récipients triangulaires et aseptiques,Sources des matières non résidentielles récupérées,35,0.115104821
2020,Ontario,Récipients triangulaires et aseptiques,Sources des matières non résidentielles récupérées,35,0.103218642
2018,Île-du-Prince-Édouard,Récipients triangulaires et aseptiques,Toutes les sources des matières récupérées,11,0.0
2018,Île-du-Prince-Édouard,Récipients triangulaires et aseptiques,Sources des matières résidentielles récupérées,11,0.0
2018,Île-du-Prince-Édouard,Récipients triangulaires et aseptiques,Sources des matières non résidentielles récupérées,11,0.0
2020,Île-du-Prince-Édouard,Récipients triangulaires et aseptiques,Toutes les sources des matières récupérées,11,0.0
2020,Île-du-Prince-Édouard,Récipients triangulaires et aseptiques,Sources des matières résidentielles récupérées,11,0.0
2020,Île-du-Prince-Édouard,Récipients triangulaires et aseptiques,Sources des matières non résidentielles récupérées,11,0.0
2018,Québec,Récipients triangulaires et aseptiques,Toutes les sources des matières récupérées,24,0.0
2018,Québec,Récipients triangulaires et aseptiques,Sources des matières résidentielles récupérées,24,0.0
2018,Québec,Récipients triangulaires et aseptiques,Sources des matières non résidentielles récupérées,24,0.0
2020,Québec,Récipients triangulaires et aseptiques,Toutes les sources des matières récupérées,24,0.0
2020,Québec,Récipients triangulaires et aseptiques,Sources des matières résidentielles récupérées,24,0.0
2020,Québec,Récipients triangulaires et aseptiques,Sources des matières non résidentielles récupérées,24,0.0
2018,Saskatchewan,Récipients triangulaires et aseptiques,Toutes les sources des matières récupérées,47,1.623389199
2018,Territoires,Récipients triangulaires et aseptiques,Toutes les sources des matières récupérées,,0.388214456
2018,Territoires,Récipients triangulaires et aseptiques,Sources des matières résidentielles récupérées,,0.380126655
2018,Territoires,Récipients triangulaires et aseptiques,Sources des matières non résidentielles récupérées,,0.008087801
2018,Alberta,Verre,Toutes les sources des matières récupérées,48,16.0417842
2018,Alberta,Verre,Sources des matières résidentielles récupérées,48,14.68868325
2020,Alberta,Verre,Toutes les sources des matières récupérées,48,14.37119539
2020,Alberta,Verre,Sources des matières résidentielles récupérées,48,11.21339503
2020,Alberta,Verre,Sources des matières non résidentielles récupérées,48,3.157800358
2018,Alberta,Verre,Sources des matières non résidentielles récupérées,48,1.353100953
2018,Colombie-Britannique,Verre,Toutes les sources des matières récupérées,59,23.57241108
2020,Colombie-Britannique,Verre,Toutes les sources des matières récupérées,59,22.29097303
2020,Colombie-Britannique,Verre,Sources des matières résidentielles récupérées,59,16.85347382
2018,Colombie-Britannique,Verre,Sources des matières résidentielles récupérées,59,14.51917942
2018,Colombie-Britannique,Verre,Sources des matières non résidentielles récupérées,59,9.053231669
2020,Colombie-Britannique,Verre,Sources des matières non résidentielles récupérées,59,5.437499212
2020,Canada,Verre,Toutes les sources des matières récupérées,,11.14434578
2018,Canada,Verre,Toutes les sources des matières récupérées,,10.7090274
2018,Canada,Verre,Sources des matières résidentielles récupérées,,8.04131457
2020,Canada,Verre,Sources des matières résidentielles récupérées,,7.992703271
2020,Canada,Verre,Sources des matières non résidentielles récupérées,,3.151642509
2018,Canada,Verre,Sources des matières non résidentielles récupérées,,2.667712826
2020,Manitoba,Verre,Toutes les sources des matières récupérées,46,7.279576313
2018,Manitoba,Verre,Toutes les sources des matières récupérées,46,6.66383309
2018,Manitoba,Verre,Sources des matières résidentielles récupérées,46,6.29127936
2020,Manitoba,Verre,Sources des matières résidentielles récupérées,46,5.398988903
2020,Manitoba,Verre,Sources des matières non résidentielles récupérées,46,1.88058741
2018,Manitoba,Verre,Sources des matières non résidentielles récupérées,46,0.37255373
2018,Nouveau-Brunswick,Verre,Toutes les sources des matières récupérées,13,5.717245596
2018,Nouveau-Brunswick,Verre,Sources des matières résidentielles récupérées,13,2.881990287
2018,Nouveau-Brunswick,Verre,Sources des matières non résidentielles récupérées,13,2.835255309
2018,Nouvelle-Écosse,Verre,Toutes les sources des matières récupérées,12,4.365582018
2020,Nouvelle-Écosse,Verre,Toutes les sources des matières récupérées,12,4.354730766
2020,Ontario,Verre,Toutes les sources des matières récupérées,35,8.717425521
2018,Ontario,Verre,Toutes les sources des matières récupérées,35,7.977316174
2020,Ontario,Verre,Sources des matières résidentielles récupérées,35,5.956055206
2018,Ontario,Verre,Sources des matières résidentielles récupérées,35,5.865383829
2020,Ontario,Verre,Sources des matières non résidentielles récupérées,35,2.761370314
2018,Ontario,Verre,Sources des matières non résidentielles récupérées,35,2.111932344
2020,Île-du-Prince-Édouard,Verre,Toutes les sources des matières récupérées,11,1.872229627
2018,Île-du-Prince-Édouard,Verre,Toutes les sources des matières récupérées,11,1.74711205
2020,Île-du-Prince-Édouard,Verre,Sources des matières non résidentielles récupérées,11,1.159294504
2018,Île-du-Prince-Édouard,Verre,Sources des matières non résidentielles récupérées,11,1.082166419
2020,Île-du-Prince-Édouard,Verre,Sources des matières résidentielles récupérées,11,0.712935123
2018,Île-du-Prince-Édouard,Verre,Sources des matières résidentielles récupérées,11,0.664945631
2020,Québec,Verre,Toutes les sources des matières récupérées,24,9.781504198
2018,Québec,Verre,Toutes les sources des matières récupérées,24,6.911308113
2020,Québec,Verre,Sources des matières résidentielles récupérées,24,6.284895113
2018,Québec,Verre,Sources des matières résidentielles récupérées,24,5.356034668
2020,Québec,Verre,Sources des matières non résidentielles récupérées,24,3.496609086
2018,Québec,Verre,Sources des matières non résidentielles récupérées,24,1.555273445
2020,Territoires,Verre,Toutes les sources des matières récupérées,,2.384223075
2018,Territoires,Verre,Toutes les sources des matières récupérées,,2.313111134
2018,Territoires,Verre,Sources des matières résidentielles récupérées,,2.013862491
2020,Territoires,Verre,Sources des matières résidentielles récupérées,,1.650008684
2020,Territoires,Verre,Sources des matières non résidentielles récupérées,,0.734214391
2018,Territoires,Verre,Sources des matières non résidentielles récupérées,,0.299248643
2020,Alberta,Métaux mélangés,Toutes les sources des matières récupérées,48,4.310022773
2018,Alberta,Métaux mélangés,Toutes les sources des matières récupérées,48,3.066346383
2020,Alberta,Métaux mélangés,Sources des matières non résidentielles récupérées,48,2.885650359
2018,Alberta,Métaux mélangés,Sources des matières non résidentielles récupérées,48,1.578074925
2018,Alberta,Métaux mélangés,Sources des matières résidentielles récupérées,48,1.488271458
2020,Alberta,Métaux mélangés,Sources des matières résidentielles récupérées,48,1.424145999
2020,Colombie-Britannique,Métaux mélangés,Toutes les sources des matières récupérées,59,11.72845672
2018,Colombie-Britannique,Métaux mélangés,Toutes les sources des matières récupérées,59,10.87880672
2020,Colombie-Britannique,Métaux mélangés,Sources des matières non résidentielles récupérées,59,6.785963327
2018,Colombie-Britannique,Métaux mélangés,Sources des matières résidentielles récupérées,59,6.446692889
2020,Colombie-Britannique,Métaux mélangés,Sources des matières résidentielles récupérées,59,4.94229943
2018,Colombie-Britannique,Métaux mélangés,Sources des matières non résidentielles récupérées,59,4.432113835
2020,Canada,Métaux mélangés,Toutes les sources des matières récupérées,,3.487447604
2018,Canada,Métaux mélangés,Toutes les sources des matières récupérées,,3.156258866
2020,Canada,Métaux mélangés,Sources des matières non résidentielles récupérées,,1.881855648
2018,Canada,Métaux mélangés,Sources des matières résidentielles récupérées,,1.615050974
2020,Canada,Métaux mélangés,Sources des matières résidentielles récupérées,,1.605618267
2018,Canada,Métaux mélangés,Sources des matières non résidentielles récupérées,,1.541207893
2020,Manitoba,Métaux mélangés,Toutes les sources des matières récupérées,46,3.379259766
2018,Manitoba,Métaux mélangés,Toutes les sources des matières récupérées,46,3.103875224
2018,Manitoba,Métaux mélangés,Sources des matières résidentielles récupérées,46,2.429730379
2018,Manitoba,Métaux mélangés,Sources des matières non résidentielles récupérées,46,0.674144845
2020,Nouveau-Brunswick,Métaux mélangés,Toutes les sources des matières récupérées,13,1.191576968
2018,Nouveau-Brunswick,Métaux mélangés,Toutes les sources des matières récupérées,13,0.802283783
2020,Nouvelle-Écosse,Métaux mélangés,Toutes les sources des matières récupérées,12,1.933398595
2018,Ontario,Métaux mélangés,Toutes les sources des matières récupérées,35,2.753080871
2020,Ontario,Métaux mélangés,Toutes les sources des matières récupérées,35,2.623790729
2018,Ontario,Métaux mélangés,Sources des matières non résidentielles récupérées,35,1.723776805
2020,Ontario,Métaux mélangés,Sources des matières résidentielles récupérées,35,1.4839038
2020,Ontario,Métaux mélangés,Sources des matières non résidentielles récupérées,35,1.139954836
2018,Ontario,Métaux mélangés,Sources des matières résidentielles récupérées,35,1.029304066
2018,Île-du-Prince-Édouard,Métaux mélangés,Toutes les sources des matières récupérées,11,13.06422593
2020,Île-du-Prince-Édouard,Métaux mélangés,Toutes les sources des matières récupérées,11,11.40076253
2018,Île-du-Prince-Édouard,Métaux mélangés,Sources des matières non résidentielles récupérées,11,8.096690918
2020,Île-du-Prince-Édouard,Métaux mélangés,Sources des matières non résidentielles récupérées,11,7.067356871
2018,Île-du-Prince-Édouard,Métaux mélangés,Sources des matières résidentielles récupérées,11,4.967535007
2020,Île-du-Prince-Édouard,Métaux mélangés,Sources des matières résidentielles récupérées,11,4.33340566
2020,Québec,Métaux mélangés,Toutes les sources des matières récupérées,24,0.232143409
2020,Québec,Métaux mélangés,Sources des matières non résidentielles récupérées,24,0.232143409
2018,Québec,Métaux mélangés,Toutes les sources des matières récupérées,24,0.0
2018,Québec,Métaux mélangés,Sources des matières résidentielles récupérées,24,0.0
2018,Québec,Métaux mélangés,Sources des matières non résidentielles récupérées,24,0.0
2020,Québec,Métaux mélangés,Sources des matières résidentielles récupérées,24,0.0
2018,Saskatchewan,Métaux mélangés,Toutes les sources des matières récupérées,47,1.395288384
2020,Saskatchewan,Métaux mélangés,Toutes les sources des matières récupérées,47,1.227866372
2020,Saskatchewan,Métaux mélangés,Sources des matières résidentielles récupérées,47,0.905413558
2018,Saskatchewan,Métaux mélangés,Sources des matières résidentielles récupérées,47,0.852150216
2018,Saskatchewan,Métaux mélangés,Sources des matières non résidentielles récupérées,47,0.543138168
2020,Saskatchewan,Métaux mélangés,Sources des matières non résidentielles récupérées,47,0.322452814
2018,Territoires,Métaux mélangés,Toutes les sources des matières récupérées,,4.941646515
2018,Territoires,Métaux mélangés,Sources des matières non résidentielles récupérées,,4.060076187
2018,Territoires,Métaux mélangés,Sources des matières résidentielles récupérées,,0.881570327
2018,Alberta,Matières organiques,Toutes les sources des matières récupérées,48,74.96449157
2020,Alberta,Matières organiques,Toutes les sources des matières récupérées,48,70.32949169
2018,Alberta,Matières organiques,Sources des matières résidentielles récupérées,48,55.49854302
2020,Alberta,Matières organiques,Sources des matières résidentielles récupérées,48,51.55725497
2018,Alberta,Matières organiques,Sources des matières non résidentielles récupérées,48,19.4661812
2020,Alberta,Matières organiques,Sources des matières non résidentielles récupérées,48,18.77223672
2020,Colombie-Britannique,Matières organiques,Toutes les sources des matières récupérées,59,124.718577
2018,Colombie-Britannique,Matières organiques,Toutes les sources des matières récupérées,59,122.8791436
2020,Colombie-Britannique,Matières organiques,Sources des matières résidentielles récupérées,59,85.18212121
2018,Colombie-Britannique,Matières organiques,Sources des matières résidentielles récupérées,59,77.56388814
2018,Colombie-Britannique,Matières organiques,Sources des matières non résidentielles récupérées,59,45.31525548
2020,Colombie-Britannique,Matières organiques,Sources des matières non résidentielles récupérées,59,39.53645576
2020,Canada,Matières organiques,Toutes les sources des matières récupérées,,82.95209382
2018,Canada,Matières organiques,Toutes les sources des matières récupérées,,77.67310065
2020,Canada,Matières organiques,Sources des matières résidentielles récupérées,,66.08501144
2018,Canada,Matières organiques,Sources des matières résidentielles récupérées,,61.48600661
2020,Canada,Matières organiques,Sources des matières non résidentielles récupérées,,16.86708238
2018,Canada,Matières organiques,Sources des matières non résidentielles récupérées,,16.18709403
2018,Manitoba,Matières organiques,Toutes les sources des matières récupérées,46,41.59591965
2020,Manitoba,Matières organiques,Toutes les sources des matières récupérées,46,41.17290679
2018,Manitoba,Matières organiques,Sources des matières résidentielles récupérées,46,31.92800251
2020,Manitoba,Matières organiques,Sources des matières résidentielles récupérées,46,26.06515891
2020,Manitoba,Matières organiques,Sources des matières non résidentielles récupérées,46,15.10774788
2018,Manitoba,Matières organiques,Sources des matières non résidentielles récupérées,46,9.667917136
2018,Nouveau-Brunswick,Matières organiques,Toutes les sources des matières récupérées,13,122.3690479
2020,Nouveau-Brunswick,Matières organiques,Toutes les sources des matières récupérées,13,108.5088557
2020,Nouveau-Brunswick,Matières organiques,Sources des matières non résidentielles récupérées,13,74.28390439
2020,Nouveau-Brunswick,Matières organiques,Sources des matières résidentielles récupérées,13,34.22495134
2020,Terre-Neuve-et-Labrador,Matières organiques,Toutes les sources des matières récupérées,10,1.755028685
2018,Terre-Neuve-et-Labrador,Matières organiques,Toutes les sources des matières récupérées,10,1.721972753
2018,Nouvelle-Écosse,Matières organiques,Toutes les sources des matières récupérées,12,154.7861762
2020,Nouvelle-Écosse,Matières organiques,Toutes les sources des matières récupérées,12,141.8440222
2018,Nouvelle-Écosse,Matières organiques,Sources des matières résidentielles récupérées,12,101.4131798
2020,Nouvelle-Écosse,Matières organiques,Sources des matières résidentielles récupérées,12,89.08403968
2018,Nouvelle-Écosse,Matières organiques,Sources des matières non résidentielles récupérées,12,53.37299641
2020,Nouvelle-Écosse,Matières organiques,Sources des matières non résidentielles récupérées,12,52.76100117
2020,Ontario,Matières organiques,Toutes les sources des matières récupérées,35,88.94316469
2018,Ontario,Matières organiques,Toutes les sources des matières récupérées,35,80.03307359
2020,Ontario,Matières organiques,Sources des matières résidentielles récupérées,35,77.5093912
2018,Ontario,Matières organiques,Sources des matières résidentielles récupérées,35,73.59887487
2020,Ontario,Matières organiques,Sources des matières non résidentielles récupérées,35,11.43377349
2018,Ontario,Matières organiques,Sources des matières non résidentielles récupérées,35,6.434198725
2020,Île-du-Prince-Édouard,Matières organiques,Toutes les sources des matières récupérées,11,133.8334212
2018,Île-du-Prince-Édouard,Matières organiques,Toutes les sources des matières récupérées,11,133.2824845
2020,Île-du-Prince-Édouard,Matières organiques,Sources des matières résidentielles récupérées,11,108.8248969
2018,Île-du-Prince-Édouard,Matières organiques,Sources des matières résidentielles récupérées,11,105.0614097
2018,Île-du-Prince-Édouard,Matières organiques,Sources des matières non résidentielles récupérées,11,28.22107487
2020,Île-du-Prince-Édouard,Matières organiques,Sources des matières non résidentielles récupérées,11,25.00852422
2020,Québec,Matières organiques,Toutes les sources des matières récupérées,24,63.04763137
2020,Québec,Matières organiques,Sources des matières résidentielles récupérées,24,58.00285545
2018,Québec,Matières organiques,Toutes les sources des matières récupérées,24,52.13207077
2018,Québec,Matières organiques,Sources des matières résidentielles récupérées,24,46.06189815
2018,Québec,Matières organiques,Sources des matières non résidentielles récupérées,24,6.070172624
2020,Québec,Matières organiques,Sources des matières non résidentielles récupérées,24,5.044775928
2020,Saskatchewan,Matières organiques,Toutes les sources des matières récupérées,47,34.40995802
2020,Saskatchewan,Matières organiques,Sources des matières résidentielles récupérées,47,29.50528101
2018,Saskatchewan,Matières organiques,Toutes les sources des matières récupérées,47,28.45493115
2018,Saskatchewan,Matières organiques,Sources des matières résidentielles récupérées,47,21.35109708
2018,Saskatchewan,Matières organiques,Sources des matières non résidentielles récupérées,47,7.103834073
2020,Saskatchewan,Matières organiques,Sources des matières non résidentielles récupérées,47,4.904677008
2018,Territoires,Matières organiques,Toutes les sources des matières récupérées,,37.21197318
2020,Territoires,Matières organiques,Toutes les sources des matières récupérées,,36.11861115
2018,Territoires,Matières organiques,Sources des matières non résidentielles récupérées,,21.4407609
2018,Territoires,Matières organiques,Sources des matières résidentielles récupérées,,15.77121228
2020,Alberta,Autres matières,Toutes les sources des matières récupérées,48,1.153354486
2018,Alberta,Autres matières,Toutes les sources des matières récupérées,48,0.876863393
2020,Alberta,Autres matières,Sources des matières non résidentielles récupérées,48,0.769582234
2018,Alberta,Autres matières,Sources des matières résidentielles récupérées,48,0.439013325
2018,Alberta,Autres matières,Sources des matières non résidentielles récupérées,48,0.437850068
2020,Alberta,Autres matières,Sources des matières résidentielles récupérées,48,0.383772253
2020,Colombie-Britannique,Autres matières,Toutes les sources des matières récupérées,59,9.632246758
2020,Colombie-Britannique,Autres matières,Sources des matières résidentielles récupérées,59,8.370680216
2018,Colombie-Britannique,Autres matières,Toutes les sources des matières récupérées,59,4.399781578
2018,Colombie-Britannique,Autres matières,Sources des matières résidentielles récupérées,59,3.442587092
2020,Colombie-Britannique,Autres matières,Sources des matières non résidentielles récupérées,59,1.261372574
2018,Colombie-Britannique,Autres matières,Sources des matières non résidentielles récupérées,59,0.957194486
2020,Canada,Autres matières,Toutes les sources des matières récupérées,,2.683309774
2020,Canada,Autres matières,Sources des matières résidentielles récupérées,,2.089053417
2018,Canada,Autres matières,Toutes les sources des matières récupérées,,1.725963983
2018,Canada,Autres matières,Sources des matières résidentielles récupérées,,1.254145276
2020,Canada,Autres matières,Sources des matières non résidentielles récupérées,,0.594282668
2018,Canada,Autres matières,Sources des matières non résidentielles récupérées,,0.471818707
2020,Manitoba,Autres matières,Toutes les sources des matières récupérées,46,4.719223589
2018,Manitoba,Autres matières,Toutes les sources des matières récupérées,46,4.606656441
2020,Manitoba,Autres matières,Sources des matières résidentielles récupérées,46,3.051696949
2018,Manitoba,Autres matières,Sources des matières résidentielles récupérées,46,2.60196256
2018,Manitoba,Autres matières,Sources des matières non résidentielles récupérées,46,2.004693881
2020,Manitoba,Autres matières,Sources des matières non résidentielles récupérées,46,1.66752664
2020,Nouveau-Brunswick,Autres matières,Toutes les sources des matières récupérées,13,8.541550659
2020,Nouveau-Brunswick,Autres matières,Sources des matières résidentielles récupérées,13,8.541550659
2018,Nouveau-Brunswick,Autres matières,Toutes les sources des matières récupérées,13,5.261579564
2018,Nouveau-Brunswick,Autres matières,Sources des matières résidentielles récupérées,13,4.789037013
2018,Nouveau-Brunswick,Autres matières,Sources des matières non résidentielles récupérées,13,0.472542552
2020,Nouveau-Brunswick,Autres matières,Sources des matières non résidentielles récupérées,13,0.0
2018,Terre-Neuve-et-Labrador,Autres matières,Toutes les sources des matières récupérées,10,0.0
2018,Terre-Neuve-et-Labrador,Autres matières,Sources des matières résidentielles récupérées,10,0.0
2018,Terre-Neuve-et-Labrador,Autres matières,Sources des matières non résidentielles récupérées,10,0.0
2020,Terre-Neuve-et-Labrador,Autres matières,Toutes les sources des matières récupérées,10,0.0
2020,Terre-Neuve-et-Labrador,Autres matières,Sources des matières résidentielles récupérées,10,0.0
2020,Terre-Neuve-et-Labrador,Autres matières,Sources des matières non résidentielles récupérées,10,0.0
2020,Ontario,Autres matières,Toutes les sources des matières récupérées,35,2.214379416
2018,Ontario,Autres matières,Toutes les sources des matières récupérées,35,1.805685032
2020,Ontario,Autres matières,Sources des matières résidentielles récupérées,35,1.511406135
2018,Ontario,Autres matières,Sources des matières résidentielles récupérées,35,1.315493647
2020,Ontario,Autres matières,Sources des matières non résidentielles récupérées,35,0.702973281
2018,Ontario,Autres matières,Sources des matières non résidentielles récupérées,35,0.490191385
2018,Île-du-Prince-Édouard,Autres matières,Toutes les sources des matières récupérées,11,2.183890062
2018,Île-du-Prince-Édouard,Autres matières,Sources des matières non résidentielles récupérées,11,1.355967561
2018,Île-du-Prince-Édouard,Autres matières,Sources des matières résidentielles récupérées,11,0.827922501
2020,Île-du-Prince-Édouard,Autres matières,Toutes les sources des matières récupérées,11,0.0
2020,Île-du-Prince-Édouard,Autres matières,Sources des matières résidentielles récupérées,11,0.0
2020,Île-du-Prince-Édouard,Autres matières,Sources des matières non résidentielles récupérées,11,0.0
2018,Québec,Autres matières,Toutes les sources des matières récupérées,24,0.0
2018,Québec,Autres matières,Sources des matières résidentielles récupérées,24,0.0
2018,Québec,Autres matières,Sources des matières non résidentielles récupérées,24,0.0
2020,Québec,Autres matières,Toutes les sources des matières récupérées,24,0.0
2020,Québec,Autres matières,Sources des matières résidentielles récupérées,24,0.0
2020,Québec,Autres matières,Sources des matières non résidentielles récupérées,24,0.0
2018,Saskatchewan,Autres matières,Toutes les sources des matières récupérées,47,1.161162264
2018,Saskatchewan,Autres matières,Sources des matières résidentielles récupérées,47,0.721315031
2018,Saskatchewan,Autres matières,Sources des matières non résidentielles récupérées,47,0.439847233
2018,Territoires,Autres matières,Toutes les sources des matières récupérées,,2.402076947
2018,Territoires,Autres matières,Sources des matières résidentielles récupérées,,2.402076947
2020,Territoires,Autres matières,Toutes les sources des matières récupérées,,0.789477839
2020,Territoires,Autres matières,Sources des matières résidentielles récupérées,,0.552634488
2020,Territoires,Autres matières,Sources des matières non résidentielles récupérées,,0.236843352
2018,Territoires,Autres matières,Sources des matières non résidentielles récupérées,,0.0
2020,Alberta,Matières plastiques,Toutes les sources des matières récupérées,48,8.93453502
2018,Alberta,Matières plastiques,Toutes les sources des matières récupérées,48,8.62811244
2018,Alberta,Matières plastiques,Sources des matières résidentielles récupérées,48,7.041429411
2020,Alberta,Matières plastiques,Sources des matières résidentielles récupérées,48,5.879753172
2020,Alberta,Matières plastiques,Sources des matières non résidentielles récupérées,48,3.054781848
2018,Alberta,Matières plastiques,Sources des matières non résidentielles récupérées,48,1.58668303
2018,Colombie-Britannique,Matières plastiques,Toutes les sources des matières récupérées,59,13.59890757
2020,Colombie-Britannique,Matières plastiques,Toutes les sources des matières récupérées,59,11.5003506
2020,Colombie-Britannique,Matières plastiques,Sources des matières résidentielles récupérées,59,7.423147535
2018,Colombie-Britannique,Matières plastiques,Sources des matières non résidentielles récupérées,59,7.343813242
2018,Colombie-Britannique,Matières plastiques,Sources des matières résidentielles récupérées,59,6.255094326
2020,Colombie-Britannique,Matières plastiques,Sources des matières non résidentielles récupérées,59,4.077203062
2020,Canada,Matières plastiques,Toutes les sources des matières récupérées,,9.691409246
2018,Canada,Matières plastiques,Toutes les sources des matières récupérées,,9.565849089
2018,Canada,Matières plastiques,Sources des matières résidentielles récupérées,,6.75360671
2020,Canada,Matières plastiques,Sources des matières résidentielles récupérées,,6.311283509
2020,Canada,Matières plastiques,Sources des matières non résidentielles récupérées,,3.380125737
2018,Canada,Matières plastiques,Sources des matières non résidentielles récupérées,,2.812242379
2020,Manitoba,Matières plastiques,Toutes les sources des matières récupérées,46,5.786701529
2018,Manitoba,Matières plastiques,Toutes les sources des matières récupérées,46,5.017648255
2018,Manitoba,Matières plastiques,Sources des matières résidentielles récupérées,46,4.239277068
2020,Manitoba,Matières plastiques,Sources des matières résidentielles récupérées,46,4.191644539
2020,Manitoba,Matières plastiques,Sources des matières non résidentielles récupérées,46,1.59505699
2018,Manitoba,Matières plastiques,Sources des matières non résidentielles récupérées,46,0.778371186
2020,Nouveau-Brunswick,Matières plastiques,Toutes les sources des matières récupérées,13,7.153293248
2018,Nouveau-Brunswick,Matières plastiques,Toutes les sources des matières récupérées,13,7.110207568
2018,Nouveau-Brunswick,Matières plastiques,Sources des matières résidentielles récupérées,13,4.067241247
2018,Nouveau-Brunswick,Matières plastiques,Sources des matières non résidentielles récupérées,13,3.042966321
2020,Terre-Neuve-et-Labrador,Matières plastiques,Toutes les sources des matières récupérées,10,2.460876287
2020,Terre-Neuve-et-Labrador,Matières plastiques,Sources des matières résidentielles récupérées,10,2.10987055
2018,Terre-Neuve-et-Labrador,Matières plastiques,Toutes les sources des matières récupérées,10,2.108227415
2018,Terre-Neuve-et-Labrador,Matières plastiques,Sources des matières résidentielles récupérées,10,1.877996803
2020,Terre-Neuve-et-Labrador,Matières plastiques,Sources des matières non résidentielles récupérées,10,0.351005737
2018,Terre-Neuve-et-Labrador,Matières plastiques,Sources des matières non résidentielles récupérées,10,0.230230611
2018,Nouvelle-Écosse,Matières plastiques,Toutes les sources des matières récupérées,12,15.67289854
2020,Nouvelle-Écosse,Matières plastiques,Toutes les sources des matières récupérées,12,13.85160911
2018,Nouvelle-Écosse,Matières plastiques,Sources des matières résidentielles récupérées,12,11.19045582
2020,Nouvelle-Écosse,Matières plastiques,Sources des matières résidentielles récupérées,12,10.24354914
2018,Nouvelle-Écosse,Matières plastiques,Sources des matières non résidentielles récupérées,12,4.482442723
2020,Nouvelle-Écosse,Matières plastiques,Sources des matières non résidentielles récupérées,12,3.60907862
2018,Ontario,Matières plastiques,Toutes les sources des matières récupérées,35,8.779206101
2020,Ontario,Matières plastiques,Toutes les sources des matières récupérées,35,8.143475543
2018,Ontario,Matières plastiques,Sources des matières résidentielles récupérées,35,6.874490389
2020,Ontario,Matières plastiques,Sources des matières résidentielles récupérées,35,6.127384571
2020,Ontario,Matières plastiques,Sources des matières non résidentielles récupérées,35,2.016090971
2018,Ontario,Matières plastiques,Sources des matières non résidentielles récupérées,35,1.904715712
2020,Île-du-Prince-Édouard,Matières plastiques,Toutes les sources des matières récupérées,11,6.559003131
2018,Île-du-Prince-Édouard,Matières plastiques,Toutes les sources des matières récupérées,11,6.121411249
2020,Île-du-Prince-Édouard,Matières plastiques,Sources des matières non résidentielles récupérées,11,4.066829918
2018,Île-du-Prince-Édouard,Matières plastiques,Sources des matières non résidentielles récupérées,11,3.794101541
2020,Île-du-Prince-Édouard,Matières plastiques,Sources des matières résidentielles récupérées,11,2.492173212
2018,Île-du-Prince-Édouard,Matières plastiques,Sources des matières résidentielles récupérées,11,2.327309708
2020,Québec,Matières plastiques,Toutes les sources des matières récupérées,24,13.16443181
2018,Québec,Matières plastiques,Toutes les sources des matières récupérées,24,9.878908388
2018,Québec,Matières plastiques,Sources des matières résidentielles récupérées,24,7.022356565
2020,Québec,Matières plastiques,Sources des matières résidentielles récupérées,24,6.762590515
2020,Québec,Matières plastiques,Sources des matières non résidentielles récupérées,24,6.40184129
2018,Québec,Matières plastiques,Sources des matières non résidentielles récupérées,24,2.856551823
2018,Saskatchewan,Matières plastiques,Toutes les sources des matières récupérées,47,9.272943714
2018,Saskatchewan,Matières plastiques,Sources des matières résidentielles récupérées,47,8.532692011
2020,Saskatchewan,Matières plastiques,Toutes les sources des matières récupérées,47,5.663289681
2020,Saskatchewan,Matières plastiques,Sources des matières résidentielles récupérées,47,5.320471426
2018,Saskatchewan,Matières plastiques,Sources des matières non résidentielles récupérées,47,0.740251703
2020,Saskatchewan,Matières plastiques,Sources des matières non résidentielles récupérées,47,0.343666815
2018,Territoires,Matières plastiques,Toutes les sources des matières récupérées,,4.941646515
2020,Territoires,Matières plastiques,Toutes les sources des matières récupérées,,4.468444571
2018,Territoires,Matières plastiques,Sources des matières résidentielles récupérées,,4.051988386
2018,Territoires,Matières plastiques,Sources des matières non résidentielles récupérées,,0.889658129
2018,Colombie-Britannique,Textiles,Toutes les sources des matières récupérées,59,0.253468932
2018,Colombie-Britannique,Textiles,Sources des matières résidentielles récupérées,59,0.253468932
2020,Colombie-Britannique,Textiles,Toutes les sources des matières récupérées,59,0.117544484
2020,Colombie-Britannique,Textiles,Sources des matières résidentielles récupérées,59,0.117544484
2018,Colombie-Britannique,Textiles,Sources des matières non résidentielles récupérées,59,0.0
2020,Colombie-Britannique,Textiles,Sources des matières non résidentielles récupérées,59,0.0
2020,Canada,Textiles,Toutes les sources des matières récupérées,,1.640822154
2020,Canada,Textiles,Sources des matières résidentielles récupérées,,1.627061591
2018,Canada,Textiles,Toutes les sources des matières récupérées,,1.58896173
2018,Canada,Textiles,Sources des matières résidentielles récupérées,,1.5757957
2020,Canada,Textiles,Sources des matières non résidentielles récupérées,,0.013760563
2018,Canada,Textiles,Sources des matières non résidentielles récupérées,,0.01316603
2020,Manitoba,Textiles,Toutes les sources des matières récupérées,46,0.0
2020,Manitoba,Textiles,Sources des matières résidentielles récupérées,46,0.0
2020,Manitoba,Textiles,Sources des matières non résidentielles récupérées,46,0.0
2018,Nouveau-Brunswick,Textiles,Toutes les sources des matières récupérées,13,0.0
2018,Nouveau-Brunswick,Textiles,Sources des matières résidentielles récupérées,13,0.0
2018,Nouveau-Brunswick,Textiles,Sources des matières non résidentielles récupérées,13,0.0
2020,Nouveau-Brunswick,Textiles,Toutes les sources des matières récupérées,13,0.0
2020,Nouveau-Brunswick,Textiles,Sources des matières résidentielles récupérées,13,0.0
2020,Nouveau-Brunswick,Textiles,Sources des matières non résidentielles récupérées,13,0.0
2018,Terre-Neuve-et-Labrador,Textiles,Toutes les sources des matières récupérées,10,0.0
2018,Terre-Neuve-et-Labrador,Textiles,Sources des matières résidentielles récupérées,10,0.0
2018,Terre-Neuve-et-Labrador,Textiles,Sources des matières non résidentielles récupérées,10,0.0
2020,Terre-Neuve-et-Labrador,Textiles,Toutes les sources des matières récupérées,10,0.0
2020,Terre-Neuve-et-Labrador,Textiles,Sources des matières résidentielles récupérées,10,0.0
2020,Terre-Neuve-et-Labrador,Textiles,Sources des matières non résidentielles récupérées,10,0.0
2020,Ontario,Textiles,Toutes les sources des matières récupérées,35,0.179410298
2020,Ontario,Textiles,Sources des matières résidentielles récupérées,35,0.177508902
2018,Ontario,Textiles,Toutes les sources des matières récupérées,35,0.084773617
2018,Ontario,Textiles,Sources des matières résidentielles récupérées,35,0.084284404
2020,Ontario,Textiles,Sources des matières non résidentielles récupérées,35,0.001901396
2018,Ontario,Textiles,Sources des matières non résidentielles récupérées,35,0.000489213
2018,Île-du-Prince-Édouard,Textiles,Toutes les sources des matières récupérées,11,0.0
2018,Île-du-Prince-Édouard,Textiles,Sources des matières résidentielles récupérées,11,0.0
2018,Île-du-Prince-Édouard,Textiles,Sources des matières non résidentielles récupérées,11,0.0
2020,Île-du-Prince-Édouard,Textiles,Toutes les sources des matières récupérées,11,0.0
2020,Île-du-Prince-Édouard,Textiles,Sources des matières résidentielles récupérées,11,0.0
2020,Île-du-Prince-Édouard,Textiles,Sources des matières non résidentielles récupérées,11,0.0
2020,Québec,Textiles,Toutes les sources des matières récupérées,24,6.777631449
2020,Québec,Textiles,Sources des matières résidentielles récupérées,24,6.777631449
2018,Québec,Textiles,Toutes les sources des matières récupérées,24,6.598634711
2018,Québec,Textiles,Sources des matières résidentielles récupérées,24,6.598634711
2018,Québec,Textiles,Sources des matières non résidentielles récupérées,24,0.0
2020,Québec,Textiles,Sources des matières non résidentielles récupérées,24,0.0
2018,Saskatchewan,Textiles,Toutes les sources des matières récupérées,47,0.0
2018,Saskatchewan,Textiles,Sources des matières résidentielles récupérées,47,0.0
2018,Saskatchewan,Textiles,Sources des matières non résidentielles récupérées,47,0.0
2020,Saskatchewan,Textiles,Toutes les sources des matières récupérées,47,0.0
2020,Saskatchewan,Textiles,Sources des matières résidentielles récupérées,47,0.0
2020,Saskatchewan,Textiles,Sources des matières non résidentielles récupérées,47,0.0
2018,Territoires,Textiles,Toutes les sources des matières récupérées,,0.452916865
2018,Territoires,Textiles,Sources des matières résidentielles récupérées,,0.452916865
2018,Territoires,Textiles,Sources des matières non résidentielles récupérées,,0.0
2018,Alberta,Pneus,Toutes les sources des matières récupérées,48,15.72979858
2020,Alberta,Pneus,Toutes les sources des matières récupérées,48,15.04772134
2018,Colombie-Britannique,Pneus,Toutes les sources des matières récupérées,59,10.02499563
2020,Colombie-Britannique,Pneus,Toutes les sources des matières récupérées,59,9.74998521
2018,Canada,Pneus,Toutes les sources des matières récupérées,,13.16343975
2020,Canada,Pneus,Toutes les sources des matières récupérées,,11.32594311
2020,Manitoba,Pneus,Toutes les sources des matières récupérées,46,12.89814826
2018,Manitoba,Pneus,Toutes les sources des matières récupérées,46,11.83079851
2020,Nouveau-Brunswick,Pneus,Toutes les sources des matières récupérées,13,15.14183981
2018,Nouveau-Brunswick,Pneus,Toutes les sources des matières récupérées,13,14.07891201
2020,Terre-Neuve-et-Labrador,Pneus,Toutes les sources des matières récupérées,10,12.85678391
2018,Terre-Neuve-et-Labrador,Pneus,Toutes les sources des matières récupérées,10,11.28129995
2020,Nouvelle-Écosse,Pneus,Toutes les sources des matières récupérées,12,15.05259802
2018,Nouvelle-Écosse,Pneus,Toutes les sources des matières récupérées,12,14.89139258
2018,Ontario,Pneus,Toutes les sources des matières récupérées,35,14.72558962
2020,Ontario,Pneus,Toutes les sources des matières récupérées,35,8.283024431
2018,Île-du-Prince-Édouard,Pneus,Toutes les sources des matières récupérées,11,15.34590211
2020,Île-du-Prince-Édouard,Pneus,Toutes les sources des matières récupérées,11,15.2692105
2020,Québec,Pneus,Toutes les sources des matières récupérées,24,10.95726218
2018,Québec,Pneus,Toutes les sources des matières récupérées,24,10.93226187
2020,Saskatchewan,Pneus,Toutes les sources des matières récupérées,47,36.73416396
2018,Saskatchewan,Pneus,Toutes les sources des matières récupérées,47,14.68194569
2018,Territoires,Pneus,Toutes les sources des matières récupérées,,8.467927824
2020,Territoires,Pneus,Toutes les sources des matières récupérées,,7.113195333
2020,Alberta,Électroménagers,Toutes les sources des matières récupérées,48,3.295913086
2018,Alberta,Électroménagers,Toutes les sources des matières récupérées,48,3.220361657
2020,Alberta,Électroménagers,Sources des matières résidentielles récupérées,48,2.46791596
2018,Alberta,Électroménagers,Sources des matières résidentielles récupérées,48,2.295339409
2018,Alberta,Électroménagers,Sources des matières non résidentielles récupérées,48,0.925022247
2020,Alberta,Électroménagers,Sources des matières non résidentielles récupérées,48,0.827770711
2018,Colombie-Britannique,Électroménagers,Toutes les sources des matières récupérées,59,4.786571176
2020,Colombie-Britannique,Électroménagers,Toutes les sources des matières récupérées,59,4.468630073
2020,Colombie-Britannique,Électroménagers,Sources des matières résidentielles récupérées,59,2.890314121
2018,Colombie-Britannique,Électroménagers,Sources des matières non résidentielles récupérées,59,2.643062256
2018,Colombie-Britannique,Électroménagers,Sources des matières résidentielles récupérées,59,2.14350892
2020,Colombie-Britannique,Électroménagers,Sources des matières non résidentielles récupérées,59,1.578315952
2018,Canada,Électroménagers,Toutes les sources des matières récupérées,,1.712096484
2020,Canada,Électroménagers,Toutes les sources des matières récupérées,,1.66071314
2020,Canada,Électroménagers,Sources des matières résidentielles récupérées,,1.100634549
2018,Canada,Électroménagers,Sources des matières résidentielles récupérées,,1.041492311
2018,Canada,Électroménagers,Sources des matières non résidentielles récupérées,,0.670604173
2020,Canada,Électroménagers,Sources des matières non résidentielles récupérées,,0.560078591
2020,Manitoba,Électroménagers,Toutes les sources des matières récupérées,46,2.264676553
2018,Manitoba,Électroménagers,Toutes les sources des matières récupérées,46,2.197623492
2018,Manitoba,Électroménagers,Sources des matières résidentielles récupérées,46,1.34828969
2018,Manitoba,Électroménagers,Sources des matières non résidentielles récupérées,46,0.849333801
2018,Nouveau-Brunswick,Électroménagers,Toutes les sources des matières récupérées,13,0.173957972
2018,Terre-Neuve-et-Labrador,Électroménagers,Toutes les sources des matières récupérées,10,2.401248192
2018,Terre-Neuve-et-Labrador,Électroménagers,Sources des matières résidentielles récupérées,10,2.401248192
2018,Terre-Neuve-et-Labrador,Électroménagers,Sources des matières non résidentielles récupérées,10,0.0
2018,Nouvelle-Écosse,Électroménagers,Toutes les sources des matières récupérées,12,1.143565462
2020,Nouvelle-Écosse,Électroménagers,Toutes les sources des matières récupérées,12,1.107273063
2020,Ontario,Électroménagers,Toutes les sources des matières récupérées,35,0.84204682
2018,Ontario,Électroménagers,Toutes les sources des matières récupérées,35,0.797417123
2018,Ontario,Électroménagers,Sources des matières résidentielles récupérées,35,0.70278936
2020,Ontario,Électroménagers,Sources des matières résidentielles récupérées,35,0.616663482
2020,Ontario,Électroménagers,Sources des matières non résidentielles récupérées,35,0.225383338
2018,Ontario,Électroménagers,Sources des matières non résidentielles récupérées,35,0.094627764
2018,Île-du-Prince-Édouard,Électroménagers,Toutes les sources des matières récupérées,11,44.26451798
2020,Île-du-Prince-Édouard,Électroménagers,Toutes les sources des matières récupérées,11,38.63488423
2018,Île-du-Prince-Édouard,Électroménagers,Sources des matières non résidentielles récupérées,11,27.44530496
2020,Île-du-Prince-Édouard,Électroménagers,Sources des matières non résidentielles récupérées,11,23.95462013
2018,Île-du-Prince-Édouard,Électroménagers,Sources des matières résidentielles récupérées,11,16.81921302
2020,Île-du-Prince-Édouard,Électroménagers,Sources des matières résidentielles récupérées,11,14.6802641
2018,Québec,Électroménagers,Toutes les sources des matières récupérées,24,0.0
2018,Québec,Électroménagers,Sources des matières résidentielles récupérées,24,0.0
2018,Québec,Électroménagers,Sources des matières non résidentielles récupérées,24,0.0
2020,Québec,Électroménagers,Toutes les sources des matières récupérées,24,0.0
2020,Québec,Électroménagers,Sources des matières résidentielles récupérées,24,0.0
2020,Québec,Électroménagers,Sources des matières non résidentielles récupérées,24,0.0
2018,Saskatchewan,Électroménagers,Toutes les sources des matières récupérées,47,1.596705708
2020,Saskatchewan,Électroménagers,Toutes les sources des matières récupérées,47,1.232957732
2018,Saskatchewan,Électroménagers,Sources des matières résidentielles récupérées,47,0.859897036
2018,Saskatchewan,Électroménagers,Sources des matières non résidentielles récupérées,47,0.736808672
2020,Territoires,Électroménagers,Toutes les sources des matières récupérées,,1.492113116
2018,Territoires,Électroménagers,Toutes les sources des matières récupérées,,0.922009333
2018,Territoires,Électroménagers,Sources des matières résidentielles récupérées,,0.83304352
2018,Territoires,Électroménagers,Sources des matières non résidentielles récupérées,,0.088965813
2020,,,,,260.5568381
2018,,,,,257.6880441
