Year,Units,État des stocks,Région,Groupe de stocks,Value
2011,Nombre de stocks,Zone saine,Canada,Tous les groupes de stocks,72.0
2012,Nombre de stocks,Zone saine,Canada,Tous les groupes de stocks,75.0
2013,Nombre de stocks,Zone saine,Canada,Tous les groupes de stocks,74.0
2014,Nombre de stocks,Zone saine,Canada,Tous les groupes de stocks,75.0
2015,Nombre de stocks,Zone saine,Canada,Tous les groupes de stocks,78.0
2016,Nombre de stocks,Zone saine,Canada,Tous les groupes de stocks,76.0
2017,Nombre de stocks,Zone saine,Canada,Tous les groupes de stocks,63.0
2018,Nombre de stocks,Zone saine,Canada,Tous les groupes de stocks,58.0
2019,Nombre de stocks,Zone saine,Canada,Tous les groupes de stocks,52.0
2020,Nombre de stocks,Zone saine,Canada,Tous les groupes de stocks,56.0
2021,Nombre de stocks,Zone saine,Canada,Tous les groupes de stocks,66.0
2022,Nombre de stocks,Zone saine,Canada,Tous les groupes de stocks,66.0
2011,Nombre de stocks,Zone de prudence,Canada,Tous les groupes de stocks,31.0
2012,Nombre de stocks,Zone de prudence,Canada,Tous les groupes de stocks,37.0
2013,Nombre de stocks,Zone de prudence,Canada,Tous les groupes de stocks,41.0
2014,Nombre de stocks,Zone de prudence,Canada,Tous les groupes de stocks,40.0
2015,Nombre de stocks,Zone de prudence,Canada,Tous les groupes de stocks,31.0
2016,Nombre de stocks,Zone de prudence,Canada,Tous les groupes de stocks,31.0
2017,Nombre de stocks,Zone de prudence,Canada,Tous les groupes de stocks,25.0
2018,Nombre de stocks,Zone de prudence,Canada,Tous les groupes de stocks,27.0
2019,Nombre de stocks,Zone de prudence,Canada,Tous les groupes de stocks,29.0
2020,Nombre de stocks,Zone de prudence,Canada,Tous les groupes de stocks,23.0
2021,Nombre de stocks,Zone de prudence,Canada,Tous les groupes de stocks,27.0
2022,Nombre de stocks,Zone de prudence,Canada,Tous les groupes de stocks,24.0
2011,Nombre de stocks,Zone critique,Canada,Tous les groupes de stocks,17.0
2012,Nombre de stocks,Zone critique,Canada,Tous les groupes de stocks,15.0
2013,Nombre de stocks,Zone critique,Canada,Tous les groupes de stocks,16.0
2014,Nombre de stocks,Zone critique,Canada,Tous les groupes de stocks,15.0
2015,Nombre de stocks,Zone critique,Canada,Tous les groupes de stocks,19.0
2016,Nombre de stocks,Zone critique,Canada,Tous les groupes de stocks,21.0
2017,Nombre de stocks,Zone critique,Canada,Tous les groupes de stocks,18.0
2018,Nombre de stocks,Zone critique,Canada,Tous les groupes de stocks,19.0
2019,Nombre de stocks,Zone critique,Canada,Tous les groupes de stocks,25.0
2020,Nombre de stocks,Zone critique,Canada,Tous les groupes de stocks,23.0
2021,Nombre de stocks,Zone critique,Canada,Tous les groupes de stocks,22.0
2022,Nombre de stocks,Zone critique,Canada,Tous les groupes de stocks,23.0
2011,Nombre de stocks,État incertain,Canada,Tous les groupes de stocks,35.0
2012,Nombre de stocks,État incertain,Canada,Tous les groupes de stocks,28.0
2013,Nombre de stocks,État incertain,Canada,Tous les groupes de stocks,24.0
2014,Nombre de stocks,État incertain,Canada,Tous les groupes de stocks,24.0
2015,Nombre de stocks,État incertain,Canada,Tous les groupes de stocks,31.0
2016,Nombre de stocks,État incertain,Canada,Tous les groupes de stocks,42.0
2017,Nombre de stocks,État incertain,Canada,Tous les groupes de stocks,73.0
2018,Nombre de stocks,État incertain,Canada,Tous les groupes de stocks,73.0
2019,Nombre de stocks,État incertain,Canada,Tous les groupes de stocks,70.0
2020,Nombre de stocks,État incertain,Canada,Tous les groupes de stocks,78.0
2021,Nombre de stocks,État incertain,Canada,Tous les groupes de stocks,77.0
2022,Nombre de stocks,État incertain,Canada,Tous les groupes de stocks,82.0
2011,Pourcentage,Zone saine,Canada,Tous les groupes de stocks,46.4516129032258
2012,Pourcentage,Zone saine,Canada,Tous les groupes de stocks,48.3870967741936
2013,Pourcentage,Zone saine,Canada,Tous les groupes de stocks,47.741935483871
2014,Pourcentage,Zone saine,Canada,Tous les groupes de stocks,48.7012987012987
2015,Pourcentage,Zone saine,Canada,Tous les groupes de stocks,49.0566037735849
2016,Pourcentage,Zone saine,Canada,Tous les groupes de stocks,44.7058823529412
2017,Pourcentage,Zone saine,Canada,Tous les groupes de stocks,35.195530726257
2018,Pourcentage,Zone saine,Canada,Tous les groupes de stocks,32.7683615819209
2019,Pourcentage,Zone saine,Canada,Tous les groupes de stocks,29.5454545454545
2020,Pourcentage,Zone saine,Canada,Tous les groupes de stocks,31.1111111111111
2021,Pourcentage,Zone saine,Canada,Tous les groupes de stocks,34.375
2022,Pourcentage,Zone saine,Canada,Tous les groupes de stocks,33.8461538461538
2011,Pourcentage,Zone de prudence,Canada,Tous les groupes de stocks,20.0
2012,Pourcentage,Zone de prudence,Canada,Tous les groupes de stocks,23.8709677419355
2013,Pourcentage,Zone de prudence,Canada,Tous les groupes de stocks,26.4516129032258
2014,Pourcentage,Zone de prudence,Canada,Tous les groupes de stocks,25.974025974026
2015,Pourcentage,Zone de prudence,Canada,Tous les groupes de stocks,19.4968553459119
2016,Pourcentage,Zone de prudence,Canada,Tous les groupes de stocks,18.2352941176471
2017,Pourcentage,Zone de prudence,Canada,Tous les groupes de stocks,13.9664804469274
2018,Pourcentage,Zone de prudence,Canada,Tous les groupes de stocks,15.2542372881356
2019,Pourcentage,Zone de prudence,Canada,Tous les groupes de stocks,16.4772727272727
2020,Pourcentage,Zone de prudence,Canada,Tous les groupes de stocks,12.7777777777778
2021,Pourcentage,Zone de prudence,Canada,Tous les groupes de stocks,14.0625
2022,Pourcentage,Zone de prudence,Canada,Tous les groupes de stocks,12.3076923076923
2011,Pourcentage,Zone critique,Canada,Tous les groupes de stocks,10.9677419354839
2012,Pourcentage,Zone critique,Canada,Tous les groupes de stocks,9.67741935483871
2013,Pourcentage,Zone critique,Canada,Tous les groupes de stocks,10.3225806451613
2014,Pourcentage,Zone critique,Canada,Tous les groupes de stocks,9.74025974025974
2015,Pourcentage,Zone critique,Canada,Tous les groupes de stocks,11.9496855345912
2016,Pourcentage,Zone critique,Canada,Tous les groupes de stocks,12.3529411764706
2017,Pourcentage,Zone critique,Canada,Tous les groupes de stocks,10.0558659217877
2018,Pourcentage,Zone critique,Canada,Tous les groupes de stocks,10.7344632768362
2019,Pourcentage,Zone critique,Canada,Tous les groupes de stocks,14.2045454545455
2020,Pourcentage,Zone critique,Canada,Tous les groupes de stocks,12.7777777777778
2021,Pourcentage,Zone critique,Canada,Tous les groupes de stocks,11.4583333333333
2022,Pourcentage,Zone critique,Canada,Tous les groupes de stocks,11.7948717948718
2011,Pourcentage,État incertain,Canada,Tous les groupes de stocks,22.5806451612903
2012,Pourcentage,État incertain,Canada,Tous les groupes de stocks,18.0645161290323
2013,Pourcentage,État incertain,Canada,Tous les groupes de stocks,15.4838709677419
2014,Pourcentage,État incertain,Canada,Tous les groupes de stocks,15.5844155844156
2015,Pourcentage,État incertain,Canada,Tous les groupes de stocks,19.4968553459119
2016,Pourcentage,État incertain,Canada,Tous les groupes de stocks,24.7058823529412
2017,Pourcentage,État incertain,Canada,Tous les groupes de stocks,40.7821229050279
2018,Pourcentage,État incertain,Canada,Tous les groupes de stocks,41.2429378531073
2019,Pourcentage,État incertain,Canada,Tous les groupes de stocks,39.7727272727273
2020,Pourcentage,État incertain,Canada,Tous les groupes de stocks,43.3333333333333
2021,Pourcentage,État incertain,Canada,Tous les groupes de stocks,40.1041666666667
2022,Pourcentage,État incertain,Canada,Tous les groupes de stocks,42.0512820512821
2011,Nombre de stocks,,,,103.0
2012,Nombre de stocks,,,,112.0
2013,Nombre de stocks,,,,115.0
2014,Nombre de stocks,,,,115.0
2015,Nombre de stocks,,,,109.0
2016,Nombre de stocks,,,,107.0
2017,Nombre de stocks,,,,88.0
2018,Nombre de stocks,,,,85.0
2019,Nombre de stocks,,,,81.0
2020,Nombre de stocks,,,,79.0
2021,Nombre de stocks,,,,93.0
2022,Nombre de stocks,,,,90.0
2011,Pourcentage,,,,66.4516129032258
2012,Pourcentage,,,,72.258064516129
2013,Pourcentage,,,,74.1935483870968
2014,Pourcentage,,,,74.6753246753247
2015,Pourcentage,,,,68.5534591194968
2016,Pourcentage,,,,62.9411764705882
2017,Pourcentage,,,,49.1620111731844
2018,Pourcentage,,,,48.0225988700565
2019,Pourcentage,,,,46.0227272727273
2020,Pourcentage,,,,43.8888888888889
2021,Pourcentage,,,,48.4375
2022,Pourcentage,,,,46.1538461538462
2022,Nombre,Zone saine,Pacifique,Tous les groupes de stocks,24.0
2022,Nombre,Zone de prudence,Pacifique,Tous les groupes de stocks,13.0
2022,Nombre,Zone critique,Pacifique,Tous les groupes de stocks,5.0
2022,Nombre,État incertain,Pacifique,Tous les groupes de stocks,15.0
2021,Nombre,Zone saine,Pacifique,Tous les groupes de stocks,23.0
2021,Nombre,Zone de prudence,Pacifique,Tous les groupes de stocks,16.0
2021,Nombre,Zone critique,Pacifique,Tous les groupes de stocks,4.0
2021,Nombre,État incertain,Pacifique,Tous les groupes de stocks,14.0
2022,Nombre,Zone saine,Arctique,Tous les groupes de stocks,2.0
2022,Nombre,Zone de prudence,Arctique,Tous les groupes de stocks,1.0
2022,Nombre,Zone critique,Arctique,Tous les groupes de stocks,0.0
2022,Nombre,État incertain,Arctique,Tous les groupes de stocks,18.0
2021,Nombre,Zone saine,Arctique,Tous les groupes de stocks,2.0
2021,Nombre,Zone de prudence,Arctique,Tous les groupes de stocks,1.0
2021,Nombre,Zone critique,Arctique,Tous les groupes de stocks,0.0
2021,Nombre,État incertain,Arctique,Tous les groupes de stocks,18.0
2022,Nombre,Zone saine,Atlantique,Tous les groupes de stocks,40.0
2022,Nombre,Zone de prudence,Atlantique,Tous les groupes de stocks,10.0
2022,Nombre,Zone critique,Atlantique,Tous les groupes de stocks,18.0
2022,Nombre,État incertain,Atlantique,Tous les groupes de stocks,49.0
2021,Nombre,Zone saine,Atlantique,Tous les groupes de stocks,41.0
2021,Nombre,Zone de prudence,Atlantique,Tous les groupes de stocks,10.0
2021,Nombre,Zone critique,Atlantique,Tous les groupes de stocks,18.0
2021,Nombre,État incertain,Atlantique,Tous les groupes de stocks,45.0
2022,Pourcentage,Zone saine,Pacifique,Tous les groupes de stocks,0.421052631578947
2022,Pourcentage,Zone de prudence,Pacifique,Tous les groupes de stocks,0.228070175438596
2022,Pourcentage,Zone critique,Pacifique,Tous les groupes de stocks,0.087719298245614
2022,Pourcentage,État incertain,Pacifique,Tous les groupes de stocks,0.263157894736842
2021,Pourcentage,Zone saine,Pacifique,Tous les groupes de stocks,0.403508771929825
2021,Pourcentage,Zone de prudence,Pacifique,Tous les groupes de stocks,0.280701754385965
2021,Pourcentage,Zone critique,Pacifique,Tous les groupes de stocks,0.0701754385964912
2021,Pourcentage,État incertain,Pacifique,Tous les groupes de stocks,0.245614035087719
2022,Pourcentage,Zone saine,Arctique,Tous les groupes de stocks,0.0952380952380952
2022,Pourcentage,Zone de prudence,Arctique,Tous les groupes de stocks,0.0476190476190476
2022,Pourcentage,Zone critique,Arctique,Tous les groupes de stocks,0.0
2022,Pourcentage,État incertain,Arctique,Tous les groupes de stocks,0.857142857142857
2021,Pourcentage,Zone saine,Arctique,Tous les groupes de stocks,0.0952380952380952
2021,Pourcentage,Zone de prudence,Arctique,Tous les groupes de stocks,0.0476190476190476
2021,Pourcentage,Zone critique,Arctique,Tous les groupes de stocks,0.0
2021,Pourcentage,État incertain,Arctique,Tous les groupes de stocks,0.857142857142857
2022,Pourcentage,Zone saine,Atlantique,Tous les groupes de stocks,0.341880341880342
2022,Pourcentage,Zone de prudence,Atlantique,Tous les groupes de stocks,0.0854700854700855
2022,Pourcentage,Zone critique,Atlantique,Tous les groupes de stocks,0.153846153846154
2022,Pourcentage,État incertain,Atlantique,Tous les groupes de stocks,0.418803418803419
2021,Pourcentage,Zone saine,Atlantique,Tous les groupes de stocks,0.359649122807018
2021,Pourcentage,Zone de prudence,Atlantique,Tous les groupes de stocks,0.087719298245614
2021,Pourcentage,Zone critique,Atlantique,Tous les groupes de stocks,0.157894736842105
2021,Pourcentage,État incertain,Atlantique,Tous les groupes de stocks,0.394736842105263
2022,Nombre,Zone de prudence et la zone saine,Pacifique,Tous les groupes de stocks,37.0
2021,Nombre,Zone de prudence et la zone saine,Pacifique,Tous les groupes de stocks,39.0
2022,Nombre,Zone de prudence et la zone saine,Arctique,Tous les groupes de stocks,3.0
2021,Nombre,Zone de prudence et la zone saine,Arctique,Tous les groupes de stocks,3.0
2022,Nombre,Zone de prudence et la zone saine,Atlantique,Tous les groupes de stocks,50.0
2021,Nombre,Zone de prudence et la zone saine,Atlantique,Tous les groupes de stocks,51.0
2022,Pourcentage,Zone de prudence et la zone saine,Pacifique,Tous les groupes de stocks,0.649122807017544
2021,Pourcentage,Zone de prudence et la zone saine,Pacifique,Tous les groupes de stocks,0.684210526315789
2022,Pourcentage,Zone de prudence et la zone saine,Arctique,Tous les groupes de stocks,0.142857142857143
2021,Pourcentage,Zone de prudence et la zone saine,Arctique,Tous les groupes de stocks,0.142857142857143
2022,Pourcentage,Zone de prudence et la zone saine,Atlantique,Tous les groupes de stocks,0.427350427350427
2021,Pourcentage,Zone de prudence et la zone saine,Atlantique,Tous les groupes de stocks,0.447368421052632
2022,Nombre,Zone saine,Canada,Mammifères marins,2.0
2022,Nombre,Zone saine,Canada,Poissons de fond,17.0
2022,Nombre,Zone saine,Canada,Petits poissons pélagiques,2.0
2022,Nombre,Zone saine,Canada,Grands poissons pélagiques,1.0
2022,Nombre,Zone saine,Canada,Salmonidés,5.0
2022,Nombre,Zone saine,Canada,Crustacés,30.0
2022,Nombre,Zone saine,Canada,Mollusques,6.0
2022,Nombre,Zone saine,Canada,Autres,3.0
2021,Nombre,Zone saine,Canada,Mammifères marins,2.0
2021,Nombre,Zone saine,Canada,Poissons de fond,18.0
2021,Nombre,Zone saine,Canada,Petits poissons pélagiques,1.0
2021,Nombre,Zone saine,Canada,Grands poissons pélagiques,2.0
2021,Nombre,Zone saine,Canada,Salmonidés,5.0
2021,Nombre,Zone saine,Canada,Crustacés,29.0
2021,Nombre,Zone saine,Canada,Mollusques,6.0
2021,Nombre,Zone saine,Canada,Autres,6.0
2022,Nombre,Zone de prudence,Canada,Mammifères marins,0.0
2022,Nombre,Zone de prudence,Canada,Poissons de fond,8.0
2022,Nombre,Zone de prudence,Canada,Petits poissons pélagiques,5.0
2022,Nombre,Zone de prudence,Canada,Grands poissons pélagiques,0.0
2022,Nombre,Zone de prudence,Canada,Salmonidés,8.0
2022,Nombre,Zone de prudence,Canada,Crustacés,2.0
2022,Nombre,Zone de prudence,Canada,Mollusques,1.0
2022,Nombre,Zone de prudence,Canada,Autres,0.0
2021,Nombre,Zone de prudence,Canada,Mammifères marins,0.0
2021,Nombre,Zone de prudence,Canada,Poissons de fond,9.0
2021,Nombre,Zone de prudence,Canada,Petits poissons pélagiques,5.0
2021,Nombre,Zone de prudence,Canada,Grands poissons pélagiques,0.0
2021,Nombre,Zone de prudence,Canada,Salmonidés,9.0
2021,Nombre,Zone de prudence,Canada,Crustacés,3.0
2021,Nombre,Zone de prudence,Canada,Mollusques,1.0
2021,Nombre,Zone de prudence,Canada,Autres,0.0
2022,Nombre,Zone critique,Canada,Mammifères marins,0.0
2022,Nombre,Zone critique,Canada,Poissons de fond,11.0
2022,Nombre,Zone critique,Canada,Petits poissons pélagiques,4.0
2022,Nombre,Zone critique,Canada,Grands poissons pélagiques,0.0
2022,Nombre,Zone critique,Canada,Salmonidés,5.0
2022,Nombre,Zone critique,Canada,Crustacés,2.0
2022,Nombre,Zone critique,Canada,Mollusques,1.0
2022,Nombre,Zone critique,Canada,Autres,0.0
2021,Nombre,Zone critique,Canada,Mammifères marins,0.0
2021,Nombre,Zone critique,Canada,Poissons de fond,11.0
2021,Nombre,Zone critique,Canada,Petits poissons pélagiques,4.0
2021,Nombre,Zone critique,Canada,Grands poissons pélagiques,0.0
2021,Nombre,Zone critique,Canada,Salmonidés,4.0
2021,Nombre,Zone critique,Canada,Crustacés,2.0
2021,Nombre,Zone critique,Canada,Mollusques,1.0
2021,Nombre,Zone critique,Canada,Autres,0.0
2022,Nombre,État incertain,Canada,Mammifères marins,15.0
2022,Nombre,État incertain,Canada,Poissons de fond,15.0
2022,Nombre,État incertain,Canada,Petits poissons pélagiques,13.0
2022,Nombre,État incertain,Canada,Grands poissons pélagiques,1.0
2022,Nombre,État incertain,Canada,Salmonidés,7.0
2022,Nombre,État incertain,Canada,Crustacés,18.0
2022,Nombre,État incertain,Canada,Mollusques,10.0
2022,Nombre,État incertain,Canada,Autres,3.0
2021,Nombre,État incertain,Canada,Mammifères marins,15.0
2021,Nombre,État incertain,Canada,Poissons de fond,14.0
2021,Nombre,État incertain,Canada,Petits poissons pélagiques,10.0
2021,Nombre,État incertain,Canada,Grands poissons pélagiques,1.0
2021,Nombre,État incertain,Canada,Salmonidés,6.0
2021,Nombre,État incertain,Canada,Crustacés,18.0
2021,Nombre,État incertain,Canada,Mollusques,10.0
2021,Nombre,État incertain,Canada,Autres,3.0
2022,Pourcentage,Zone saine,Canada,Mammifères marins,0.117647058823529
2022,Pourcentage,Zone saine,Canada,Poissons de fond,0.333333333333333
2022,Pourcentage,Zone saine,Canada,Petits poissons pélagiques,0.0833333333333333
2022,Pourcentage,Zone saine,Canada,Grands poissons pélagiques,0.5
2022,Pourcentage,Zone saine,Canada,Salmonidés,0.2
2022,Pourcentage,Zone saine,Canada,Crustacés,0.576923076923077
2022,Pourcentage,Zone saine,Canada,Mollusques,0.333333333333333
2022,Pourcentage,Zone saine,Canada,Autres,0.5
2021,Pourcentage,Zone saine,Canada,Mammifères marins,0.117647058823529
2021,Pourcentage,Zone saine,Canada,Poissons de fond,0.346153846153846
2021,Pourcentage,Zone saine,Canada,Petits poissons pélagiques,0.05
2021,Pourcentage,Zone saine,Canada,Grands poissons pélagiques,0.666666666666667
2021,Pourcentage,Zone saine,Canada,Salmonidés,0.208333333333333
2021,Pourcentage,Zone saine,Canada,Crustacés,0.557692307692308
2021,Pourcentage,Zone saine,Canada,Mollusques,0.333333333333333
2021,Pourcentage,Zone saine,Canada,Autres,0.666666666666667
2022,Pourcentage,Zone de prudence,Canada,Mammifères marins,0.0
2022,Pourcentage,Zone de prudence,Canada,Poissons de fond,0.156862745098039
2022,Pourcentage,Zone de prudence,Canada,Petits poissons pélagiques,0.208333333333333
2022,Pourcentage,Zone de prudence,Canada,Grands poissons pélagiques,0.0
2022,Pourcentage,Zone de prudence,Canada,Salmonidés,0.32
2022,Pourcentage,Zone de prudence,Canada,Crustacés,0.0384615384615385
2022,Pourcentage,Zone de prudence,Canada,Mollusques,0.0555555555555556
2022,Pourcentage,Zone de prudence,Canada,Autres,0.0
2021,Pourcentage,Zone de prudence,Canada,Mammifères marins,0.0
2021,Pourcentage,Zone de prudence,Canada,Poissons de fond,0.173076923076923
2021,Pourcentage,Zone de prudence,Canada,Petits poissons pélagiques,0.25
2021,Pourcentage,Zone de prudence,Canada,Grands poissons pélagiques,0.0
2021,Pourcentage,Zone de prudence,Canada,Salmonidés,0.375
2021,Pourcentage,Zone de prudence,Canada,Crustacés,0.0576923076923077
2021,Pourcentage,Zone de prudence,Canada,Mollusques,0.0555555555555556
2021,Pourcentage,Zone de prudence,Canada,Autres,0.0
2022,Pourcentage,Zone critique,Canada,Mammifères marins,0.0
2022,Pourcentage,Zone critique,Canada,Poissons de fond,0.215686274509804
2022,Pourcentage,Zone critique,Canada,Petits poissons pélagiques,0.166666666666667
2022,Pourcentage,Zone critique,Canada,Grands poissons pélagiques,0.0
2022,Pourcentage,Zone critique,Canada,Salmonidés,0.2
2022,Pourcentage,Zone critique,Canada,Crustacés,0.0384615384615385
2022,Pourcentage,Zone critique,Canada,Mollusques,0.0555555555555556
2022,Pourcentage,Zone critique,Canada,Autres,0.0
2021,Pourcentage,Zone critique,Canada,Mammifères marins,0.0
2021,Pourcentage,Zone critique,Canada,Poissons de fond,0.211538461538462
2021,Pourcentage,Zone critique,Canada,Petits poissons pélagiques,0.2
2021,Pourcentage,Zone critique,Canada,Grands poissons pélagiques,0.0
2021,Pourcentage,Zone critique,Canada,Salmonidés,0.166666666666667
2021,Pourcentage,Zone critique,Canada,Crustacés,0.0384615384615385
2021,Pourcentage,Zone critique,Canada,Mollusques,0.0555555555555556
2021,Pourcentage,Zone critique,Canada,Autres,0.0
2022,Pourcentage,État incertain,Canada,Mammifères marins,0.882352941176471
2022,Pourcentage,État incertain,Canada,Poissons de fond,0.294117647058824
2022,Pourcentage,État incertain,Canada,Petits poissons pélagiques,0.541666666666667
2022,Pourcentage,État incertain,Canada,Grands poissons pélagiques,0.5
2022,Pourcentage,État incertain,Canada,Salmonidés,0.28
2022,Pourcentage,État incertain,Canada,Crustacés,0.346153846153846
2022,Pourcentage,État incertain,Canada,Mollusques,0.555555555555556
2022,Pourcentage,État incertain,Canada,Autres,0.5
2021,Pourcentage,État incertain,Canada,Mammifères marins,0.882352941176471
2021,Pourcentage,État incertain,Canada,Poissons de fond,0.269230769230769
2021,Pourcentage,État incertain,Canada,Petits poissons pélagiques,0.5
2021,Pourcentage,État incertain,Canada,Grands poissons pélagiques,0.333333333333333
2021,Pourcentage,État incertain,Canada,Salmonidés,0.25
2021,Pourcentage,État incertain,Canada,Crustacés,0.346153846153846
2021,Pourcentage,État incertain,Canada,Mollusques,0.555555555555556
2021,Pourcentage,État incertain,Canada,Autres,0.333333333333333
2022,Nombre,Zone de prudence et la zone saine,Canada,Mammifères marins,2.0
2022,Nombre,Zone de prudence et la zone saine,Canada,Poissons de fond,25.0
2022,Nombre,Zone de prudence et la zone saine,Canada,Petits poissons pélagiques,7.0
2022,Nombre,Zone de prudence et la zone saine,Canada,Grands poissons pélagiques,1.0
2022,Nombre,Zone de prudence et la zone saine,Canada,Salmonidés,13.0
2022,Nombre,Zone de prudence et la zone saine,Canada,Crustacés,32.0
2022,Nombre,Zone de prudence et la zone saine,Canada,Mollusques,7.0
2022,Nombre,Zone de prudence et la zone saine,Canada,Autres,3.0
2021,Nombre,Zone de prudence et la zone saine,Canada,Mammifères marins,2.0
2021,Nombre,Zone de prudence et la zone saine,Canada,Poissons de fond,27.0
2021,Nombre,Zone de prudence et la zone saine,Canada,Petits poissons pélagiques,6.0
2021,Nombre,Zone de prudence et la zone saine,Canada,Grands poissons pélagiques,2.0
2021,Nombre,Zone de prudence et la zone saine,Canada,Salmonidés,14.0
2021,Nombre,Zone de prudence et la zone saine,Canada,Crustacés,32.0
2021,Nombre,Zone de prudence et la zone saine,Canada,Mollusques,7.0
2021,Nombre,Zone de prudence et la zone saine,Canada,Autres,6.0
2022,Pourcentage,Zone de prudence et la zone saine,Canada,Mammifères marins,0.117647058823529
2022,Pourcentage,Zone de prudence et la zone saine,Canada,Poissons de fond,0.490196078431373
2022,Pourcentage,Zone de prudence et la zone saine,Canada,Petits poissons pélagiques,0.291666666666667
2022,Pourcentage,Zone de prudence et la zone saine,Canada,Grands poissons pélagiques,0.5
2022,Pourcentage,Zone de prudence et la zone saine,Canada,Salmonidés,0.52
2022,Pourcentage,Zone de prudence et la zone saine,Canada,Crustacés,0.615384615384615
2022,Pourcentage,Zone de prudence et la zone saine,Canada,Mollusques,0.388888888888889
2022,Pourcentage,Zone de prudence et la zone saine,Canada,Autres,0.5
2021,Pourcentage,Zone de prudence et la zone saine,Canada,Mammifères marins,0.117647058823529
2021,Pourcentage,Zone de prudence et la zone saine,Canada,Poissons de fond,0.519230769230769
2021,Pourcentage,Zone de prudence et la zone saine,Canada,Petits poissons pélagiques,0.3
2021,Pourcentage,Zone de prudence et la zone saine,Canada,Grands poissons pélagiques,0.666666666666667
2021,Pourcentage,Zone de prudence et la zone saine,Canada,Salmonidés,0.583333333333333
2021,Pourcentage,Zone de prudence et la zone saine,Canada,Crustacés,0.615384615384615
2021,Pourcentage,Zone de prudence et la zone saine,Canada,Mollusques,0.388888888888889
2021,Pourcentage,Zone de prudence et la zone saine,Canada,Autres,0.666666666666667
