Year,Géographie,data.Violations,Value
2015,Canada,data.Homicide,1.71
2016,Canada,data.Homicide,1.69
2017,Canada,data.Homicide,1.82
2018,Canada,data.Homicide,1.78
2019,Canada,data.Homicide,1.8
2015,Canada,data.Total other violations causing death,0.24
2016,Canada,data.Total other violations causing death,0.3
2017,Canada,data.Total other violations causing death,0.27
2018,Canada,data.Total other violations causing death,0.36
2019,Canada,data.Total other violations causing death,0.29
2015,Canada,data.Attempted murder,2.18
2016,Canada,data.Attempted murder,2.18
2017,Canada,data.Attempted murder,2.25
2018,Canada,data.Attempted murder,2.22
2019,Canada,data.Attempted murder,2.3
2015,Canada,data.Sexual assault level 3 aggravated,0.29
2016,Canada,data.Sexual assault level 3 aggravated,0.31
2017,Canada,data.Sexual assault level 3 aggravated,0.44
2018,Canada,data.Sexual assault level 3 aggravated,0.43
2019,Canada,data.Sexual assault level 3 aggravated,0.33
2015,Canada,data.Sexual assault level 2 weapon or bodily harm,1.06
2016,Canada,data.Sexual assault level 2 weapon or bodily harm,1.09
2017,Canada,data.Sexual assault level 2 weapon or bodily harm,1.16
2018,Canada,data.Sexual assault level 2 weapon or bodily harm,1.32
2019,Canada,data.Sexual assault level 2 weapon or bodily harm,1.4
2015,Canada,data.Sexual assault level 1,57.32
2016,Canada,data.Sexual assault level 1,58.36
2017,Canada,data.Sexual assault level 1,66.11
2018,Canada,data.Sexual assault level 1,75.31
2019,Canada,data.Sexual assault level 1,80.57
2015,Canada,data.Total sexual violations against children,14.72
2016,Canada,data.Total sexual violations against children,20.31
2017,Canada,data.Total sexual violations against children,22.65
2018,Canada,data.Total sexual violations against children,24.49
2019,Canada,data.Total sexual violations against children,26.7
2015,Canada,data.Assault level 3 aggravated,9.3
2016,Canada,data.Assault level 3 aggravated,9.6
2017,Canada,data.Assault level 3 aggravated,9.81
2018,Canada,data.Assault level 3 aggravated,9.67
2019,Canada,data.Assault level 3 aggravated,10.44
2015,Canada,data.Assault level 2 weapon or bodily harm,132.73
2016,Canada,data.Assault level 2 weapon or bodily harm,138.32
2017,Canada,data.Assault level 2 weapon or bodily harm,142.68
2018,Canada,data.Assault level 2 weapon or bodily harm,146.31
2019,Canada,data.Assault level 2 weapon or bodily harm,158.07
2015,Canada,data.Assault level 1,439.87
2016,Canada,data.Assault level 1,441.97
2017,Canada,data.Assault level 1,446.81
2018,Canada,data.Assault level 1,459.12
2019,Canada,data.Assault level 1,499.68
2015,Canada,data.Total robbery,62.04
2016,Canada,data.Total robbery,60.81
2017,Canada,data.Total robbery,62.48
2018,Canada,data.Total robbery,60.85
2019,Canada,data.Total robbery,61.98
2015,Canada,data.Uttering threats,175.94
2016,Canada,data.Uttering threats,168.68
2017,Canada,data.Uttering threats,173.19
2018,Canada,data.Uttering threats,180.28
2019,Canada,data.Uttering threats,216.45
2015,Canada,data.Total other violent violations,14.16
2016,Canada,data.Total other violent violations,14.56
2017,Canada,data.Total other violent violations,17.31
2018,Canada,data.Total other violent violations,15.95
2019,Canada,data.Total other violent violations,18.86
2015,Terre-Neuve-et-Labrador,data.Homicide,0.57
2016,Terre-Neuve-et-Labrador,data.Homicide,1.32
2017,Terre-Neuve-et-Labrador,data.Homicide,0.76
2018,Terre-Neuve-et-Labrador,data.Homicide,0.38
2019,Terre-Neuve-et-Labrador,data.Homicide,0.96
2015,Terre-Neuve-et-Labrador,data.Total other violations causing death,0.0
2016,Terre-Neuve-et-Labrador,data.Total other violations causing death,0.38
2017,Terre-Neuve-et-Labrador,data.Total other violations causing death,0.19
2018,Terre-Neuve-et-Labrador,data.Total other violations causing death,0.38
2019,Terre-Neuve-et-Labrador,data.Total other violations causing death,0.19
2015,Terre-Neuve-et-Labrador,data.Attempted murder,0.76
2016,Terre-Neuve-et-Labrador,data.Attempted murder,1.51
2017,Terre-Neuve-et-Labrador,data.Attempted murder,0.95
2018,Terre-Neuve-et-Labrador,data.Attempted murder,0.76
2019,Terre-Neuve-et-Labrador,data.Attempted murder,0.77
2015,Terre-Neuve-et-Labrador,data.Sexual assault level 3 aggravated,0.19
2016,Terre-Neuve-et-Labrador,data.Sexual assault level 3 aggravated,0.0
2017,Terre-Neuve-et-Labrador,data.Sexual assault level 3 aggravated,0.19
2018,Terre-Neuve-et-Labrador,data.Sexual assault level 3 aggravated,0.0
2019,Terre-Neuve-et-Labrador,data.Sexual assault level 3 aggravated,0.0
2015,Terre-Neuve-et-Labrador,data.Sexual assault level 2 weapon or bodily harm,0.19
2016,Terre-Neuve-et-Labrador,data.Sexual assault level 2 weapon or bodily harm,0.76
2017,Terre-Neuve-et-Labrador,data.Sexual assault level 2 weapon or bodily harm,0.38
2018,Terre-Neuve-et-Labrador,data.Sexual assault level 2 weapon or bodily harm,0.95
2019,Terre-Neuve-et-Labrador,data.Sexual assault level 2 weapon or bodily harm,0.58
2015,Terre-Neuve-et-Labrador,data.Sexual assault level 1,68.55
2016,Terre-Neuve-et-Labrador,data.Sexual assault level 1,56.85
2017,Terre-Neuve-et-Labrador,data.Sexual assault level 1,61.51
2018,Terre-Neuve-et-Labrador,data.Sexual assault level 1,65.64
2019,Terre-Neuve-et-Labrador,data.Sexual assault level 1,74.39
2015,Terre-Neuve-et-Labrador,data.Total sexual violations against children,19.12
2016,Terre-Neuve-et-Labrador,data.Total sexual violations against children,24.18
2017,Terre-Neuve-et-Labrador,data.Total sexual violations against children,25.93
2018,Terre-Neuve-et-Labrador,data.Total sexual violations against children,23.21
2019,Terre-Neuve-et-Labrador,data.Total sexual violations against children,28.38
2015,Terre-Neuve-et-Labrador,data.Assault level 3 aggravated,7.38
2016,Terre-Neuve-et-Labrador,data.Assault level 3 aggravated,9.26
2017,Terre-Neuve-et-Labrador,data.Assault level 3 aggravated,8.9
2018,Terre-Neuve-et-Labrador,data.Assault level 3 aggravated,6.85
2019,Terre-Neuve-et-Labrador,data.Assault level 3 aggravated,5.56
2015,Terre-Neuve-et-Labrador,data.Assault level 2 weapon or bodily harm,114.94
2016,Terre-Neuve-et-Labrador,data.Assault level 2 weapon or bodily harm,106.15
2017,Terre-Neuve-et-Labrador,data.Assault level 2 weapon or bodily harm,114.7
2018,Terre-Neuve-et-Labrador,data.Assault level 2 weapon or bodily harm,111.3
2019,Terre-Neuve-et-Labrador,data.Assault level 2 weapon or bodily harm,136.71
2015,Terre-Neuve-et-Labrador,data.Assault level 1,600.44
2016,Terre-Neuve-et-Labrador,data.Assault level 1,577.8
2017,Terre-Neuve-et-Labrador,data.Assault level 1,567.42
2018,Terre-Neuve-et-Labrador,data.Assault level 1,566.78
2019,Terre-Neuve-et-Labrador,data.Assault level 1,636.0
2015,Terre-Neuve-et-Labrador,data.Total robbery,35.41
2016,Terre-Neuve-et-Labrador,data.Total robbery,42.12
2017,Terre-Neuve-et-Labrador,data.Total robbery,35.01
2018,Terre-Neuve-et-Labrador,data.Total robbery,40.91
2019,Terre-Neuve-et-Labrador,data.Total robbery,31.06
2015,Terre-Neuve-et-Labrador,data.Uttering threats,351.82
2016,Terre-Neuve-et-Labrador,data.Uttering threats,329.6
2017,Terre-Neuve-et-Labrador,data.Uttering threats,313.99
2018,Terre-Neuve-et-Labrador,data.Uttering threats,333.9
2019,Terre-Neuve-et-Labrador,data.Uttering threats,397.09
2015,Terre-Neuve-et-Labrador,data.Total other violent violations,9.09
2016,Terre-Neuve-et-Labrador,data.Total other violent violations,8.31
2017,Terre-Neuve-et-Labrador,data.Total other violent violations,13.44
2018,Terre-Neuve-et-Labrador,data.Total other violent violations,18.65
2019,Terre-Neuve-et-Labrador,data.Total other violent violations,18.98
2015,Île-du-Prince-Édouard,data.Homicide,0.69
2016,Île-du-Prince-Édouard,data.Homicide,0.0
2017,Île-du-Prince-Édouard,data.Homicide,1.33
2018,Île-du-Prince-Édouard,data.Homicide,0.0
2019,Île-du-Prince-Édouard,data.Homicide,1.27
2015,Île-du-Prince-Édouard,data.Total other violations causing death,0.0
2016,Île-du-Prince-Édouard,data.Total other violations causing death,0.0
2017,Île-du-Prince-Édouard,data.Total other violations causing death,0.0
2018,Île-du-Prince-Édouard,data.Total other violations causing death,0.0
2019,Île-du-Prince-Édouard,data.Total other violations causing death,0.64
2015,Île-du-Prince-Édouard,data.Attempted murder,2.08
2016,Île-du-Prince-Édouard,data.Attempted murder,0.0
2017,Île-du-Prince-Édouard,data.Attempted murder,1.33
2018,Île-du-Prince-Édouard,data.Attempted murder,0.65
2019,Île-du-Prince-Édouard,data.Attempted murder,0.0
2015,Île-du-Prince-Édouard,data.Sexual assault level 3 aggravated,0.0
2016,Île-du-Prince-Édouard,data.Sexual assault level 3 aggravated,0.0
2017,Île-du-Prince-Édouard,data.Sexual assault level 3 aggravated,0.0
2018,Île-du-Prince-Édouard,data.Sexual assault level 3 aggravated,0.65
2019,Île-du-Prince-Édouard,data.Sexual assault level 3 aggravated,0.0
2015,Île-du-Prince-Édouard,data.Sexual assault level 2 weapon or bodily harm,0.0
2016,Île-du-Prince-Édouard,data.Sexual assault level 2 weapon or bodily harm,0.68
2017,Île-du-Prince-Édouard,data.Sexual assault level 2 weapon or bodily harm,0.0
2018,Île-du-Prince-Édouard,data.Sexual assault level 2 weapon or bodily harm,0.65
2019,Île-du-Prince-Édouard,data.Sexual assault level 2 weapon or bodily harm,0.0
2015,Île-du-Prince-Édouard,data.Sexual assault level 1,48.43
2016,Île-du-Prince-Édouard,data.Sexual assault level 1,48.31
2017,Île-du-Prince-Édouard,data.Sexual assault level 1,45.85
2018,Île-du-Prince-Édouard,data.Sexual assault level 1,68.37
2019,Île-du-Prince-Édouard,data.Sexual assault level 1,83.47
2015,Île-du-Prince-Édouard,data.Total sexual violations against children,15.91
2016,Île-du-Prince-Édouard,data.Total sexual violations against children,23.13
2017,Île-du-Prince-Édouard,data.Total sexual violations against children,18.61
2018,Île-du-Prince-Édouard,data.Total sexual violations against children,23.44
2019,Île-du-Prince-Édouard,data.Total sexual violations against children,31.86
2015,Île-du-Prince-Édouard,data.Assault level 3 aggravated,4.15
2016,Île-du-Prince-Édouard,data.Assault level 3 aggravated,4.08
2017,Île-du-Prince-Édouard,data.Assault level 3 aggravated,4.65
2018,Île-du-Prince-Édouard,data.Assault level 3 aggravated,1.95
2019,Île-du-Prince-Édouard,data.Assault level 3 aggravated,1.91
2015,Île-du-Prince-Édouard,data.Assault level 2 weapon or bodily harm,62.26
2016,Île-du-Prince-Édouard,data.Assault level 2 weapon or bodily harm,66.0
2017,Île-du-Prince-Édouard,data.Assault level 2 weapon or bodily harm,79.74
2018,Île-du-Prince-Édouard,data.Assault level 2 weapon or bodily harm,69.02
2019,Île-du-Prince-Édouard,data.Assault level 2 weapon or bodily harm,68.81
2015,Île-du-Prince-Édouard,data.Assault level 1,312.7
2016,Île-du-Prince-Édouard,data.Assault level 1,335.44
2017,Île-du-Prince-Édouard,data.Assault level 1,383.43
2018,Île-du-Prince-Édouard,data.Assault level 1,413.45
2019,Île-du-Prince-Édouard,data.Assault level 1,463.21
2015,Île-du-Prince-Édouard,data.Total robbery,11.07
2016,Île-du-Prince-Édouard,data.Total robbery,12.25
2017,Île-du-Prince-Édouard,data.Total robbery,11.96
2018,Île-du-Prince-Édouard,data.Total robbery,13.67
2019,Île-du-Prince-Édouard,data.Total robbery,15.29
2015,Île-du-Prince-Édouard,data.Uttering threats,140.44
2016,Île-du-Prince-Édouard,data.Uttering threats,153.77
2017,Île-du-Prince-Édouard,data.Uttering threats,179.42
2018,Île-du-Prince-Édouard,data.Uttering threats,224.63
2019,Île-du-Prince-Édouard,data.Uttering threats,271.43
2015,Île-du-Prince-Édouard,data.Total other violent violations,13.84
2016,Île-du-Prince-Édouard,data.Total other violent violations,4.08
2017,Île-du-Prince-Édouard,data.Total other violent violations,4.65
2018,Île-du-Prince-Édouard,data.Total other violent violations,14.32
2019,Île-du-Prince-Édouard,data.Total other violent violations,21.03
2015,Nouvelle-Écosse,data.Homicide,1.28
2016,Nouvelle-Écosse,data.Homicide,1.38
2017,Nouvelle-Écosse,data.Homicide,2.21
2018,Nouvelle-Écosse,data.Homicide,1.15
2019,Nouvelle-Écosse,data.Homicide,0.62
2015,Nouvelle-Écosse,data.Total other violations causing death,0.21
2016,Nouvelle-Écosse,data.Total other violations causing death,0.32
2017,Nouvelle-Écosse,data.Total other violations causing death,0.21
2018,Nouvelle-Écosse,data.Total other violations causing death,0.31
2019,Nouvelle-Écosse,data.Total other violations causing death,0.82
2015,Nouvelle-Écosse,data.Attempted murder,3.52
2016,Nouvelle-Écosse,data.Attempted murder,2.97
2017,Nouvelle-Écosse,data.Attempted murder,2.84
2018,Nouvelle-Écosse,data.Attempted murder,1.98
2019,Nouvelle-Écosse,data.Attempted murder,4.43
2015,Nouvelle-Écosse,data.Sexual assault level 3 aggravated,0.43
2016,Nouvelle-Écosse,data.Sexual assault level 3 aggravated,0.42
2017,Nouvelle-Écosse,data.Sexual assault level 3 aggravated,0.42
2018,Nouvelle-Écosse,data.Sexual assault level 3 aggravated,0.73
2019,Nouvelle-Écosse,data.Sexual assault level 3 aggravated,0.31
2015,Nouvelle-Écosse,data.Sexual assault level 2 weapon or bodily harm,0.75
2016,Nouvelle-Écosse,data.Sexual assault level 2 weapon or bodily harm,0.74
2017,Nouvelle-Écosse,data.Sexual assault level 2 weapon or bodily harm,0.95
2018,Nouvelle-Écosse,data.Sexual assault level 2 weapon or bodily harm,0.73
2019,Nouvelle-Écosse,data.Sexual assault level 2 weapon or bodily harm,1.54
2015,Nouvelle-Écosse,data.Sexual assault level 1,69.62
2016,Nouvelle-Écosse,data.Sexual assault level 1,66.08
2017,Nouvelle-Écosse,data.Sexual assault level 1,78.07
2018,Nouvelle-Écosse,data.Sexual assault level 1,107.76
2019,Nouvelle-Écosse,data.Sexual assault level 1,91.11
2015,Nouvelle-Écosse,data.Total sexual violations against children,21.14
2016,Nouvelle-Écosse,data.Total sexual violations against children,23.23
2017,Nouvelle-Écosse,data.Total sexual violations against children,26.73
2018,Nouvelle-Écosse,data.Total sexual violations against children,27.1
2019,Nouvelle-Écosse,data.Total sexual violations against children,31.91
2015,Nouvelle-Écosse,data.Assault level 3 aggravated,9.5
2016,Nouvelle-Écosse,data.Assault level 3 aggravated,9.12
2017,Nouvelle-Écosse,data.Assault level 3 aggravated,8.94
2018,Nouvelle-Écosse,data.Assault level 3 aggravated,8.34
2019,Nouvelle-Écosse,data.Assault level 3 aggravated,10.81
2015,Nouvelle-Écosse,data.Assault level 2 weapon or bodily harm,112.44
2016,Nouvelle-Écosse,data.Assault level 2 weapon or bodily harm,111.37
2017,Nouvelle-Écosse,data.Assault level 2 weapon or bodily harm,113.85
2018,Nouvelle-Écosse,data.Assault level 2 weapon or bodily harm,111.72
2019,Nouvelle-Écosse,data.Assault level 2 weapon or bodily harm,118.28
2015,Nouvelle-Écosse,data.Assault level 1,461.17
2016,Nouvelle-Écosse,data.Assault level 1,446.23
2017,Nouvelle-Écosse,data.Assault level 1,482.64
2018,Nouvelle-Écosse,data.Assault level 1,479.62
2019,Nouvelle-Écosse,data.Assault level 1,511.64
2015,Nouvelle-Écosse,data.Total robbery,34.28
2016,Nouvelle-Écosse,data.Total robbery,28.74
2017,Nouvelle-Écosse,data.Total robbery,32.51
2018,Nouvelle-Écosse,data.Total robbery,32.73
2019,Nouvelle-Écosse,data.Total robbery,24.4
2015,Nouvelle-Écosse,data.Uttering threats,260.11
2016,Nouvelle-Écosse,data.Uttering threats,244.27
2017,Nouvelle-Écosse,data.Uttering threats,255.79
2018,Nouvelle-Écosse,data.Uttering threats,251.8
2019,Nouvelle-Écosse,data.Uttering threats,313.47
2015,Nouvelle-Écosse,data.Total other violent violations,16.23
2016,Nouvelle-Écosse,data.Total other violent violations,15.8
2017,Nouvelle-Écosse,data.Total other violent violations,16.2
2018,Nouvelle-Écosse,data.Total other violent violations,18.45
2019,Nouvelle-Écosse,data.Total other violent violations,25.53
2015,Nouveau-Brunswick,data.Homicide,1.45
2016,Nouveau-Brunswick,data.Homicide,1.44
2017,Nouveau-Brunswick,data.Homicide,1.3
2018,Nouveau-Brunswick,data.Homicide,1.69
2019,Nouveau-Brunswick,data.Homicide,1.93
2015,Nouveau-Brunswick,data.Total other violations causing death,0.13
2016,Nouveau-Brunswick,data.Total other violations causing death,0.39
2017,Nouveau-Brunswick,data.Total other violations causing death,0.0
2018,Nouveau-Brunswick,data.Total other violations causing death,0.52
2019,Nouveau-Brunswick,data.Total other violations causing death,0.39
2015,Nouveau-Brunswick,data.Attempted murder,2.24
2016,Nouveau-Brunswick,data.Attempted murder,0.92
2017,Nouveau-Brunswick,data.Attempted murder,0.78
2018,Nouveau-Brunswick,data.Attempted murder,1.17
2019,Nouveau-Brunswick,data.Attempted murder,2.19
2015,Nouveau-Brunswick,data.Sexual assault level 3 aggravated,0.13
2016,Nouveau-Brunswick,data.Sexual assault level 3 aggravated,0.13
2017,Nouveau-Brunswick,data.Sexual assault level 3 aggravated,0.0
2018,Nouveau-Brunswick,data.Sexual assault level 3 aggravated,0.26
2019,Nouveau-Brunswick,data.Sexual assault level 3 aggravated,0.13
2015,Nouveau-Brunswick,data.Sexual assault level 2 weapon or bodily harm,0.66
2016,Nouveau-Brunswick,data.Sexual assault level 2 weapon or bodily harm,0.92
2017,Nouveau-Brunswick,data.Sexual assault level 2 weapon or bodily harm,0.39
2018,Nouveau-Brunswick,data.Sexual assault level 2 weapon or bodily harm,0.78
2019,Nouveau-Brunswick,data.Sexual assault level 2 weapon or bodily harm,0.9
2015,Nouveau-Brunswick,data.Sexual assault level 1,54.29
2016,Nouveau-Brunswick,data.Sexual assault level 1,56.07
2017,Nouveau-Brunswick,data.Sexual assault level 1,67.04
2018,Nouveau-Brunswick,data.Sexual assault level 1,71.34
2019,Nouveau-Brunswick,data.Sexual assault level 1,80.46
2015,Nouveau-Brunswick,data.Total sexual violations against children,18.84
2016,Nouveau-Brunswick,data.Total sexual violations against children,23.97
2017,Nouveau-Brunswick,data.Total sexual violations against children,23.21
2018,Nouveau-Brunswick,data.Total sexual violations against children,24.91
2019,Nouveau-Brunswick,data.Total sexual violations against children,28.32
2015,Nouveau-Brunswick,data.Assault level 3 aggravated,6.46
2016,Nouveau-Brunswick,data.Assault level 3 aggravated,6.94
2017,Nouveau-Brunswick,data.Assault level 3 aggravated,5.74
2018,Nouveau-Brunswick,data.Assault level 3 aggravated,9.08
2019,Nouveau-Brunswick,data.Assault level 3 aggravated,9.01
2015,Nouveau-Brunswick,data.Assault level 2 weapon or bodily harm,102.79
2016,Nouveau-Brunswick,data.Assault level 2 weapon or bodily harm,121.44
2017,Nouveau-Brunswick,data.Assault level 2 weapon or bodily harm,123.77
2018,Nouveau-Brunswick,data.Assault level 2 weapon or bodily harm,129.71
2019,Nouveau-Brunswick,data.Assault level 2 weapon or bodily harm,140.57
2015,Nouveau-Brunswick,data.Assault level 1,500.37
2016,Nouveau-Brunswick,data.Assault level 1,496.89
2017,Nouveau-Brunswick,data.Assault level 1,521.94
2018,Nouveau-Brunswick,data.Assault level 1,561.41
2019,Nouveau-Brunswick,data.Assault level 1,641.84
2015,Nouveau-Brunswick,data.Total robbery,20.16
2016,Nouveau-Brunswick,data.Total robbery,30.26
2017,Nouveau-Brunswick,data.Total robbery,27.52
2018,Nouveau-Brunswick,data.Total robbery,26.46
2019,Nouveau-Brunswick,data.Total robbery,22.27
2015,Nouveau-Brunswick,data.Uttering threats,273.84
2016,Nouveau-Brunswick,data.Uttering threats,256.5
2017,Nouveau-Brunswick,data.Uttering threats,274.01
2018,Nouveau-Brunswick,data.Uttering threats,292.38
2019,Nouveau-Brunswick,data.Uttering threats,340.87
2015,Nouveau-Brunswick,data.Total other violent violations,9.75
2016,Nouveau-Brunswick,data.Total other violent violations,12.18
2017,Nouveau-Brunswick,data.Total other violent violations,16.04
2018,Nouveau-Brunswick,data.Total other violent violations,15.05
2019,Nouveau-Brunswick,data.Total other violent violations,19.05
2015,Québec,data.Homicide,0.97
2016,Québec,data.Homicide,0.81
2017,Québec,data.Homicide,1.12
2018,Québec,data.Homicide,0.99
2019,Québec,data.Homicide,0.91
2015,Québec,data.Total other violations causing death,0.21
2016,Québec,data.Total other violations causing death,0.3
2017,Québec,data.Total other violations causing death,0.35
2018,Québec,data.Total other violations causing death,0.51
2019,Québec,data.Total other violations causing death,0.49
2015,Québec,data.Attempted murder,2.5
2016,Québec,data.Attempted murder,2.3
2017,Québec,data.Attempted murder,2.78
2018,Québec,data.Attempted murder,2.22
2019,Québec,data.Attempted murder,2.36
2015,Québec,data.Sexual assault level 3 aggravated,0.4
2016,Québec,data.Sexual assault level 3 aggravated,0.22
2017,Québec,data.Sexual assault level 3 aggravated,0.41
2018,Québec,data.Sexual assault level 3 aggravated,0.42
2019,Québec,data.Sexual assault level 3 aggravated,0.31
2015,Québec,data.Sexual assault level 2 weapon or bodily harm,1.11
2016,Québec,data.Sexual assault level 2 weapon or bodily harm,1.11
2017,Québec,data.Sexual assault level 2 weapon or bodily harm,1.2
2018,Québec,data.Sexual assault level 2 weapon or bodily harm,1.17
2019,Québec,data.Sexual assault level 2 weapon or bodily harm,1.33
2015,Québec,data.Sexual assault level 1,45.98
2016,Québec,data.Sexual assault level 1,52.7
2017,Québec,data.Sexual assault level 1,62.02
2018,Québec,data.Sexual assault level 1,65.97
2019,Québec,data.Sexual assault level 1,68.92
2015,Québec,data.Total sexual violations against children,20.88
2016,Québec,data.Total sexual violations against children,24.97
2017,Québec,data.Total sexual violations against children,30.35
2018,Québec,data.Total sexual violations against children,32.25
2019,Québec,data.Total sexual violations against children,35.46
2015,Québec,data.Assault level 3 aggravated,3.19
2016,Québec,data.Assault level 3 aggravated,3.57
2017,Québec,data.Assault level 3 aggravated,3.66
2018,Québec,data.Assault level 3 aggravated,3.34
2019,Québec,data.Assault level 3 aggravated,3.57
2015,Québec,data.Assault level 2 weapon or bodily harm,114.69
2016,Québec,data.Assault level 2 weapon or bodily harm,122.77
2017,Québec,data.Assault level 2 weapon or bodily harm,122.34
2018,Québec,data.Assault level 2 weapon or bodily harm,122.74
2019,Québec,data.Assault level 2 weapon or bodily harm,131.75
2015,Québec,data.Assault level 1,371.28
2016,Québec,data.Assault level 1,399.1
2017,Québec,data.Assault level 1,403.7
2018,Québec,data.Assault level 1,410.62
2019,Québec,data.Assault level 1,432.18
2015,Québec,data.Total robbery,49.37
2016,Québec,data.Total robbery,45.45
2017,Québec,data.Total robbery,43.97
2018,Québec,data.Total robbery,38.63
2019,Québec,data.Total robbery,40.27
2015,Québec,data.Uttering threats,189.31
2016,Québec,data.Uttering threats,185.49
2017,Québec,data.Uttering threats,203.47
2018,Québec,data.Uttering threats,206.64
2019,Québec,data.Uttering threats,212.18
2015,Québec,data.Total other violent violations,23.06
2016,Québec,data.Total other violent violations,24.61
2017,Québec,data.Total other violent violations,27.98
2018,Québec,data.Total other violent violations,28.2
2019,Québec,data.Total other violent violations,29.59
2015,Ontario,data.Homicide,1.27
2016,Ontario,data.Homicide,1.48
2017,Ontario,data.Homicide,1.4
2018,Ontario,data.Homicide,1.9
2019,Ontario,data.Homicide,1.69
2015,Ontario,data.Total other violations causing death,0.22
2016,Ontario,data.Total other violations causing death,0.26
2017,Ontario,data.Total other violations causing death,0.21
2018,Ontario,data.Total other violations causing death,0.36
2019,Ontario,data.Total other violations causing death,0.19
2015,Ontario,data.Attempted murder,1.84
2016,Ontario,data.Attempted murder,1.88
2017,Ontario,data.Attempted murder,2.04
2018,Ontario,data.Attempted murder,2.64
2019,Ontario,data.Attempted murder,2.37
2015,Ontario,data.Sexual assault level 3 aggravated,0.15
2016,Ontario,data.Sexual assault level 3 aggravated,0.25
2017,Ontario,data.Sexual assault level 3 aggravated,0.41
2018,Ontario,data.Sexual assault level 3 aggravated,0.26
2019,Ontario,data.Sexual assault level 3 aggravated,0.21
2015,Ontario,data.Sexual assault level 2 weapon or bodily harm,0.98
2016,Ontario,data.Sexual assault level 2 weapon or bodily harm,1.05
2017,Ontario,data.Sexual assault level 2 weapon or bodily harm,1.07
2018,Ontario,data.Sexual assault level 2 weapon or bodily harm,1.23
2019,Ontario,data.Sexual assault level 2 weapon or bodily harm,1.45
2015,Ontario,data.Sexual assault level 1,53.8
2016,Ontario,data.Sexual assault level 1,53.58
2017,Ontario,data.Sexual assault level 1,62.4
2018,Ontario,data.Sexual assault level 1,73.81
2019,Ontario,data.Sexual assault level 1,74.29
2015,Ontario,data.Total sexual violations against children,8.12
2016,Ontario,data.Total sexual violations against children,14.62
2017,Ontario,data.Total sexual violations against children,15.0
2018,Ontario,data.Total sexual violations against children,15.91
2019,Ontario,data.Total sexual violations against children,15.58
2015,Ontario,data.Assault level 3 aggravated,7.4
2016,Ontario,data.Assault level 3 aggravated,7.71
2017,Ontario,data.Assault level 3 aggravated,7.67
2018,Ontario,data.Assault level 3 aggravated,7.36
2019,Ontario,data.Assault level 3 aggravated,7.72
2015,Ontario,data.Assault level 2 weapon or bodily harm,89.76
2016,Ontario,data.Assault level 2 weapon or bodily harm,96.16
2017,Ontario,data.Assault level 2 weapon or bodily harm,101.43
2018,Ontario,data.Assault level 2 weapon or bodily harm,107.48
2019,Ontario,data.Assault level 2 weapon or bodily harm,109.18
2015,Ontario,data.Assault level 1,324.98
2016,Ontario,data.Assault level 1,327.93
2017,Ontario,data.Assault level 1,337.45
2018,Ontario,data.Assault level 1,357.7
2019,Ontario,data.Assault level 1,369.74
2015,Ontario,data.Total robbery,55.77
2016,Ontario,data.Total robbery,59.64
2017,Ontario,data.Total robbery,65.84
2018,Ontario,data.Total robbery,61.8
2019,Ontario,data.Total robbery,61.35
2015,Ontario,data.Uttering threats,109.27
2016,Ontario,data.Uttering threats,105.82
2017,Ontario,data.Uttering threats,113.8
2018,Ontario,data.Uttering threats,125.24
2019,Ontario,data.Uttering threats,137.01
2015,Ontario,data.Total other violent violations,11.14
2016,Ontario,data.Total other violent violations,11.27
2017,Ontario,data.Total other violent violations,14.61
2018,Ontario,data.Total other violent violations,10.76
2019,Ontario,data.Total other violent violations,12.9
2015,Manitoba,data.Homicide,3.64
2016,Manitoba,data.Homicide,3.2
2017,Manitoba,data.Homicide,3.52
2018,Manitoba,data.Homicide,4.06
2019,Manitoba,data.Homicide,5.26
2015,Manitoba,data.Total other violations causing death,0.39
2016,Manitoba,data.Total other violations causing death,0.38
2017,Manitoba,data.Total other violations causing death,0.45
2018,Manitoba,data.Total other violations causing death,0.37
2019,Manitoba,data.Total other violations causing death,0.22
2015,Manitoba,data.Attempted murder,2.4
2016,Manitoba,data.Attempted murder,3.27
2017,Manitoba,data.Attempted murder,3.07
2018,Manitoba,data.Attempted murder,2.66
2019,Manitoba,data.Attempted murder,1.9
2015,Manitoba,data.Sexual assault level 3 aggravated,0.62
2016,Manitoba,data.Sexual assault level 3 aggravated,0.53
2017,Manitoba,data.Sexual assault level 3 aggravated,1.05
2018,Manitoba,data.Sexual assault level 3 aggravated,1.33
2019,Manitoba,data.Sexual assault level 3 aggravated,0.51
2015,Manitoba,data.Sexual assault level 2 weapon or bodily harm,2.4
2016,Manitoba,data.Sexual assault level 2 weapon or bodily harm,2.28
2017,Manitoba,data.Sexual assault level 2 weapon or bodily harm,1.95
2018,Manitoba,data.Sexual assault level 2 weapon or bodily harm,1.77
2019,Manitoba,data.Sexual assault level 2 weapon or bodily harm,2.19
2015,Manitoba,data.Sexual assault level 1,102.15
2016,Manitoba,data.Sexual assault level 1,105.62
2017,Manitoba,data.Sexual assault level 1,103.74
2018,Manitoba,data.Sexual assault level 1,107.8
2019,Manitoba,data.Sexual assault level 1,121.51
2015,Manitoba,data.Total sexual violations against children,20.43
2016,Manitoba,data.Total sexual violations against children,37.9
2017,Manitoba,data.Total sexual violations against children,39.4
2018,Manitoba,data.Total sexual violations against children,43.59
2019,Manitoba,data.Total sexual violations against children,45.57
2015,Manitoba,data.Assault level 3 aggravated,30.57
2016,Manitoba,data.Assault level 3 aggravated,35.16
2017,Manitoba,data.Assault level 3 aggravated,36.18
2018,Manitoba,data.Assault level 3 aggravated,36.57
2019,Manitoba,data.Assault level 3 aggravated,40.96
2015,Manitoba,data.Assault level 2 weapon or bodily harm,314.42
2016,Manitoba,data.Assault level 2 weapon or bodily harm,347.3
2017,Manitoba,data.Assault level 2 weapon or bodily harm,360.52
2018,Manitoba,data.Assault level 2 weapon or bodily harm,366.78
2019,Manitoba,data.Assault level 2 weapon or bodily harm,408.63
2015,Manitoba,data.Assault level 1,793.98
2016,Manitoba,data.Assault level 1,834.08
2017,Manitoba,data.Assault level 1,840.66
2018,Manitoba,data.Assault level 1,813.43
2019,Manitoba,data.Assault level 1,879.76
2015,Manitoba,data.Total robbery,129.08
2016,Manitoba,data.Total robbery,156.91
2017,Manitoba,data.Total robbery,176.78
2018,Manitoba,data.Total robbery,197.35
2019,Manitoba,data.Total robbery,196.28
2015,Manitoba,data.Uttering threats,248.56
2016,Manitoba,data.Uttering threats,248.15
2017,Manitoba,data.Uttering threats,244.79
2018,Manitoba,data.Uttering threats,245.6
2019,Manitoba,data.Uttering threats,285.15
2015,Manitoba,data.Total other violent violations,11.92
2016,Manitoba,data.Total other violent violations,11.87
2017,Manitoba,data.Total other violent violations,13.48
2018,Manitoba,data.Total other violent violations,14.78
2019,Manitoba,data.Total other violent violations,21.91
2015,Saskatchewan,data.Homicide,3.93
2016,Saskatchewan,data.Homicide,4.75
2017,Saskatchewan,data.Homicide,3.3
2018,Saskatchewan,data.Homicide,2.92
2019,Saskatchewan,data.Homicide,4.68
2015,Saskatchewan,data.Total other violations causing death,0.54
2016,Saskatchewan,data.Total other violations causing death,0.62
2017,Saskatchewan,data.Total other violations causing death,0.52
2018,Saskatchewan,data.Total other violations causing death,0.09
2019,Saskatchewan,data.Total other violations causing death,0.26
2015,Saskatchewan,data.Attempted murder,2.5
2016,Saskatchewan,data.Attempted murder,5.72
2017,Saskatchewan,data.Attempted murder,3.65
2018,Saskatchewan,data.Attempted murder,3.1
2019,Saskatchewan,data.Attempted murder,5.88
2015,Saskatchewan,data.Sexual assault level 3 aggravated,0.62
2016,Saskatchewan,data.Sexual assault level 3 aggravated,1.5
2017,Saskatchewan,data.Sexual assault level 3 aggravated,0.61
2018,Saskatchewan,data.Sexual assault level 3 aggravated,1.46
2019,Saskatchewan,data.Sexual assault level 3 aggravated,1.28
2015,Saskatchewan,data.Sexual assault level 2 weapon or bodily harm,1.43
2016,Saskatchewan,data.Sexual assault level 2 weapon or bodily harm,1.5
2017,Saskatchewan,data.Sexual assault level 2 weapon or bodily harm,1.82
2018,Saskatchewan,data.Sexual assault level 2 weapon or bodily harm,1.38
2019,Saskatchewan,data.Sexual assault level 2 weapon or bodily harm,1.19
2015,Saskatchewan,data.Sexual assault level 1,97.06
2016,Saskatchewan,data.Sexual assault level 1,101.59
2017,Saskatchewan,data.Sexual assault level 1,98.36
2018,Saskatchewan,data.Sexual assault level 1,107.91
2019,Saskatchewan,data.Sexual assault level 1,121.93
2015,Saskatchewan,data.Total sexual violations against children,29.62
2016,Saskatchewan,data.Total sexual violations against children,33.8
2017,Saskatchewan,data.Total sexual violations against children,39.36
2018,Saskatchewan,data.Total sexual violations against children,34.22
2019,Saskatchewan,data.Total sexual violations against children,43.51
2015,Saskatchewan,data.Assault level 3 aggravated,32.56
2016,Saskatchewan,data.Assault level 3 aggravated,36.44
2017,Saskatchewan,data.Assault level 3 aggravated,33.97
2018,Saskatchewan,data.Assault level 3 aggravated,33.19
2019,Saskatchewan,data.Assault level 3 aggravated,37.89
2015,Saskatchewan,data.Assault level 2 weapon or bodily harm,344.79
2016,Saskatchewan,data.Assault level 2 weapon or bodily harm,340.58
2017,Saskatchewan,data.Assault level 2 weapon or bodily harm,349.46
2018,Saskatchewan,data.Assault level 2 weapon or bodily harm,328.12
2019,Saskatchewan,data.Assault level 2 weapon or bodily harm,357.01
2015,Saskatchewan,data.Assault level 1,939.28
2016,Saskatchewan,data.Assault level 1,932.76
2017,Saskatchewan,data.Assault level 1,929.43
2018,Saskatchewan,data.Assault level 1,863.82
2019,Saskatchewan,data.Assault level 1,951.93
2015,Saskatchewan,data.Total robbery,87.6
2016,Saskatchewan,data.Total robbery,88.82
2017,Saskatchewan,data.Total robbery,89.15
2018,Saskatchewan,data.Total robbery,85.56
2019,Saskatchewan,data.Total robbery,94.51
2015,Saskatchewan,data.Uttering threats,272.35
2016,Saskatchewan,data.Uttering threats,270.07
2017,Saskatchewan,data.Uttering threats,271.52
2018,Saskatchewan,data.Uttering threats,258.82
2019,Saskatchewan,data.Uttering threats,312.23
2015,Saskatchewan,data.Total other violent violations,16.77
2016,Saskatchewan,data.Total other violent violations,16.02
2017,Saskatchewan,data.Total other violent violations,20.42
2018,Saskatchewan,data.Total other violent violations,19.17
2019,Saskatchewan,data.Total other violent violations,29.03
2015,Alberta,data.Homicide,3.21
2016,Alberta,data.Homicide,2.76
2017,Alberta,data.Homicide,2.8
2018,Alberta,data.Homicide,1.88
2019,Alberta,data.Homicide,2.29
2015,Alberta,data.Total other violations causing death,0.12
2016,Alberta,data.Total other violations causing death,0.19
2017,Alberta,data.Total other violations causing death,0.35
2018,Alberta,data.Total other violations causing death,0.05
2019,Alberta,data.Total other violations causing death,0.05
2015,Alberta,data.Attempted murder,1.64
2016,Alberta,data.Attempted murder,1.31
2017,Alberta,data.Attempted murder,1.41
2018,Alberta,data.Attempted murder,1.23
2019,Alberta,data.Attempted murder,1.21
2015,Alberta,data.Sexual assault level 3 aggravated,0.17
2016,Alberta,data.Sexual assault level 3 aggravated,0.24
2017,Alberta,data.Sexual assault level 3 aggravated,0.33
2018,Alberta,data.Sexual assault level 3 aggravated,0.53
2019,Alberta,data.Sexual assault level 3 aggravated,0.59
2015,Alberta,data.Sexual assault level 2 weapon or bodily harm,1.09
2016,Alberta,data.Sexual assault level 2 weapon or bodily harm,1.22
2017,Alberta,data.Sexual assault level 2 weapon or bodily harm,1.74
2018,Alberta,data.Sexual assault level 2 weapon or bodily harm,2.07
2019,Alberta,data.Sexual assault level 2 weapon or bodily harm,1.72
2015,Alberta,data.Sexual assault level 1,67.54
2016,Alberta,data.Sexual assault level 1,64.47
2017,Alberta,data.Sexual assault level 1,70.2
2018,Alberta,data.Sexual assault level 1,79.92
2019,Alberta,data.Sexual assault level 1,87.66
2015,Alberta,data.Total sexual violations against children,14.6
2016,Alberta,data.Total sexual violations against children,19.54
2017,Alberta,data.Total sexual violations against children,21.94
2018,Alberta,data.Total sexual violations against children,27.46
2019,Alberta,data.Total sexual violations against children,29.88
2015,Alberta,data.Assault level 3 aggravated,16.7
2016,Alberta,data.Assault level 3 aggravated,15.18
2017,Alberta,data.Assault level 3 aggravated,16.07
2018,Alberta,data.Assault level 3 aggravated,17.04
2019,Alberta,data.Assault level 3 aggravated,18.85
2015,Alberta,data.Assault level 2 weapon or bodily harm,180.12
2016,Alberta,data.Assault level 2 weapon or bodily harm,182.91
2017,Alberta,data.Assault level 2 weapon or bodily harm,197.19
2018,Alberta,data.Assault level 2 weapon or bodily harm,201.5
2019,Alberta,data.Assault level 2 weapon or bodily harm,213.62
2015,Alberta,data.Assault level 1,558.26
2016,Alberta,data.Assault level 1,545.68
2017,Alberta,data.Assault level 1,541.2
2018,Alberta,data.Assault level 1,546.07
2019,Alberta,data.Assault level 1,564.5
2015,Alberta,data.Total robbery,82.74
2016,Alberta,data.Total robbery,73.81
2017,Alberta,data.Total robbery,76.89
2018,Alberta,data.Total robbery,81.17
2019,Alberta,data.Total robbery,82.84
2015,Alberta,data.Uttering threats,194.14
2016,Alberta,data.Uttering threats,183.7
2017,Alberta,data.Uttering threats,179.94
2018,Alberta,data.Uttering threats,173.83
2019,Alberta,data.Uttering threats,208.77
2015,Alberta,data.Total other violent violations,11.34
2016,Alberta,data.Total other violent violations,12.3
2017,Alberta,data.Total other violent violations,14.56
2018,Alberta,data.Total other violent violations,12.63
2019,Alberta,data.Total other violent violations,15.4
2015,Colombie-Britannique,data.Homicide,2.03
2016,Colombie-Britannique,data.Homicide,1.81
2017,Colombie-Britannique,data.Homicide,2.42
2018,Colombie-Britannique,data.Homicide,1.8
2019,Colombie-Britannique,data.Homicide,1.77
2015,Colombie-Britannique,data.Total other violations causing death,0.38
2016,Colombie-Britannique,data.Total other violations causing death,0.39
2017,Colombie-Britannique,data.Total other violations causing death,0.22
2018,Colombie-Britannique,data.Total other violations causing death,0.42
2019,Colombie-Britannique,data.Total other violations causing death,0.35
2015,Colombie-Britannique,data.Attempted murder,2.7
2016,Colombie-Britannique,data.Attempted murder,2.45
2017,Colombie-Britannique,data.Attempted murder,2.34
2018,Colombie-Britannique,data.Attempted murder,1.76
2019,Colombie-Britannique,data.Attempted murder,1.97
2015,Colombie-Britannique,data.Sexual assault level 3 aggravated,0.4
2016,Colombie-Britannique,data.Sexual assault level 3 aggravated,0.39
2017,Colombie-Britannique,data.Sexual assault level 3 aggravated,0.57
2018,Colombie-Britannique,data.Sexual assault level 3 aggravated,0.16
2019,Colombie-Britannique,data.Sexual assault level 3 aggravated,0.22
2015,Colombie-Britannique,data.Sexual assault level 2 weapon or bodily harm,0.84
2016,Colombie-Britannique,data.Sexual assault level 2 weapon or bodily harm,0.72
2017,Colombie-Britannique,data.Sexual assault level 2 weapon or bodily harm,0.63
2018,Colombie-Britannique,data.Sexual assault level 2 weapon or bodily harm,1.28
2019,Colombie-Britannique,data.Sexual assault level 2 weapon or bodily harm,1.06
2015,Colombie-Britannique,data.Sexual assault level 1,46.69
2016,Colombie-Britannique,data.Sexual assault level 1,46.47
2017,Colombie-Britannique,data.Sexual assault level 1,54.55
2018,Colombie-Britannique,data.Sexual assault level 1,64.24
2019,Colombie-Britannique,data.Sexual assault level 1,80.41
2015,Colombie-Britannique,data.Total sexual violations against children,13.71
2016,Colombie-Britannique,data.Total sexual violations against children,16.96
2017,Colombie-Britannique,data.Total sexual violations against children,20.02
2018,Colombie-Britannique,data.Total sexual violations against children,22.67
2019,Colombie-Britannique,data.Total sexual violations against children,27.8
2015,Colombie-Britannique,data.Assault level 3 aggravated,6.93
2016,Colombie-Britannique,data.Assault level 3 aggravated,6.67
2017,Colombie-Britannique,data.Assault level 3 aggravated,7.31
2018,Colombie-Britannique,data.Assault level 3 aggravated,6.68
2019,Colombie-Britannique,data.Assault level 3 aggravated,6.53
2015,Colombie-Britannique,data.Assault level 2 weapon or bodily harm,144.54
2016,Colombie-Britannique,data.Assault level 2 weapon or bodily harm,139.9
2017,Colombie-Britannique,data.Assault level 2 weapon or bodily harm,139.05
2018,Colombie-Britannique,data.Assault level 2 weapon or bodily harm,146.63
2019,Colombie-Britannique,data.Assault level 2 weapon or bodily harm,175.46
2015,Colombie-Britannique,data.Assault level 1,466.75
2016,Colombie-Britannique,data.Assault level 1,431.24
2017,Colombie-Britannique,data.Assault level 1,419.03
2018,Colombie-Britannique,data.Assault level 1,450.45
2019,Colombie-Britannique,data.Assault level 1,578.98
2015,Colombie-Britannique,data.Total robbery,76.31
2016,Colombie-Britannique,data.Total robbery,61.08
2017,Colombie-Britannique,data.Total robbery,50.51
2018,Colombie-Britannique,data.Total robbery,49.63
2019,Colombie-Britannique,data.Total robbery,56.32
2015,Colombie-Britannique,data.Uttering threats,215.27
2016,Colombie-Britannique,data.Uttering threats,195.44
2017,Colombie-Britannique,data.Uttering threats,175.86
2018,Colombie-Britannique,data.Uttering threats,194.01
2019,Colombie-Britannique,data.Uttering threats,329.01
2015,Colombie-Britannique,data.Total other violent violations,10.15
2016,Colombie-Britannique,data.Total other violent violations,9.88
2017,Colombie-Britannique,data.Total other violent violations,10.17
2018,Colombie-Britannique,data.Total other violent violations,11.4
2019,Colombie-Britannique,data.Total other violent violations,15.01
2015,Yukon,data.Homicide,2.65
2016,Yukon,data.Homicide,10.38
2017,Yukon,data.Homicide,20.16
2018,Yukon,data.Homicide,7.39
2019,Yukon,data.Homicide,2.45
2015,Yukon,data.Total other violations causing death,0.0
2016,Yukon,data.Total other violations causing death,0.0
2017,Yukon,data.Total other violations causing death,0.0
2018,Yukon,data.Total other violations causing death,0.0
2019,Yukon,data.Total other violations causing death,0.0
2015,Yukon,data.Attempted murder,10.61
2016,Yukon,data.Attempted murder,5.19
2017,Yukon,data.Attempted murder,5.04
2018,Yukon,data.Attempted murder,4.92
2019,Yukon,data.Attempted murder,2.45
2015,Yukon,data.Sexual assault level 3 aggravated,0.0
2016,Yukon,data.Sexual assault level 3 aggravated,2.59
2017,Yukon,data.Sexual assault level 3 aggravated,0.0
2018,Yukon,data.Sexual assault level 3 aggravated,4.92
2019,Yukon,data.Sexual assault level 3 aggravated,2.45
2015,Yukon,data.Sexual assault level 2 weapon or bodily harm,2.65
2016,Yukon,data.Sexual assault level 2 weapon or bodily harm,0.0
2017,Yukon,data.Sexual assault level 2 weapon or bodily harm,2.52
2018,Yukon,data.Sexual assault level 2 weapon or bodily harm,4.92
2019,Yukon,data.Sexual assault level 2 weapon or bodily harm,4.9
2015,Yukon,data.Sexual assault level 1,204.3
2016,Yukon,data.Sexual assault level 1,210.13
2017,Yukon,data.Sexual assault level 1,163.77
2018,Yukon,data.Sexual assault level 1,196.99
2019,Yukon,data.Sexual assault level 1,308.42
2015,Yukon,data.Total sexual violations against children,68.98
2016,Yukon,data.Total sexual violations against children,54.48
2017,Yukon,data.Total sexual violations against children,40.31
2018,Yukon,data.Total sexual violations against children,68.95
2019,Yukon,data.Total sexual violations against children,63.64
2015,Yukon,data.Assault level 3 aggravated,58.37
2016,Yukon,data.Assault level 3 aggravated,38.91
2017,Yukon,data.Assault level 3 aggravated,37.79
2018,Yukon,data.Assault level 3 aggravated,29.55
2019,Yukon,data.Assault level 3 aggravated,29.37
2015,Yukon,data.Assault level 2 weapon or bodily harm,419.21
2016,Yukon,data.Assault level 2 weapon or bodily harm,456.59
2017,Yukon,data.Assault level 2 weapon or bodily harm,347.69
2018,Yukon,data.Assault level 2 weapon or bodily harm,514.63
2019,Yukon,data.Assault level 2 weapon or bodily harm,528.71
2015,Yukon,data.Assault level 1,2098.7
2016,Yukon,data.Assault level 1,2049.45
2017,Yukon,data.Assault level 1,1892.16
2018,Yukon,data.Assault level 1,1979.71
2019,Yukon,data.Assault level 1,2523.62
2015,Yukon,data.Total robbery,58.37
2016,Yukon,data.Total robbery,62.26
2017,Yukon,data.Total robbery,30.23
2018,Yukon,data.Total robbery,39.4
2019,Yukon,data.Total robbery,53.85
2015,Yukon,data.Uttering threats,697.8
2016,Yukon,data.Uttering threats,658.94
2017,Yukon,data.Uttering threats,687.83
2018,Yukon,data.Uttering threats,635.28
2019,Yukon,data.Uttering threats,981.54
2015,Yukon,data.Total other violent violations,21.23
2016,Yukon,data.Total other violent violations,28.54
2017,Yukon,data.Total other violent violations,45.35
2018,Yukon,data.Total other violent violations,12.31
2019,Yukon,data.Total other violent violations,41.61
2015,Territoires du Nord-Ouest,data.Homicide,11.3
2016,Territoires du Nord-Ouest,data.Homicide,6.72
2017,Territoires du Nord-Ouest,data.Homicide,4.45
2018,Territoires du Nord-Ouest,data.Homicide,13.35
2019,Territoires du Nord-Ouest,data.Homicide,4.46
2015,Territoires du Nord-Ouest,data.Total other violations causing death,0.0
2016,Territoires du Nord-Ouest,data.Total other violations causing death,0.0
2017,Territoires du Nord-Ouest,data.Total other violations causing death,0.0
2018,Territoires du Nord-Ouest,data.Total other violations causing death,0.0
2019,Territoires du Nord-Ouest,data.Total other violations causing death,0.0
2015,Territoires du Nord-Ouest,data.Attempted murder,6.78
2016,Territoires du Nord-Ouest,data.Attempted murder,0.0
2017,Territoires du Nord-Ouest,data.Attempted murder,2.23
2018,Territoires du Nord-Ouest,data.Attempted murder,2.22
2019,Territoires du Nord-Ouest,data.Attempted murder,2.23
2015,Territoires du Nord-Ouest,data.Sexual assault level 3 aggravated,2.26
2016,Territoires du Nord-Ouest,data.Sexual assault level 3 aggravated,2.24
2017,Territoires du Nord-Ouest,data.Sexual assault level 3 aggravated,2.23
2018,Territoires du Nord-Ouest,data.Sexual assault level 3 aggravated,2.22
2019,Territoires du Nord-Ouest,data.Sexual assault level 3 aggravated,4.46
2015,Territoires du Nord-Ouest,data.Sexual assault level 2 weapon or bodily harm,13.56
2016,Territoires du Nord-Ouest,data.Sexual assault level 2 weapon or bodily harm,15.68
2017,Territoires du Nord-Ouest,data.Sexual assault level 2 weapon or bodily harm,11.13
2018,Territoires du Nord-Ouest,data.Sexual assault level 2 weapon or bodily harm,0.0
2019,Territoires du Nord-Ouest,data.Sexual assault level 2 weapon or bodily harm,2.23
2015,Territoires du Nord-Ouest,data.Sexual assault level 1,363.95
2016,Territoires du Nord-Ouest,data.Sexual assault level 1,293.4
2017,Territoires du Nord-Ouest,data.Sexual assault level 1,405.27
2018,Territoires du Nord-Ouest,data.Sexual assault level 1,360.35
2019,Territoires du Nord-Ouest,data.Sexual assault level 1,566.64
2015,Territoires du Nord-Ouest,data.Total sexual violations against children,90.42
2016,Territoires du Nord-Ouest,data.Total sexual violations against children,85.11
2017,Territoires du Nord-Ouest,data.Total sexual violations against children,122.47
2018,Territoires du Nord-Ouest,data.Total sexual violations against children,140.14
2019,Territoires du Nord-Ouest,data.Total sexual violations against children,133.85
2015,Territoires du Nord-Ouest,data.Assault level 3 aggravated,72.34
2016,Territoires du Nord-Ouest,data.Assault level 3 aggravated,49.27
2017,Territoires du Nord-Ouest,data.Assault level 3 aggravated,75.71
2018,Territoires du Nord-Ouest,data.Assault level 3 aggravated,84.53
2019,Territoires du Nord-Ouest,data.Assault level 3 aggravated,93.7
2015,Territoires du Nord-Ouest,data.Assault level 2 weapon or bodily harm,849.97
2016,Territoires du Nord-Ouest,data.Assault level 2 weapon or bodily harm,891.4
2017,Territoires du Nord-Ouest,data.Assault level 2 weapon or bodily harm,948.61
2018,Territoires du Nord-Ouest,data.Assault level 2 weapon or bodily harm,878.64
2019,Territoires du Nord-Ouest,data.Assault level 2 weapon or bodily harm,1119.89
2015,Territoires du Nord-Ouest,data.Assault level 1,4265.66
2016,Territoires du Nord-Ouest,data.Assault level 1,4353.96
2017,Territoires du Nord-Ouest,data.Assault level 1,4874.41
2018,Territoires du Nord-Ouest,data.Assault level 1,5116.11
2019,Territoires du Nord-Ouest,data.Assault level 1,6239.68
2015,Territoires du Nord-Ouest,data.Total robbery,61.03
2016,Territoires du Nord-Ouest,data.Total robbery,69.43
2017,Territoires du Nord-Ouest,data.Total robbery,66.8
2018,Territoires du Nord-Ouest,data.Total robbery,86.75
2019,Territoires du Nord-Ouest,data.Total robbery,75.85
2015,Territoires du Nord-Ouest,data.Uttering threats,1118.97
2016,Territoires du Nord-Ouest,data.Uttering threats,1218.39
2017,Territoires du Nord-Ouest,data.Uttering threats,1186.87
2018,Territoires du Nord-Ouest,data.Uttering threats,1205.62
2019,Territoires du Nord-Ouest,data.Uttering threats,1748.98
2015,Territoires du Nord-Ouest,data.Total other violent violations,36.17
2016,Territoires du Nord-Ouest,data.Total other violent violations,44.79
2017,Territoires du Nord-Ouest,data.Total other violent violations,53.44
2018,Territoires du Nord-Ouest,data.Total other violent violations,48.94
2019,Territoires du Nord-Ouest,data.Total other violent violations,100.39
2015,Nunavut,data.Homicide,5.48
2016,Nunavut,data.Homicide,2.7
2017,Nunavut,data.Homicide,15.97
2018,Nunavut,data.Homicide,20.98
2019,Nunavut,data.Homicide,18.05
2015,Nunavut,data.Total other violations causing death,0.0
2016,Nunavut,data.Total other violations causing death,0.0
2017,Nunavut,data.Total other violations causing death,0.0
2018,Nunavut,data.Total other violations causing death,0.0
2019,Nunavut,data.Total other violations causing death,0.0
2015,Nunavut,data.Attempted murder,2.74
2016,Nunavut,data.Attempted murder,24.34
2017,Nunavut,data.Attempted murder,5.32
2018,Nunavut,data.Attempted murder,20.98
2019,Nunavut,data.Attempted murder,15.47
2015,Nunavut,data.Sexual assault level 3 aggravated,2.74
2016,Nunavut,data.Sexual assault level 3 aggravated,0.0
2017,Nunavut,data.Sexual assault level 3 aggravated,0.0
2018,Nunavut,data.Sexual assault level 3 aggravated,18.35
2019,Nunavut,data.Sexual assault level 3 aggravated,5.16
2015,Nunavut,data.Sexual assault level 2 weapon or bodily harm,5.48
2016,Nunavut,data.Sexual assault level 2 weapon or bodily harm,0.0
2017,Nunavut,data.Sexual assault level 2 weapon or bodily harm,2.66
2018,Nunavut,data.Sexual assault level 2 weapon or bodily harm,5.24
2019,Nunavut,data.Sexual assault level 2 weapon or bodily harm,0.0
2015,Nunavut,data.Sexual assault level 1,441.24
2016,Nunavut,data.Sexual assault level 1,440.84
2017,Nunavut,data.Sexual assault level 1,396.71
2018,Nunavut,data.Sexual assault level 1,437.87
2019,Nunavut,data.Sexual assault level 1,515.73
2015,Nunavut,data.Total sexual violations against children,134.29
2016,Nunavut,data.Total sexual violations against children,278.57
2017,Nunavut,data.Total sexual violations against children,218.32
2018,Nunavut,data.Total sexual violations against children,230.73
2019,Nunavut,data.Total sexual violations against children,244.97
2015,Nunavut,data.Assault level 3 aggravated,65.78
2016,Nunavut,data.Assault level 3 aggravated,91.95
2017,Nunavut,data.Assault level 3 aggravated,141.11
2018,Nunavut,data.Assault level 3 aggravated,165.19
2019,Nunavut,data.Assault level 3 aggravated,190.82
2015,Nunavut,data.Assault level 2 weapon or bodily harm,951.0
2016,Nunavut,data.Assault level 2 weapon or bodily harm,1046.65
2017,Nunavut,data.Assault level 2 weapon or bodily harm,910.57
2018,Nunavut,data.Assault level 2 weapon or bodily harm,1014.71
2019,Nunavut,data.Assault level 2 weapon or bodily harm,1361.53
2015,Nunavut,data.Assault level 1,4138.35
2016,Nunavut,data.Assault level 1,4235.29
2017,Nunavut,data.Assault level 1,4433.03
2018,Nunavut,data.Assault level 1,4625.19
2019,Nunavut,data.Assault level 1,5680.76
2015,Nunavut,data.Total robbery,52.07
2016,Nunavut,data.Total robbery,27.05
2017,Nunavut,data.Total robbery,39.94
2018,Nunavut,data.Total robbery,34.09
2019,Nunavut,data.Total robbery,41.26
2015,Nunavut,data.Uttering threats,1189.43
2016,Nunavut,data.Uttering threats,1092.63
2017,Nunavut,data.Uttering threats,1158.18
2018,Nunavut,data.Uttering threats,1200.87
2019,Nunavut,data.Uttering threats,1658.07
2015,Nunavut,data.Total other violent violations,74.0
2016,Nunavut,data.Total other violent violations,37.86
2017,Nunavut,data.Total other violent violations,47.92
2018,Nunavut,data.Total other violent violations,73.42
2019,Nunavut,data.Total other violent violations,87.67
