Year,Pilier,Value
2022,Pilier 1: usage de données,100.0
2020,Pilier 2: services de données,92.6
2020,Pilier 3: produits de données,83.6875
2020,Pilier 4: sources de données,88.325
2020,Pilier 5: infrastructure de données,100.0
2020,Score global,92.9225
2019,Pilier 1: usage de données,100.0
2021,Pilier 2: services de données,93.06666666666663
2021,Pilier 3: produits de données,83.6875
2021,Pilier 4: sources de données,90.35
2021,Pilier 5: infrastructure de données,100.0
2021,Score global,93.42083333333332
2020,Pilier 1: usage de données,100.0
2020,Pilier 2: services de données,93.06666666666663
2020,Pilier 3: produits de données,67.10000000000001
2020,Pilier 4: sources de données,82.01666666666667
2020,Pilier 5: infrastructure de données,95.0
2020,Score global,87.43666666666667
2019,Pilier 1: usage de données,100.0
2019,Pilier 2: services de données,93.2
2019,Pilier 3: produits de données,60.01250000000001
2019,Pilier 4: sources de données,84.11666666666666
2019,Pilier 5: infrastructure de données,100.0
2019,Score global,87.46583333333334
2018,Pilier 1: usage de données,100.0
2018,Pilier 2: services de données,93.2
2018,Pilier 3: produits de données,60.53750000000001
2018,Pilier 4: sources de données,84.11666666666666
2018,Pilier 5: infrastructure de données,95.0
2018,Score global,86.57083333333333
2017,Pilier 1: usage de données,100.0
2017,Pilier 2: services de données,95.23333333333332
2017,Pilier 3: produits de données,64.14375
2017,Pilier 4: sources de données,77.86666666666666
2017,Pilier 5: infrastructure de données,95.0
2017,Score global,86.44874999999999
2016,Pilier 1: usage de données,100.0
2016,Pilier 2: services de données,95.09999999999998
2016,Pilier 3: produits de données,59.20625000000002
2016,Pilier 4: sources de données,82.09166666666667
2016,Pilier 5: infrastructure de données,95.0
2016,Score global,86.27958333333335
2015,Pilier 1: usage de données,80.0
2015,Pilier 2: services de données,
2015,Pilier 3: produits de données,57.16875
2015,Pilier 4: sources de données,
2015,Pilier 5: infrastructure de données,
2015,Score global,
2014,Pilier 1: usage de données,60.0
2014,Pilier 2: services de données,
2014,Pilier 3: produits de données,50.56875000000001
2014,Pilier 4: sources de données,
2014,Pilier 5: infrastructure de données,
2014,Score global,
2013,Pilier 1: usage de données,60.0
2013,Pilier 2: services de données,
2013,Pilier 3: produits de données,51.29375
2013,Pilier 4: sources de données,
2013,Pilier 5: infrastructure de données,
2013,Score global,
2012,Pilier 1: usage de données,60.0
2012,Pilier 2: services de données,
2012,Pilier 3: produits de données,51.34375
2012,Pilier 4: sources de données,
2012,Pilier 5: infrastructure de données,
2012,Score global,
2011,Pilier 1: usage de données,60.0
2011,Pilier 2: services de données,
2011,Pilier 3: produits de données,50.09375
2011,Pilier 4: sources de données,
2011,Pilier 5: infrastructure de données,
2011,Score global,
2010,Pilier 1: usage de données,60.0
2010,Pilier 2: services de données,
2010,Pilier 3: produits de données,49.7
2010,Pilier 4: sources de données,
2010,Pilier 5: infrastructure de données,
2010,Score global,
2009,Pilier 1: usage de données,40.0
2009,Pilier 2: services de données,
2009,Pilier 3: produits de données,49.9375
2009,Pilier 4: sources de données,
2009,Pilier 5: infrastructure de données,
2009,Score global,
2008,Pilier 1: usage de données,40.0
2008,Pilier 2: services de données,
2008,Pilier 3: produits de données,49.9375
2008,Pilier 4: sources de données,
2008,Pilier 5: infrastructure de données,
2008,Score global,
2007,Pilier 1: usage de données,40.0
2007,Pilier 2: services de données,
2007,Pilier 3: produits de données,49.70625
2007,Pilier 4: sources de données,
2007,Pilier 5: infrastructure de données,
2007,Score global,
2006,Pilier 1: usage de données,40.0
2006,Pilier 2: services de données,
2006,Pilier 3: produits de données,49.00625
2006,Pilier 4: sources de données,
2006,Pilier 5: infrastructure de données,
2006,Score global,
2005,Pilier 1: usage de données,40.0
2005,Pilier 2: services de données,
2005,Pilier 3: produits de données,48.85625
2005,Pilier 4: sources de données,
2005,Pilier 5: infrastructure de données,
2005,Score global,
2004,Pilier 1: usage de données,40.0
2004,Pilier 2: services de données,
2004,Pilier 3: produits de données,
2004,Pilier 4: sources de données,
2004,Pilier 5: infrastructure de données,
2004,Score global,
