Year,Région,Biens et services (produits),Value
2015,,,1035.33
2015,Toutes les régions,"Total, produits environnementaux",669.061
2015,Toutes les régions,"Total, produits de technologies propres",366.271
2016,,,946.424
2016,Toutes les régions,"Total, produits environnementaux",619.046
2016,Toutes les régions,"Total, produits de technologies propres",327.372
2017,,,1026.612
2017,Toutes les régions,"Total, produits environnementaux",718.022
2017,Toutes les régions,"Total, produits de technologies propres",308.595
2018,,,977.962
2018,Toutes les régions,"Total, produits environnementaux",647.58
2018,Toutes les régions,"Total, produits de technologies propres",330.386
2019,,,1122.255
2019,Toutes les régions,"Total, produits environnementaux",586.736
2019,Toutes les régions,"Total, produits de technologies propres",535.52
2020,,,1013.389
2020,Toutes les régions,"Total, produits environnementaux",473.014
2020,Toutes les régions,"Total, produits de technologies propres",540.375
2021,,,1312.254
2021,Toutes les régions,"Total, produits environnementaux",701.717
2021,Toutes les régions,"Total, produits de technologies propres",610.535
2022,,,1254.43
2022,Toutes les régions,"Total, produits environnementaux",712.271
2022,Toutes les régions,"Total, produits de technologies propres",542.157
2015,Europe,"Total, produits environnementaux et de technologies propres",5.863
2015,Europe,"Total, produits environnementaux",3.773
2015,Europe,"Total, produits de technologies propres",2.09
2015,Amérique du Nord,"Total, produits environnementaux et de technologies propres",47.027
2015,Amérique du Nord,"Total, produits environnementaux",0.866
2015,Amérique du Nord,"Total, produits de technologies propres",46.161
2015,Afrique,"Total, produits environnementaux et de technologies propres",54.445
2015,Afrique,"Total, produits environnementaux",16.184
2015,Afrique,"Total, produits de technologies propres",38.264
2015,Amérique du Sud,"Total, produits environnementaux et de technologies propres",59.309
2015,Amérique du Sud,"Total, produits environnementaux",2.093
2015,Amérique du Sud,"Total, produits de technologies propres",57.215
2015,Amérique Centrale,"Total, produits environnementaux et de technologies propres",10.067
2015,Amérique Centrale,"Total, produits environnementaux",1.236
2015,Amérique Centrale,"Total, produits de technologies propres",8.831
2015,Antilles,"Total, produits environnementaux et de technologies propres",21.327
2015,Antilles,"Total, produits environnementaux",1.569
2015,Antilles,"Total, produits de technologies propres",19.76
2015,Moyen-Orient,"Total, produits environnementaux et de technologies propres",8.329
2015,Moyen-Orient,"Total, produits environnementaux",0.052
2015,Moyen-Orient,"Total, produits de technologies propres",8.277
2015,Océanie,"Total, produits environnementaux et de technologies propres",1.765
2015,Océanie,"Total, produits environnementaux",0.015
2015,Océanie,"Total, produits de technologies propres",1.75
2015,Asie,"Total, produits environnementaux et de technologies propres",827.198
2015,Asie,"Total, produits environnementaux",643.273
2015,Asie,"Total, produits de technologies propres",183.923
2016,Europe,"Total, produits environnementaux et de technologies propres",2.065
2016,Europe,"Total, produits environnementaux",0.02
2016,Europe,"Total, produits de technologies propres",2.044
2016,Amérique du Nord,"Total, produits environnementaux et de technologies propres",44.726
2016,Amérique du Nord,"Total, produits environnementaux",1.819
2016,Amérique du Nord,"Total, produits de technologies propres",42.907
2016,Afrique,"Total, produits environnementaux et de technologies propres",61.242
2016,Afrique,"Total, produits environnementaux",3.641
2016,Afrique,"Total, produits de technologies propres",57.599
2016,Amérique du Sud,"Total, produits environnementaux et de technologies propres",37.531
2016,Amérique du Sud,"Total, produits environnementaux",0.796
2016,Amérique du Sud,"Total, produits de technologies propres",36.735
2016,Amérique Centrale,"Total, produits environnementaux et de technologies propres",5.315
2016,Amérique Centrale,"Total, produits environnementaux",0.005
2016,Amérique Centrale,"Total, produits de technologies propres",5.309
2016,Antilles,"Total, produits environnementaux et de technologies propres",14.376
2016,Antilles,"Total, produits environnementaux",0.578
2016,Antilles,"Total, produits de technologies propres",13.797
2016,Moyen-Orient,"Total, produits environnementaux et de technologies propres",3.32
2016,Moyen-Orient,"Total, produits environnementaux",0.062
2016,Moyen-Orient,"Total, produits de technologies propres",3.257
2016,Océanie,"Total, produits environnementaux et de technologies propres",0.375
2016,Océanie,"Total, produits environnementaux",0.0
2016,Océanie,"Total, produits de technologies propres",0.375
2016,Asie,"Total, produits environnementaux et de technologies propres",777.474
2016,Asie,"Total, produits environnementaux",612.125
2016,Asie,"Total, produits de technologies propres",165.349
2017,Europe,"Total, produits environnementaux et de technologies propres",1.342
2017,Europe,"Total, produits environnementaux",0.018
2017,Europe,"Total, produits de technologies propres",1.324
2017,Amérique du Nord,"Total, produits environnementaux et de technologies propres",75.979
2017,Amérique du Nord,"Total, produits environnementaux",35.163
2017,Amérique du Nord,"Total, produits de technologies propres",40.816
2017,Afrique,"Total, produits environnementaux et de technologies propres",64.21
2017,Afrique,"Total, produits environnementaux",10.007
2017,Afrique,"Total, produits de technologies propres",54.204
2017,Amérique du Sud,"Total, produits environnementaux et de technologies propres",42.546
2017,Amérique du Sud,"Total, produits environnementaux",1.989
2017,Amérique du Sud,"Total, produits de technologies propres",40.557
2017,Amérique Centrale,"Total, produits environnementaux et de technologies propres",3.469
2017,Amérique Centrale,"Total, produits environnementaux",0.024
2017,Amérique Centrale,"Total, produits de technologies propres",3.445
2017,Antilles,"Total, produits environnementaux et de technologies propres",11.562
2017,Antilles,"Total, produits environnementaux",0.699
2017,Antilles,"Total, produits de technologies propres",10.863
2017,Moyen-Orient,"Total, produits environnementaux et de technologies propres",2.927
2017,Moyen-Orient,"Total, produits environnementaux",0.114
2017,Moyen-Orient,"Total, produits de technologies propres",2.814
2017,Océanie,"Total, produits environnementaux et de technologies propres",0.255
2017,Océanie,"Total, produits environnementaux",0.009
2017,Océanie,"Total, produits de technologies propres",0.246
2017,Asie,"Total, produits environnementaux et de technologies propres",824.322
2017,Asie,"Total, produits environnementaux",669.999
2017,Asie,"Total, produits de technologies propres",154.326
2018,Europe,"Total, produits environnementaux et de technologies propres",2.064
2018,Europe,"Total, produits environnementaux",0.289
2018,Europe,"Total, produits de technologies propres",1.775
2018,Amérique du Nord,"Total, produits environnementaux et de technologies propres",90.869
2018,Amérique du Nord,"Total, produits environnementaux",32.112
2018,Amérique du Nord,"Total, produits de technologies propres",58.758
2018,Afrique,"Total, produits environnementaux et de technologies propres",46.096
2018,Afrique,"Total, produits environnementaux",12.791
2018,Afrique,"Total, produits de technologies propres",33.306
2018,Amérique du Sud,"Total, produits environnementaux et de technologies propres",79.344
2018,Amérique du Sud,"Total, produits environnementaux",29.302
2018,Amérique du Sud,"Total, produits de technologies propres",50.043
2018,Amérique Centrale,"Total, produits environnementaux et de technologies propres",9.303
2018,Amérique Centrale,"Total, produits environnementaux",6.642
2018,Amérique Centrale,"Total, produits de technologies propres",2.662
2018,Antilles,"Total, produits environnementaux et de technologies propres",12.359
2018,Antilles,"Total, produits environnementaux",0.933
2018,Antilles,"Total, produits de technologies propres",11.426
2018,Moyen-Orient,"Total, produits environnementaux et de technologies propres",4.439
2018,Moyen-Orient,"Total, produits environnementaux",0.167
2018,Moyen-Orient,"Total, produits de technologies propres",4.273
2018,Océanie,"Total, produits environnementaux et de technologies propres",0.766
2018,Océanie,"Total, produits environnementaux",0.0
2018,Océanie,"Total, produits de technologies propres",0.766
2018,Asie,"Total, produits environnementaux et de technologies propres",732.722
2018,Asie,"Total, produits environnementaux",565.344
2018,Asie,"Total, produits de technologies propres",167.377
2019,Europe,"Total, produits environnementaux et de technologies propres",2.267
2019,Europe,"Total, produits environnementaux",1.054
2019,Europe,"Total, produits de technologies propres",1.213
2019,Amérique du Nord,"Total, produits environnementaux et de technologies propres",80.283
2019,Amérique du Nord,"Total, produits environnementaux",15.752
2019,Amérique du Nord,"Total, produits de technologies propres",64.531
2019,Afrique,"Total, produits environnementaux et de technologies propres",162.128
2019,Afrique,"Total, produits environnementaux",49.979
2019,Afrique,"Total, produits de technologies propres",112.151
2019,Amérique du Sud,"Total, produits environnementaux et de technologies propres",82.364
2019,Amérique du Sud,"Total, produits environnementaux",24.256
2019,Amérique du Sud,"Total, produits de technologies propres",58.108
2019,Amérique Centrale,"Total, produits environnementaux et de technologies propres",3.312
2019,Amérique Centrale,"Total, produits environnementaux",0.135
2019,Amérique Centrale,"Total, produits de technologies propres",3.178
2019,Antilles,"Total, produits environnementaux et de technologies propres",10.82
2019,Antilles,"Total, produits environnementaux",0.245
2019,Antilles,"Total, produits de technologies propres",10.573
2019,Moyen-Orient,"Total, produits environnementaux et de technologies propres",23.491
2019,Moyen-Orient,"Total, produits environnementaux",0.472
2019,Moyen-Orient,"Total, produits de technologies propres",23.019
2019,Océanie,"Total, produits environnementaux et de technologies propres",0.516
2019,Océanie,"Total, produits environnementaux",0.0
2019,Océanie,"Total, produits de technologies propres",0.516
2019,Asie,"Total, produits environnementaux et de technologies propres",757.074
2019,Asie,"Total, produits environnementaux",494.843
2019,Asie,"Total, produits de technologies propres",262.231
2020,Europe,"Total, produits environnementaux et de technologies propres",5.535
2020,Europe,"Total, produits environnementaux",0.61
2020,Europe,"Total, produits de technologies propres",4.926
2020,Amérique du Nord,"Total, produits environnementaux et de technologies propres",73.004
2020,Amérique du Nord,"Total, produits environnementaux",24.946
2020,Amérique du Nord,"Total, produits de technologies propres",48.057
2020,Afrique,"Total, produits environnementaux et de technologies propres",175.978
2020,Afrique,"Total, produits environnementaux",53.152
2020,Afrique,"Total, produits de technologies propres",122.825
2020,Amérique du Sud,"Total, produits environnementaux et de technologies propres",137.326
2020,Amérique du Sud,"Total, produits environnementaux",54.71
2020,Amérique du Sud,"Total, produits de technologies propres",82.616
2020,Amérique Centrale,"Total, produits environnementaux et de technologies propres",6.893
2020,Amérique Centrale,"Total, produits environnementaux",2.627
2020,Amérique Centrale,"Total, produits de technologies propres",4.267
2020,Antilles,"Total, produits environnementaux et de technologies propres",44.182
2020,Antilles,"Total, produits environnementaux",0.285
2020,Antilles,"Total, produits de technologies propres",43.898
2020,Moyen-Orient,"Total, produits environnementaux et de technologies propres",14.285
2020,Moyen-Orient,"Total, produits environnementaux",0.25
2020,Moyen-Orient,"Total, produits de technologies propres",14.034
2020,Océanie,"Total, produits environnementaux et de technologies propres",1.035
2020,Océanie,"Total, produits environnementaux",0.027
2020,Océanie,"Total, produits de technologies propres",1.008
2020,Asie,"Total, produits environnementaux et de technologies propres",555.151
2020,Asie,"Total, produits environnementaux",336.407
2020,Asie,"Total, produits de technologies propres",218.744
2021,Europe,"Total, produits environnementaux et de technologies propres",6.821
2021,Europe,"Total, produits environnementaux",0.098
2021,Europe,"Total, produits de technologies propres",6.724
2021,Amérique du Nord,"Total, produits environnementaux et de technologies propres",105.415
2021,Amérique du Nord,"Total, produits environnementaux",32.861
2021,Amérique du Nord,"Total, produits de technologies propres",72.553
2021,Afrique,"Total, produits environnementaux et de technologies propres",162.009
2021,Afrique,"Total, produits environnementaux",1.254
2021,Afrique,"Total, produits de technologies propres",160.753
2021,Amérique du Sud,"Total, produits environnementaux et de technologies propres",96.646
2021,Amérique du Sud,"Total, produits environnementaux",16.067
2021,Amérique du Sud,"Total, produits de technologies propres",80.579
2021,Amérique Centrale,"Total, produits environnementaux et de technologies propres",3.907
2021,Amérique Centrale,"Total, produits environnementaux",0.479
2021,Amérique Centrale,"Total, produits de technologies propres",3.427
2021,Antilles,"Total, produits environnementaux et de technologies propres",55.687
2021,Antilles,"Total, produits environnementaux",0.271
2021,Antilles,"Total, produits de technologies propres",55.416
2021,Moyen-Orient,"Total, produits environnementaux et de technologies propres",9.437
2021,Moyen-Orient,"Total, produits environnementaux",0.115
2021,Moyen-Orient,"Total, produits de technologies propres",9.323
2021,Océanie,"Total, produits environnementaux et de technologies propres",0.431
2021,Océanie,"Total, produits environnementaux",0.0
2021,Océanie,"Total, produits de technologies propres",0.431
2021,Asie,"Total, produits environnementaux et de technologies propres",871.901
2021,Asie,"Total, produits environnementaux",650.572
2021,Asie,"Total, produits de technologies propres",221.329
2022,Europe,"Total, produits environnementaux et de technologies propres",4.903
2022,Europe,"Total, produits environnementaux",0.318
2022,Europe,"Total, produits de technologies propres",4.584
2022,Amérique du Nord,"Total, produits environnementaux et de technologies propres",121.838
2022,Amérique du Nord,"Total, produits environnementaux",26.509
2022,Amérique du Nord,"Total, produits de technologies propres",95.329
2022,Afrique,"Total, produits environnementaux et de technologies propres",118.95
2022,Afrique,"Total, produits environnementaux",1.2
2022,Afrique,"Total, produits de technologies propres",117.749
2022,Amérique du Sud,"Total, produits environnementaux et de technologies propres",98.163
2022,Amérique du Sud,"Total, produits environnementaux",14.958
2022,Amérique du Sud,"Total, produits de technologies propres",83.207
2022,Amérique Centrale,"Total, produits environnementaux et de technologies propres",3.74
2022,Amérique Centrale,"Total, produits environnementaux",0.638
2022,Amérique Centrale,"Total, produits de technologies propres",3.101
2022,Antilles,"Total, produits environnementaux et de technologies propres",21.875
2022,Antilles,"Total, produits environnementaux",0.213
2022,Antilles,"Total, produits de technologies propres",21.662
2022,Moyen-Orient,"Total, produits environnementaux et de technologies propres",21.695
2022,Moyen-Orient,"Total, produits environnementaux",0.012
2022,Moyen-Orient,"Total, produits de technologies propres",21.683
2022,Océanie,"Total, produits environnementaux et de technologies propres",0.636
2022,Océanie,"Total, produits environnementaux",0.0
2022,Océanie,"Total, produits de technologies propres",0.636
2022,Asie,"Total, produits environnementaux et de technologies propres",862.63
2022,Asie,"Total, produits environnementaux",668.423
2022,Asie,"Total, produits de technologies propres",194.206
