Year,Région,Biens et services (produits),Value
2015,,,1035.264
2015,Toutes les régions,Produits environnementaux,669.059
2015,Toutes les régions,Produits de technologies propres,366.207
2016,,,946.424
2016,Toutes les régions,Produits environnementaux,619.046
2016,Toutes les régions,Produits de technologies propres,327.372
2017,,,1026.612
2017,Toutes les régions,Produits environnementaux,718.022
2017,Toutes les régions,Produits de technologies propres,308.595
2018,,,977.962
2018,Toutes les régions,Produits environnementaux,647.58
2018,Toutes les régions,Produits de technologies propres,330.386
2019,,,1122.255
2019,Toutes les régions,Produits environnementaux,586.736
2019,Toutes les régions,Produits de technologies propres,535.52
2020,,,1013.389
2020,Toutes les régions,Produits environnementaux,473.014
2020,Toutes les régions,Produits de technologies propres,540.375
2021,,,1312.017
2021,Toutes les régions,Produits environnementaux,690.704
2021,Toutes les régions,Produits de technologies propres,621.312
2022,,,1252.392
2022,Toutes les régions,Produits environnementaux,731.638
2022,Toutes les régions,Produits de technologies propres,520.75
2015,Europe,Produits environnementaux et de technologies propres,5.863
2015,Europe,Produits environnementaux,3.773
2015,Europe,Produits de technologies propres,2.09
2015,Amérique du Nord,Produits environnementaux et de technologies propres,47.027
2015,Amérique du Nord,Produits environnementaux,0.866
2015,Amérique du Nord,Produits de technologies propres,46.161
2015,Afrique,Produits environnementaux et de technologies propres,54.445
2015,Afrique,Produits environnementaux,16.184
2015,Afrique,Produits de technologies propres,38.264
2015,Amérique du Sud,Produits environnementaux et de technologies propres,59.309
2015,Amérique du Sud,Produits environnementaux,2.093
2015,Amérique du Sud,Produits de technologies propres,57.215
2015,Amérique Centrale,Produits environnementaux et de technologies propres,10.067
2015,Amérique Centrale,Produits environnementaux,1.236
2015,Amérique Centrale,Produits de technologies propres,8.831
2015,Antilles,Produits environnementaux et de technologies propres,21.327
2015,Antilles,Produits environnementaux,1.569
2015,Antilles,Produits de technologies propres,19.76
2015,Moyen-Orient,Produits environnementaux et de technologies propres,8.263
2015,Moyen-Orient,Produits environnementaux,0.05
2015,Moyen-Orient,Produits de technologies propres,8.213
2015,Océanie,Produits environnementaux et de technologies propres,1.765
2015,Océanie,Produits environnementaux,0.015
2015,Océanie,Produits de technologies propres,1.75
2015,Asie,Produits environnementaux et de technologies propres,827.198
2015,Asie,Produits environnementaux,643.273
2015,Asie,Produits de technologies propres,183.923
2016,Europe,Produits environnementaux et de technologies propres,2.065
2016,Europe,Produits environnementaux,0.02
2016,Europe,Produits de technologies propres,2.044
2016,Amérique du Nord,Produits environnementaux et de technologies propres,44.726
2016,Amérique du Nord,Produits environnementaux,1.819
2016,Amérique du Nord,Produits de technologies propres,42.907
2016,Afrique,Produits environnementaux et de technologies propres,61.242
2016,Afrique,Produits environnementaux,3.641
2016,Afrique,Produits de technologies propres,57.599
2016,Amérique du Sud,Produits environnementaux et de technologies propres,37.531
2016,Amérique du Sud,Produits environnementaux,0.796
2016,Amérique du Sud,Produits de technologies propres,36.735
2016,Amérique Centrale,Produits environnementaux et de technologies propres,5.315
2016,Amérique Centrale,Produits environnementaux,0.005
2016,Amérique Centrale,Produits de technologies propres,5.309
2016,Antilles,Produits environnementaux et de technologies propres,14.376
2016,Antilles,Produits environnementaux,0.578
2016,Antilles,Produits de technologies propres,13.797
2016,Moyen-Orient,Produits environnementaux et de technologies propres,3.32
2016,Moyen-Orient,Produits environnementaux,0.062
2016,Moyen-Orient,Produits de technologies propres,3.257
2016,Océanie,Produits environnementaux et de technologies propres,0.375
2016,Océanie,Produits environnementaux,0.0
2016,Océanie,Produits de technologies propres,0.375
2016,Asie,Produits environnementaux et de technologies propres,777.474
2016,Asie,Produits environnementaux,612.125
2016,Asie,Produits de technologies propres,165.349
2017,Europe,Produits environnementaux et de technologies propres,1.342
2017,Europe,Produits environnementaux,0.018
2017,Europe,Produits de technologies propres,1.324
2017,Amérique du Nord,Produits environnementaux et de technologies propres,75.979
2017,Amérique du Nord,Produits environnementaux,35.163
2017,Amérique du Nord,Produits de technologies propres,40.816
2017,Afrique,Produits environnementaux et de technologies propres,64.21
2017,Afrique,Produits environnementaux,10.007
2017,Afrique,Produits de technologies propres,54.204
2017,Amérique du Sud,Produits environnementaux et de technologies propres,42.546
2017,Amérique du Sud,Produits environnementaux,1.989
2017,Amérique du Sud,Produits de technologies propres,40.557
2017,Amérique Centrale,Produits environnementaux et de technologies propres,3.469
2017,Amérique Centrale,Produits environnementaux,0.024
2017,Amérique Centrale,Produits de technologies propres,3.445
2017,Antilles,Produits environnementaux et de technologies propres,11.562
2017,Antilles,Produits environnementaux,0.699
2017,Antilles,Produits de technologies propres,10.863
2017,Moyen-Orient,Produits environnementaux et de technologies propres,2.927
2017,Moyen-Orient,Produits environnementaux,0.114
2017,Moyen-Orient,Produits de technologies propres,2.814
2017,Océanie,Produits environnementaux et de technologies propres,0.255
2017,Océanie,Produits environnementaux,0.009
2017,Océanie,Produits de technologies propres,0.246
2017,Asie,Produits environnementaux et de technologies propres,824.322
2017,Asie,Produits environnementaux,669.999
2017,Asie,Produits de technologies propres,154.326
2018,Europe,Produits environnementaux et de technologies propres,2.064
2018,Europe,Produits environnementaux,0.289
2018,Europe,Produits de technologies propres,1.775
2018,Amérique du Nord,Produits environnementaux et de technologies propres,90.869
2018,Amérique du Nord,Produits environnementaux,32.112
2018,Amérique du Nord,Produits de technologies propres,58.758
2018,Afrique,Produits environnementaux et de technologies propres,46.096
2018,Afrique,Produits environnementaux,12.791
2018,Afrique,Produits de technologies propres,33.306
2018,Amérique du Sud,Produits environnementaux et de technologies propres,79.344
2018,Amérique du Sud,Produits environnementaux,29.302
2018,Amérique du Sud,Produits de technologies propres,50.043
2018,Amérique Centrale,Produits environnementaux et de technologies propres,9.303
2018,Amérique Centrale,Produits environnementaux,6.642
2018,Amérique Centrale,Produits de technologies propres,2.662
2018,Antilles,Produits environnementaux et de technologies propres,12.359
2018,Antilles,Produits environnementaux,0.933
2018,Antilles,Produits de technologies propres,11.426
2018,Moyen-Orient,Produits environnementaux et de technologies propres,4.439
2018,Moyen-Orient,Produits environnementaux,0.167
2018,Moyen-Orient,Produits de technologies propres,4.273
2018,Océanie,Produits environnementaux et de technologies propres,0.766
2018,Océanie,Produits environnementaux,0.0
2018,Océanie,Produits de technologies propres,0.766
2018,Asie,Produits environnementaux et de technologies propres,732.722
2018,Asie,Produits environnementaux,565.344
2018,Asie,Produits de technologies propres,167.377
2019,Europe,Produits environnementaux et de technologies propres,2.267
2019,Europe,Produits environnementaux,1.054
2019,Europe,Produits de technologies propres,1.213
2019,Amérique du Nord,Produits environnementaux et de technologies propres,80.283
2019,Amérique du Nord,Produits environnementaux,15.752
2019,Amérique du Nord,Produits de technologies propres,64.531
2019,Afrique,Produits environnementaux et de technologies propres,162.128
2019,Afrique,Produits environnementaux,49.979
2019,Afrique,Produits de technologies propres,112.151
2019,Amérique du Sud,Produits environnementaux et de technologies propres,82.364
2019,Amérique du Sud,Produits environnementaux,24.256
2019,Amérique du Sud,Produits de technologies propres,58.108
2019,Amérique Centrale,Produits environnementaux et de technologies propres,3.312
2019,Amérique Centrale,Produits environnementaux,0.135
2019,Amérique Centrale,Produits de technologies propres,3.178
2019,Antilles,Produits environnementaux et de technologies propres,10.82
2019,Antilles,Produits environnementaux,0.245
2019,Antilles,Produits de technologies propres,10.573
2019,Moyen-Orient,Produits environnementaux et de technologies propres,23.491
2019,Moyen-Orient,Produits environnementaux,0.472
2019,Moyen-Orient,Produits de technologies propres,23.019
2019,Océanie,Produits environnementaux et de technologies propres,0.516
2019,Océanie,Produits environnementaux,0.0
2019,Océanie,Produits de technologies propres,0.516
2019,Asie,Produits environnementaux et de technologies propres,757.074
2019,Asie,Produits environnementaux,494.843
2019,Asie,Produits de technologies propres,262.231
2020,Europe,Produits environnementaux et de technologies propres,5.535
2020,Europe,Produits environnementaux,0.61
2020,Europe,Produits de technologies propres,4.926
2020,Amérique du Nord,Produits environnementaux et de technologies propres,73.004
2020,Amérique du Nord,Produits environnementaux,24.946
2020,Amérique du Nord,Produits de technologies propres,48.057
2020,Afrique,Produits environnementaux et de technologies propres,175.978
2020,Afrique,Produits environnementaux,53.152
2020,Afrique,Produits de technologies propres,122.825
2020,Amérique du Sud,Produits environnementaux et de technologies propres,137.326
2020,Amérique du Sud,Produits environnementaux,54.71
2020,Amérique du Sud,Produits de technologies propres,82.616
2020,Amérique Centrale,Produits environnementaux et de technologies propres,6.893
2020,Amérique Centrale,Produits environnementaux,2.627
2020,Amérique Centrale,Produits de technologies propres,4.267
2020,Antilles,Produits environnementaux et de technologies propres,44.182
2020,Antilles,Produits environnementaux,0.285
2020,Antilles,Produits de technologies propres,43.898
2020,Moyen-Orient,Produits environnementaux et de technologies propres,14.285
2020,Moyen-Orient,Produits environnementaux,0.25
2020,Moyen-Orient,Produits de technologies propres,14.034
2020,Océanie,Produits environnementaux et de technologies propres,1.035
2020,Océanie,Produits environnementaux,0.027
2020,Océanie,Produits de technologies propres,1.008
2020,Asie,Produits environnementaux et de technologies propres,555.151
2020,Asie,Produits environnementaux,336.407
2020,Asie,Produits de technologies propres,218.744
2021,Europe,Produits environnementaux et de technologies propres,6.962
2021,Europe,Produits environnementaux,0.1
2021,Europe,Produits de technologies propres,6.861
2021,Amérique du Nord,Produits environnementaux et de technologies propres,93.083
2021,Amérique du Nord,Produits environnementaux,32.344
2021,Amérique du Nord,Produits de technologies propres,60.739
2021,Afrique,Produits environnementaux et de technologies propres,165.676
2021,Afrique,Produits environnementaux,1.092
2021,Afrique,Produits de technologies propres,164.585
2021,Amérique du Sud,Produits environnementaux et de technologies propres,100.352
2021,Amérique du Sud,Produits environnementaux,19.714
2021,Amérique du Sud,Produits de technologies propres,80.638
2021,Amérique Centrale,Produits environnementaux et de technologies propres,3.984
2021,Amérique Centrale,Produits environnementaux,0.516
2021,Amérique Centrale,Produits de technologies propres,3.467
2021,Antilles,Produits environnementaux et de technologies propres,81.907
2021,Antilles,Produits environnementaux,0.219
2021,Antilles,Produits de technologies propres,81.688
2021,Moyen-Orient,Produits environnementaux et de technologies propres,9.824
2021,Moyen-Orient,Produits environnementaux,0.104
2021,Moyen-Orient,Produits de technologies propres,9.721
2021,Océanie,Produits environnementaux et de technologies propres,0.485
2021,Océanie,Produits environnementaux,0.0
2021,Océanie,Produits de technologies propres,0.485
2021,Asie,Produits environnementaux et de technologies propres,849.744
2021,Asie,Produits environnementaux,636.615
2021,Asie,Produits de technologies propres,213.128
2022,Europe,Produits environnementaux et de technologies propres,4.75
2022,Europe,Produits environnementaux,0.323
2022,Europe,Produits de technologies propres,4.426
2022,Amérique du Nord,Produits environnementaux et de technologies propres,110.377
2022,Amérique du Nord,Produits environnementaux,26.218
2022,Amérique du Nord,Produits de technologies propres,84.159
2022,Afrique,Produits environnementaux et de technologies propres,110.551
2022,Afrique,Produits environnementaux,0.793
2022,Afrique,Produits de technologies propres,109.758
2022,Amérique du Sud,Produits environnementaux et de technologies propres,96.382
2022,Amérique du Sud,Produits environnementaux,12.972
2022,Amérique du Sud,Produits de technologies propres,83.411
2022,Amérique Centrale,Produits environnementaux et de technologies propres,4.472
2022,Amérique Centrale,Produits environnementaux,0.872
2022,Amérique Centrale,Produits de technologies propres,3.601
2022,Antilles,Produits environnementaux et de technologies propres,19.455
2022,Antilles,Produits environnementaux,0.013
2022,Antilles,Produits de technologies propres,19.441
2022,Moyen-Orient,Produits environnementaux et de technologies propres,23.191
2022,Moyen-Orient,Produits environnementaux,0.014
2022,Moyen-Orient,Produits de technologies propres,23.177
2022,Océanie,Produits environnementaux et de technologies propres,0.538
2022,Océanie,Produits environnementaux,0.0
2022,Océanie,Produits de technologies propres,0.538
2022,Asie,Produits environnementaux et de technologies propres,882.676
2022,Asie,Produits environnementaux,690.433
2022,Asie,Produits de technologies propres,192.239
