Year,Géographie,Disposition de vie,Niveau de sécurité alimentaire du ménage,Value
2015-2016,Canada,Toutes dispositions de vie,Sécurité alimentaire,
2017-2018,Canada,Toutes dispositions de vie,Sécurité alimentaire,87.3
2015-2016,Canada,Toutes dispositions de vie,Insécurité alimentaire marginale,
2017-2018,Canada,Toutes dispositions de vie,Insécurité alimentaire marginale,4.0
2015-2016,Canada,Toutes dispositions de vie,Insécurité alimentaire modérée et grave,
2017-2018,Canada,Toutes dispositions de vie,Insécurité alimentaire modérée et grave,8.7
2015-2016,Canada,Femme vivant seule,Sécurité alimentaire,
2017-2018,Canada,Femme vivant seule,Sécurité alimentaire,83.8
2015-2016,Canada,Femme vivant seule,Insécurité alimentaire marginale,
2017-2018,Canada,Femme vivant seule,Insécurité alimentaire marginale,4.1
2015-2016,Canada,Femme vivant seule,Insécurité alimentaire modérée et grave,
2017-2018,Canada,Femme vivant seule,Insécurité alimentaire modérée et grave,12.1
2015-2016,Canada,Homme vivant seul,Sécurité alimentaire,
2017-2018,Canada,Homme vivant seul,Sécurité alimentaire,83.3
2015-2016,Canada,Homme vivant seul,Insécurité alimentaire marginale,
2017-2018,Canada,Homme vivant seul,Insécurité alimentaire marginale,4.7
2015-2016,Canada,Homme vivant seul,Insécurité alimentaire modérée et grave,
2017-2018,Canada,Homme vivant seul,Insécurité alimentaire modérée et grave,12.0
2015-2016,Canada,Couple sans enfant,Sécurité alimentaire,
2017-2018,Canada,Couple sans enfant,Sécurité alimentaire,94.3
2015-2016,Canada,Couple sans enfant,Insécurité alimentaire marginale,
2017-2018,Canada,Couple sans enfant,Insécurité alimentaire marginale,2.3
2015-2016,Canada,Couple sans enfant,Insécurité alimentaire modérée et grave,
2017-2018,Canada,Couple sans enfant,Insécurité alimentaire modérée et grave,3.4
2015-2016,Canada,Couple avec enfant(s) de moins de 18 ans,Sécurité alimentaire,
2017-2018,Canada,Couple avec enfant(s) de moins de 18 ans,Sécurité alimentaire,88.2
2015-2016,Canada,Couple avec enfant(s) de moins de 18 ans,Insécurité alimentaire marginale,
2017-2018,Canada,Couple avec enfant(s) de moins de 18 ans,Insécurité alimentaire marginale,4.4
2015-2016,Canada,Couple avec enfant(s) de moins de 18 ans,Insécurité alimentaire modérée et grave,
2017-2018,Canada,Couple avec enfant(s) de moins de 18 ans,Insécurité alimentaire modérée et grave,7.3
2015-2016,Canada,Mère monoparentale avec enfant(s) de moins de 18 ans,Sécurité alimentaire,
2017-2018,Canada,Mère monoparentale avec enfant(s) de moins de 18 ans,Sécurité alimentaire,66.9
2015-2016,Canada,Mère monoparentale avec enfant(s) de moins de 18 ans,Insécurité alimentaire marginale,
2017-2018,Canada,Mère monoparentale avec enfant(s) de moins de 18 ans,Insécurité alimentaire marginale,8.0
2015-2016,Canada,Mère monoparentale avec enfant(s) de moins de 18 ans,Insécurité alimentaire modérée et grave,
2017-2018,Canada,Mère monoparentale avec enfant(s) de moins de 18 ans,Insécurité alimentaire modérée et grave,25.1
2015-2016,Canada,Père monoparental avec enfant(s) de moins de 18 ans,Sécurité alimentaire,
2017-2018,Canada,Père monoparental avec enfant(s) de moins de 18 ans,Sécurité alimentaire,78.4
2015-2016,Canada,Père monoparental avec enfant(s) de moins de 18 ans,Insécurité alimentaire marginale,
2017-2018,Canada,Père monoparental avec enfant(s) de moins de 18 ans,Insécurité alimentaire marginale,5.3
2015-2016,Canada,Père monoparental avec enfant(s) de moins de 18 ans,Insécurité alimentaire modérée et grave,
2017-2018,Canada,Père monoparental avec enfant(s) de moins de 18 ans,Insécurité alimentaire modérée et grave,16.3
2015-2016,Canada,Autres dispositions de vie,Sécurité alimentaire,
2017-2018,Canada,Autres dispositions de vie,Sécurité alimentaire,86.2
2015-2016,Canada,Autres dispositions de vie,Insécurité alimentaire marginale,
2017-2018,Canada,Autres dispositions de vie,Insécurité alimentaire marginale,4.5
2015-2016,Canada,Autres dispositions de vie,Insécurité alimentaire modérée et grave,
2017-2018,Canada,Autres dispositions de vie,Insécurité alimentaire modérée et grave,9.3
2015-2016,Terre-Neuve-et-Labrador,Toutes dispositions de vie,Sécurité alimentaire,
2017-2018,Terre-Neuve-et-Labrador,Toutes dispositions de vie,Sécurité alimentaire,85.3
2015-2016,Terre-Neuve-et-Labrador,Toutes dispositions de vie,Insécurité alimentaire marginale,
2017-2018,Terre-Neuve-et-Labrador,Toutes dispositions de vie,Insécurité alimentaire marginale,4.7
2015-2016,Terre-Neuve-et-Labrador,Toutes dispositions de vie,Insécurité alimentaire modérée et grave,
2017-2018,Terre-Neuve-et-Labrador,Toutes dispositions de vie,Insécurité alimentaire modérée et grave,10.1
2015-2016,Terre-Neuve-et-Labrador,Femme vivant seule,Sécurité alimentaire,
2017-2018,Terre-Neuve-et-Labrador,Femme vivant seule,Sécurité alimentaire,74.4
2015-2016,Terre-Neuve-et-Labrador,Femme vivant seule,Insécurité alimentaire marginale,
2017-2018,Terre-Neuve-et-Labrador,Femme vivant seule,Insécurité alimentaire marginale,7.3
2015-2016,Terre-Neuve-et-Labrador,Femme vivant seule,Insécurité alimentaire modérée et grave,
2017-2018,Terre-Neuve-et-Labrador,Femme vivant seule,Insécurité alimentaire modérée et grave,18.3
2015-2016,Terre-Neuve-et-Labrador,Homme vivant seul,Sécurité alimentaire,
2017-2018,Terre-Neuve-et-Labrador,Homme vivant seul,Sécurité alimentaire,77.7
2015-2016,Terre-Neuve-et-Labrador,Homme vivant seul,Insécurité alimentaire marginale,
2017-2018,Terre-Neuve-et-Labrador,Homme vivant seul,Insécurité alimentaire marginale,6.8
2015-2016,Terre-Neuve-et-Labrador,Homme vivant seul,Insécurité alimentaire modérée et grave,
2017-2018,Terre-Neuve-et-Labrador,Homme vivant seul,Insécurité alimentaire modérée et grave,15.5
2015-2016,Terre-Neuve-et-Labrador,Couple sans enfant,Sécurité alimentaire,
2017-2018,Terre-Neuve-et-Labrador,Couple sans enfant,Sécurité alimentaire,93.4
2015-2016,Terre-Neuve-et-Labrador,Couple sans enfant,Insécurité alimentaire marginale,
2017-2018,Terre-Neuve-et-Labrador,Couple sans enfant,Insécurité alimentaire marginale,3.6
2015-2016,Terre-Neuve-et-Labrador,Couple sans enfant,Insécurité alimentaire modérée et grave,
2017-2018,Terre-Neuve-et-Labrador,Couple sans enfant,Insécurité alimentaire modérée et grave,3.1
2015-2016,Terre-Neuve-et-Labrador,Couple avec enfant(s) de moins de 18 ans,Sécurité alimentaire,
2017-2018,Terre-Neuve-et-Labrador,Couple avec enfant(s) de moins de 18 ans,Sécurité alimentaire,88.5
2015-2016,Terre-Neuve-et-Labrador,Couple avec enfant(s) de moins de 18 ans,Insécurité alimentaire marginale,
2017-2018,Terre-Neuve-et-Labrador,Couple avec enfant(s) de moins de 18 ans,Insécurité alimentaire marginale,3.9
2015-2016,Terre-Neuve-et-Labrador,Couple avec enfant(s) de moins de 18 ans,Insécurité alimentaire modérée et grave,
2017-2018,Terre-Neuve-et-Labrador,Couple avec enfant(s) de moins de 18 ans,Insécurité alimentaire modérée et grave,7.6
2015-2016,Terre-Neuve-et-Labrador,Mère monoparentale avec enfant(s) de moins de 18 ans,Sécurité alimentaire,
2017-2018,Terre-Neuve-et-Labrador,Mère monoparentale avec enfant(s) de moins de 18 ans,Sécurité alimentaire,54.5
2015-2016,Terre-Neuve-et-Labrador,Mère monoparentale avec enfant(s) de moins de 18 ans,Insécurité alimentaire marginale,
2017-2018,Terre-Neuve-et-Labrador,Mère monoparentale avec enfant(s) de moins de 18 ans,Insécurité alimentaire marginale,8.9
2015-2016,Terre-Neuve-et-Labrador,Mère monoparentale avec enfant(s) de moins de 18 ans,Insécurité alimentaire modérée et grave,
2017-2018,Terre-Neuve-et-Labrador,Mère monoparentale avec enfant(s) de moins de 18 ans,Insécurité alimentaire modérée et grave,36.6
2015-2016,Terre-Neuve-et-Labrador,Père monoparental avec enfant(s) de moins de 18 ans,Sécurité alimentaire,
2017-2018,Terre-Neuve-et-Labrador,Père monoparental avec enfant(s) de moins de 18 ans,Sécurité alimentaire,84.0
2015-2016,Terre-Neuve-et-Labrador,Père monoparental avec enfant(s) de moins de 18 ans,Insécurité alimentaire marginale,
2017-2018,Terre-Neuve-et-Labrador,Père monoparental avec enfant(s) de moins de 18 ans,Insécurité alimentaire marginale,
2015-2016,Terre-Neuve-et-Labrador,Père monoparental avec enfant(s) de moins de 18 ans,Insécurité alimentaire modérée et grave,
2017-2018,Terre-Neuve-et-Labrador,Père monoparental avec enfant(s) de moins de 18 ans,Insécurité alimentaire modérée et grave,
2015-2016,Terre-Neuve-et-Labrador,Autres dispositions de vie,Sécurité alimentaire,
2017-2018,Terre-Neuve-et-Labrador,Autres dispositions de vie,Sécurité alimentaire,86.5
2015-2016,Terre-Neuve-et-Labrador,Autres dispositions de vie,Insécurité alimentaire marginale,
2017-2018,Terre-Neuve-et-Labrador,Autres dispositions de vie,Insécurité alimentaire marginale,3.7
2015-2016,Terre-Neuve-et-Labrador,Autres dispositions de vie,Insécurité alimentaire modérée et grave,
2017-2018,Terre-Neuve-et-Labrador,Autres dispositions de vie,Insécurité alimentaire modérée et grave,9.9
2015-2016,Île-du-Prince-Édouard,Toutes dispositions de vie,Sécurité alimentaire,85.4
2017-2018,Île-du-Prince-Édouard,Toutes dispositions de vie,Sécurité alimentaire,86.0
2015-2016,Île-du-Prince-Édouard,Toutes dispositions de vie,Insécurité alimentaire marginale,3.7
2017-2018,Île-du-Prince-Édouard,Toutes dispositions de vie,Insécurité alimentaire marginale,4.0
2015-2016,Île-du-Prince-Édouard,Toutes dispositions de vie,Insécurité alimentaire modérée et grave,10.9
2017-2018,Île-du-Prince-Édouard,Toutes dispositions de vie,Insécurité alimentaire modérée et grave,9.9
2015-2016,Île-du-Prince-Édouard,Femme vivant seule,Sécurité alimentaire,83.3
2017-2018,Île-du-Prince-Édouard,Femme vivant seule,Sécurité alimentaire,81.8
2015-2016,Île-du-Prince-Édouard,Femme vivant seule,Insécurité alimentaire marginale,3.4
2017-2018,Île-du-Prince-Édouard,Femme vivant seule,Insécurité alimentaire marginale,3.6
2015-2016,Île-du-Prince-Édouard,Femme vivant seule,Insécurité alimentaire modérée et grave,13.4
2017-2018,Île-du-Prince-Édouard,Femme vivant seule,Insécurité alimentaire modérée et grave,14.6
2015-2016,Île-du-Prince-Édouard,Homme vivant seul,Sécurité alimentaire,77.8
2017-2018,Île-du-Prince-Édouard,Homme vivant seul,Sécurité alimentaire,79.7
2015-2016,Île-du-Prince-Édouard,Homme vivant seul,Insécurité alimentaire marginale,6.2
2017-2018,Île-du-Prince-Édouard,Homme vivant seul,Insécurité alimentaire marginale,6.7
2015-2016,Île-du-Prince-Édouard,Homme vivant seul,Insécurité alimentaire modérée et grave,16.0
2017-2018,Île-du-Prince-Édouard,Homme vivant seul,Insécurité alimentaire modérée et grave,13.7
2015-2016,Île-du-Prince-Édouard,Couple sans enfant,Sécurité alimentaire,92.5
2017-2018,Île-du-Prince-Édouard,Couple sans enfant,Sécurité alimentaire,91.9
2015-2016,Île-du-Prince-Édouard,Couple sans enfant,Insécurité alimentaire marginale,3.3
2017-2018,Île-du-Prince-Édouard,Couple sans enfant,Insécurité alimentaire marginale,2.7
2015-2016,Île-du-Prince-Édouard,Couple sans enfant,Insécurité alimentaire modérée et grave,4.2
2017-2018,Île-du-Prince-Édouard,Couple sans enfant,Insécurité alimentaire modérée et grave,5.5
2015-2016,Île-du-Prince-Édouard,Couple avec enfant(s) de moins de 18 ans,Sécurité alimentaire,86.4
2017-2018,Île-du-Prince-Édouard,Couple avec enfant(s) de moins de 18 ans,Sécurité alimentaire,88.9
2015-2016,Île-du-Prince-Édouard,Couple avec enfant(s) de moins de 18 ans,Insécurité alimentaire marginale,
2017-2018,Île-du-Prince-Édouard,Couple avec enfant(s) de moins de 18 ans,Insécurité alimentaire marginale,3.5
2015-2016,Île-du-Prince-Édouard,Couple avec enfant(s) de moins de 18 ans,Insécurité alimentaire modérée et grave,10.2
2017-2018,Île-du-Prince-Édouard,Couple avec enfant(s) de moins de 18 ans,Insécurité alimentaire modérée et grave,7.6
2015-2016,Île-du-Prince-Édouard,Mère monoparentale avec enfant(s) de moins de 18 ans,Sécurité alimentaire,45.0
2017-2018,Île-du-Prince-Édouard,Mère monoparentale avec enfant(s) de moins de 18 ans,Sécurité alimentaire,60.3
2015-2016,Île-du-Prince-Édouard,Mère monoparentale avec enfant(s) de moins de 18 ans,Insécurité alimentaire marginale,
2017-2018,Île-du-Prince-Édouard,Mère monoparentale avec enfant(s) de moins de 18 ans,Insécurité alimentaire marginale,
2015-2016,Île-du-Prince-Édouard,Mère monoparentale avec enfant(s) de moins de 18 ans,Insécurité alimentaire modérée et grave,49.4
2017-2018,Île-du-Prince-Édouard,Mère monoparentale avec enfant(s) de moins de 18 ans,Insécurité alimentaire modérée et grave,30.4
2015-2016,Île-du-Prince-Édouard,Père monoparental avec enfant(s) de moins de 18 ans,Sécurité alimentaire,
2017-2018,Île-du-Prince-Édouard,Père monoparental avec enfant(s) de moins de 18 ans,Sécurité alimentaire,
2015-2016,Île-du-Prince-Édouard,Père monoparental avec enfant(s) de moins de 18 ans,Insécurité alimentaire marginale,
2017-2018,Île-du-Prince-Édouard,Père monoparental avec enfant(s) de moins de 18 ans,Insécurité alimentaire marginale,
2015-2016,Île-du-Prince-Édouard,Père monoparental avec enfant(s) de moins de 18 ans,Insécurité alimentaire modérée et grave,
2017-2018,Île-du-Prince-Édouard,Père monoparental avec enfant(s) de moins de 18 ans,Insécurité alimentaire modérée et grave,
2015-2016,Île-du-Prince-Édouard,Autres dispositions de vie,Sécurité alimentaire,89.6
2017-2018,Île-du-Prince-Édouard,Autres dispositions de vie,Sécurité alimentaire,85.1
2015-2016,Île-du-Prince-Édouard,Autres dispositions de vie,Insécurité alimentaire marginale,3.3
2017-2018,Île-du-Prince-Édouard,Autres dispositions de vie,Insécurité alimentaire marginale,4.7
2015-2016,Île-du-Prince-Édouard,Autres dispositions de vie,Insécurité alimentaire modérée et grave,7.1
2017-2018,Île-du-Prince-Édouard,Autres dispositions de vie,Insécurité alimentaire modérée et grave,10.2
2015-2016,Nouvelle-Écosse,Toutes dispositions de vie,Sécurité alimentaire,83.1
2017-2018,Nouvelle-Écosse,Toutes dispositions de vie,Sécurité alimentaire,84.7
2015-2016,Nouvelle-Écosse,Toutes dispositions de vie,Insécurité alimentaire marginale,5.2
2017-2018,Nouvelle-Écosse,Toutes dispositions de vie,Insécurité alimentaire marginale,4.4
2015-2016,Nouvelle-Écosse,Toutes dispositions de vie,Insécurité alimentaire modérée et grave,11.7
2017-2018,Nouvelle-Écosse,Toutes dispositions de vie,Insécurité alimentaire modérée et grave,11.0
2015-2016,Nouvelle-Écosse,Femme vivant seule,Sécurité alimentaire,77.6
2017-2018,Nouvelle-Écosse,Femme vivant seule,Sécurité alimentaire,80.1
2015-2016,Nouvelle-Écosse,Femme vivant seule,Insécurité alimentaire marginale,6.9
2017-2018,Nouvelle-Écosse,Femme vivant seule,Insécurité alimentaire marginale,6.2
2015-2016,Nouvelle-Écosse,Femme vivant seule,Insécurité alimentaire modérée et grave,15.5
2017-2018,Nouvelle-Écosse,Femme vivant seule,Insécurité alimentaire modérée et grave,13.7
2015-2016,Nouvelle-Écosse,Homme vivant seul,Sécurité alimentaire,78.7
2017-2018,Nouvelle-Écosse,Homme vivant seul,Sécurité alimentaire,77.4
2015-2016,Nouvelle-Écosse,Homme vivant seul,Insécurité alimentaire marginale,5.5
2017-2018,Nouvelle-Écosse,Homme vivant seul,Insécurité alimentaire marginale,4.8
2015-2016,Nouvelle-Écosse,Homme vivant seul,Insécurité alimentaire modérée et grave,15.8
2017-2018,Nouvelle-Écosse,Homme vivant seul,Insécurité alimentaire modérée et grave,17.8
2015-2016,Nouvelle-Écosse,Couple sans enfant,Sécurité alimentaire,92.8
2017-2018,Nouvelle-Écosse,Couple sans enfant,Sécurité alimentaire,93.2
2015-2016,Nouvelle-Écosse,Couple sans enfant,Insécurité alimentaire marginale,2.7
2017-2018,Nouvelle-Écosse,Couple sans enfant,Insécurité alimentaire marginale,2.3
2015-2016,Nouvelle-Écosse,Couple sans enfant,Insécurité alimentaire modérée et grave,4.6
2017-2018,Nouvelle-Écosse,Couple sans enfant,Insécurité alimentaire modérée et grave,4.6
2015-2016,Nouvelle-Écosse,Couple avec enfant(s) de moins de 18 ans,Sécurité alimentaire,83.9
2017-2018,Nouvelle-Écosse,Couple avec enfant(s) de moins de 18 ans,Sécurité alimentaire,87.2
2015-2016,Nouvelle-Écosse,Couple avec enfant(s) de moins de 18 ans,Insécurité alimentaire marginale,5.5
2017-2018,Nouvelle-Écosse,Couple avec enfant(s) de moins de 18 ans,Insécurité alimentaire marginale,3.6
2015-2016,Nouvelle-Écosse,Couple avec enfant(s) de moins de 18 ans,Insécurité alimentaire modérée et grave,10.5
2017-2018,Nouvelle-Écosse,Couple avec enfant(s) de moins de 18 ans,Insécurité alimentaire modérée et grave,9.2
2015-2016,Nouvelle-Écosse,Mère monoparentale avec enfant(s) de moins de 18 ans,Sécurité alimentaire,51.6
2017-2018,Nouvelle-Écosse,Mère monoparentale avec enfant(s) de moins de 18 ans,Sécurité alimentaire,59.0
2015-2016,Nouvelle-Écosse,Mère monoparentale avec enfant(s) de moins de 18 ans,Insécurité alimentaire marginale,11.5
2017-2018,Nouvelle-Écosse,Mère monoparentale avec enfant(s) de moins de 18 ans,Insécurité alimentaire marginale,10.3
2015-2016,Nouvelle-Écosse,Mère monoparentale avec enfant(s) de moins de 18 ans,Insécurité alimentaire modérée et grave,36.9
2017-2018,Nouvelle-Écosse,Mère monoparentale avec enfant(s) de moins de 18 ans,Insécurité alimentaire modérée et grave,30.7
2015-2016,Nouvelle-Écosse,Père monoparental avec enfant(s) de moins de 18 ans,Sécurité alimentaire,74.9
2017-2018,Nouvelle-Écosse,Père monoparental avec enfant(s) de moins de 18 ans,Sécurité alimentaire,60.6
2015-2016,Nouvelle-Écosse,Père monoparental avec enfant(s) de moins de 18 ans,Insécurité alimentaire marginale,
2017-2018,Nouvelle-Écosse,Père monoparental avec enfant(s) de moins de 18 ans,Insécurité alimentaire marginale,
2015-2016,Nouvelle-Écosse,Père monoparental avec enfant(s) de moins de 18 ans,Insécurité alimentaire modérée et grave,
2017-2018,Nouvelle-Écosse,Père monoparental avec enfant(s) de moins de 18 ans,Insécurité alimentaire modérée et grave,
2015-2016,Nouvelle-Écosse,Autres dispositions de vie,Sécurité alimentaire,81.1
2017-2018,Nouvelle-Écosse,Autres dispositions de vie,Sécurité alimentaire,82.8
2015-2016,Nouvelle-Écosse,Autres dispositions de vie,Insécurité alimentaire marginale,5.6
2017-2018,Nouvelle-Écosse,Autres dispositions de vie,Insécurité alimentaire marginale,5.0
2015-2016,Nouvelle-Écosse,Autres dispositions de vie,Insécurité alimentaire modérée et grave,13.3
2017-2018,Nouvelle-Écosse,Autres dispositions de vie,Insécurité alimentaire modérée et grave,12.2
2015-2016,Nouveau-Brunswick,Toutes dispositions de vie,Sécurité alimentaire,85.0
2017-2018,Nouveau-Brunswick,Toutes dispositions de vie,Sécurité alimentaire,87.0
2015-2016,Nouveau-Brunswick,Toutes dispositions de vie,Insécurité alimentaire marginale,4.9
2017-2018,Nouveau-Brunswick,Toutes dispositions de vie,Insécurité alimentaire marginale,4.1
2015-2016,Nouveau-Brunswick,Toutes dispositions de vie,Insécurité alimentaire modérée et grave,10.1
2017-2018,Nouveau-Brunswick,Toutes dispositions de vie,Insécurité alimentaire modérée et grave,8.9
2015-2016,Nouveau-Brunswick,Femme vivant seule,Sécurité alimentaire,78.2
2017-2018,Nouveau-Brunswick,Femme vivant seule,Sécurité alimentaire,80.0
2015-2016,Nouveau-Brunswick,Femme vivant seule,Insécurité alimentaire marginale,7.6
2017-2018,Nouveau-Brunswick,Femme vivant seule,Insécurité alimentaire marginale,5.5
2015-2016,Nouveau-Brunswick,Femme vivant seule,Insécurité alimentaire modérée et grave,14.3
2017-2018,Nouveau-Brunswick,Femme vivant seule,Insécurité alimentaire modérée et grave,14.5
2015-2016,Nouveau-Brunswick,Homme vivant seul,Sécurité alimentaire,79.3
2017-2018,Nouveau-Brunswick,Homme vivant seul,Sécurité alimentaire,83.5
2015-2016,Nouveau-Brunswick,Homme vivant seul,Insécurité alimentaire marginale,5.0
2017-2018,Nouveau-Brunswick,Homme vivant seul,Insécurité alimentaire marginale,5.2
2015-2016,Nouveau-Brunswick,Homme vivant seul,Insécurité alimentaire modérée et grave,15.7
2017-2018,Nouveau-Brunswick,Homme vivant seul,Insécurité alimentaire modérée et grave,11.3
2015-2016,Nouveau-Brunswick,Couple sans enfant,Sécurité alimentaire,93.0
2017-2018,Nouveau-Brunswick,Couple sans enfant,Sécurité alimentaire,93.2
2015-2016,Nouveau-Brunswick,Couple sans enfant,Insécurité alimentaire marginale,2.5
2017-2018,Nouveau-Brunswick,Couple sans enfant,Insécurité alimentaire marginale,2.5
2015-2016,Nouveau-Brunswick,Couple sans enfant,Insécurité alimentaire modérée et grave,4.4
2017-2018,Nouveau-Brunswick,Couple sans enfant,Insécurité alimentaire modérée et grave,4.3
2015-2016,Nouveau-Brunswick,Couple avec enfant(s) de moins de 18 ans,Sécurité alimentaire,81.1
2017-2018,Nouveau-Brunswick,Couple avec enfant(s) de moins de 18 ans,Sécurité alimentaire,85.4
2015-2016,Nouveau-Brunswick,Couple avec enfant(s) de moins de 18 ans,Insécurité alimentaire marginale,6.5
2017-2018,Nouveau-Brunswick,Couple avec enfant(s) de moins de 18 ans,Insécurité alimentaire marginale,4.8
2015-2016,Nouveau-Brunswick,Couple avec enfant(s) de moins de 18 ans,Insécurité alimentaire modérée et grave,12.4
2017-2018,Nouveau-Brunswick,Couple avec enfant(s) de moins de 18 ans,Insécurité alimentaire modérée et grave,9.9
2015-2016,Nouveau-Brunswick,Mère monoparentale avec enfant(s) de moins de 18 ans,Sécurité alimentaire,68.1
2017-2018,Nouveau-Brunswick,Mère monoparentale avec enfant(s) de moins de 18 ans,Sécurité alimentaire,71.2
2015-2016,Nouveau-Brunswick,Mère monoparentale avec enfant(s) de moins de 18 ans,Insécurité alimentaire marginale,
2017-2018,Nouveau-Brunswick,Mère monoparentale avec enfant(s) de moins de 18 ans,Insécurité alimentaire marginale,
2015-2016,Nouveau-Brunswick,Mère monoparentale avec enfant(s) de moins de 18 ans,Insécurité alimentaire modérée et grave,24.0
2017-2018,Nouveau-Brunswick,Mère monoparentale avec enfant(s) de moins de 18 ans,Insécurité alimentaire modérée et grave,22.7
2015-2016,Nouveau-Brunswick,Père monoparental avec enfant(s) de moins de 18 ans,Sécurité alimentaire,95.5
2017-2018,Nouveau-Brunswick,Père monoparental avec enfant(s) de moins de 18 ans,Sécurité alimentaire,72.9
2015-2016,Nouveau-Brunswick,Père monoparental avec enfant(s) de moins de 18 ans,Insécurité alimentaire marginale,
2017-2018,Nouveau-Brunswick,Père monoparental avec enfant(s) de moins de 18 ans,Insécurité alimentaire marginale,
2015-2016,Nouveau-Brunswick,Père monoparental avec enfant(s) de moins de 18 ans,Insécurité alimentaire modérée et grave,
2017-2018,Nouveau-Brunswick,Père monoparental avec enfant(s) de moins de 18 ans,Insécurité alimentaire modérée et grave,
2015-2016,Nouveau-Brunswick,Autres dispositions de vie,Sécurité alimentaire,87.6
2017-2018,Nouveau-Brunswick,Autres dispositions de vie,Sécurité alimentaire,90.1
2015-2016,Nouveau-Brunswick,Autres dispositions de vie,Insécurité alimentaire marginale,4.7
2017-2018,Nouveau-Brunswick,Autres dispositions de vie,Insécurité alimentaire marginale,4.1
2015-2016,Nouveau-Brunswick,Autres dispositions de vie,Insécurité alimentaire modérée et grave,7.7
2017-2018,Nouveau-Brunswick,Autres dispositions de vie,Insécurité alimentaire modérée et grave,5.8
2015-2016,Québec,Toutes dispositions de vie,Sécurité alimentaire,87.3
2017-2018,Québec,Toutes dispositions de vie,Sécurité alimentaire,88.9
2015-2016,Québec,Toutes dispositions de vie,Insécurité alimentaire marginale,4.3
2017-2018,Québec,Toutes dispositions de vie,Insécurité alimentaire marginale,3.7
2015-2016,Québec,Toutes dispositions de vie,Insécurité alimentaire modérée et grave,8.5
2017-2018,Québec,Toutes dispositions de vie,Insécurité alimentaire modérée et grave,7.4
2015-2016,Québec,Femme vivant seule,Sécurité alimentaire,83.6
2017-2018,Québec,Femme vivant seule,Sécurité alimentaire,85.8
2015-2016,Québec,Femme vivant seule,Insécurité alimentaire marginale,4.5
2017-2018,Québec,Femme vivant seule,Insécurité alimentaire marginale,3.9
2015-2016,Québec,Femme vivant seule,Insécurité alimentaire modérée et grave,11.9
2017-2018,Québec,Femme vivant seule,Insécurité alimentaire modérée et grave,10.3
2015-2016,Québec,Homme vivant seul,Sécurité alimentaire,82.5
2017-2018,Québec,Homme vivant seul,Sécurité alimentaire,84.2
2015-2016,Québec,Homme vivant seul,Insécurité alimentaire marginale,6.2
2017-2018,Québec,Homme vivant seul,Insécurité alimentaire marginale,5.0
2015-2016,Québec,Homme vivant seul,Insécurité alimentaire modérée et grave,11.3
2017-2018,Québec,Homme vivant seul,Insécurité alimentaire modérée et grave,10.8
2015-2016,Québec,Couple sans enfant,Sécurité alimentaire,94.5
2017-2018,Québec,Couple sans enfant,Sécurité alimentaire,96.0
2015-2016,Québec,Couple sans enfant,Insécurité alimentaire marginale,2.3
2017-2018,Québec,Couple sans enfant,Insécurité alimentaire marginale,1.6
2015-2016,Québec,Couple sans enfant,Insécurité alimentaire modérée et grave,3.2
2017-2018,Québec,Couple sans enfant,Insécurité alimentaire modérée et grave,2.3
2015-2016,Québec,Couple avec enfant(s) de moins de 18 ans,Sécurité alimentaire,87.8
2017-2018,Québec,Couple avec enfant(s) de moins de 18 ans,Sécurité alimentaire,89.4
2015-2016,Québec,Couple avec enfant(s) de moins de 18 ans,Insécurité alimentaire marginale,4.2
2017-2018,Québec,Couple avec enfant(s) de moins de 18 ans,Insécurité alimentaire marginale,4.5
2015-2016,Québec,Couple avec enfant(s) de moins de 18 ans,Insécurité alimentaire modérée et grave,8.1
2017-2018,Québec,Couple avec enfant(s) de moins de 18 ans,Insécurité alimentaire modérée et grave,6.1
2015-2016,Québec,Mère monoparentale avec enfant(s) de moins de 18 ans,Sécurité alimentaire,66.7
2017-2018,Québec,Mère monoparentale avec enfant(s) de moins de 18 ans,Sécurité alimentaire,71.9
2015-2016,Québec,Mère monoparentale avec enfant(s) de moins de 18 ans,Insécurité alimentaire marginale,9.6
2017-2018,Québec,Mère monoparentale avec enfant(s) de moins de 18 ans,Insécurité alimentaire marginale,7.7
2015-2016,Québec,Mère monoparentale avec enfant(s) de moins de 18 ans,Insécurité alimentaire modérée et grave,23.8
2017-2018,Québec,Mère monoparentale avec enfant(s) de moins de 18 ans,Insécurité alimentaire modérée et grave,20.4
2015-2016,Québec,Père monoparental avec enfant(s) de moins de 18 ans,Sécurité alimentaire,83.8
2017-2018,Québec,Père monoparental avec enfant(s) de moins de 18 ans,Sécurité alimentaire,87.5
2015-2016,Québec,Père monoparental avec enfant(s) de moins de 18 ans,Insécurité alimentaire marginale,7.4
2017-2018,Québec,Père monoparental avec enfant(s) de moins de 18 ans,Insécurité alimentaire marginale,3.4
2015-2016,Québec,Père monoparental avec enfant(s) de moins de 18 ans,Insécurité alimentaire modérée et grave,8.7
2017-2018,Québec,Père monoparental avec enfant(s) de moins de 18 ans,Insécurité alimentaire modérée et grave,9.1
2015-2016,Québec,Autres dispositions de vie,Sécurité alimentaire,88.0
2017-2018,Québec,Autres dispositions de vie,Sécurité alimentaire,88.1
2015-2016,Québec,Autres dispositions de vie,Insécurité alimentaire marginale,4.2
2017-2018,Québec,Autres dispositions de vie,Insécurité alimentaire marginale,4.0
2015-2016,Québec,Autres dispositions de vie,Insécurité alimentaire modérée et grave,7.8
2017-2018,Québec,Autres dispositions de vie,Insécurité alimentaire modérée et grave,7.9
2015-2016,Ontario,Toutes dispositions de vie,Sécurité alimentaire,
2017-2018,Ontario,Toutes dispositions de vie,Sécurité alimentaire,86.7
2015-2016,Ontario,Toutes dispositions de vie,Insécurité alimentaire marginale,
2017-2018,Ontario,Toutes dispositions de vie,Insécurité alimentaire marginale,4.3
2015-2016,Ontario,Toutes dispositions de vie,Insécurité alimentaire modérée et grave,
2017-2018,Ontario,Toutes dispositions de vie,Insécurité alimentaire modérée et grave,9.0
2015-2016,Ontario,Femme vivant seule,Sécurité alimentaire,
2017-2018,Ontario,Femme vivant seule,Sécurité alimentaire,82.1
2015-2016,Ontario,Femme vivant seule,Insécurité alimentaire marginale,
2017-2018,Ontario,Femme vivant seule,Insécurité alimentaire marginale,4.4
2015-2016,Ontario,Femme vivant seule,Insécurité alimentaire modérée et grave,
2017-2018,Ontario,Femme vivant seule,Insécurité alimentaire modérée et grave,13.5
2015-2016,Ontario,Homme vivant seul,Sécurité alimentaire,
2017-2018,Ontario,Homme vivant seul,Sécurité alimentaire,83.3
2015-2016,Ontario,Homme vivant seul,Insécurité alimentaire marginale,
2017-2018,Ontario,Homme vivant seul,Insécurité alimentaire marginale,4.7
2015-2016,Ontario,Homme vivant seul,Insécurité alimentaire modérée et grave,
2017-2018,Ontario,Homme vivant seul,Insécurité alimentaire modérée et grave,12.0
2015-2016,Ontario,Couple sans enfant,Sécurité alimentaire,
2017-2018,Ontario,Couple sans enfant,Sécurité alimentaire,93.2
2015-2016,Ontario,Couple sans enfant,Insécurité alimentaire marginale,
2017-2018,Ontario,Couple sans enfant,Insécurité alimentaire marginale,2.8
2015-2016,Ontario,Couple sans enfant,Insécurité alimentaire modérée et grave,
2017-2018,Ontario,Couple sans enfant,Insécurité alimentaire modérée et grave,4.0
2015-2016,Ontario,Couple avec enfant(s) de moins de 18 ans,Sécurité alimentaire,
2017-2018,Ontario,Couple avec enfant(s) de moins de 18 ans,Sécurité alimentaire,88.2
2015-2016,Ontario,Couple avec enfant(s) de moins de 18 ans,Insécurité alimentaire marginale,
2017-2018,Ontario,Couple avec enfant(s) de moins de 18 ans,Insécurité alimentaire marginale,4.7
2015-2016,Ontario,Couple avec enfant(s) de moins de 18 ans,Insécurité alimentaire modérée et grave,
2017-2018,Ontario,Couple avec enfant(s) de moins de 18 ans,Insécurité alimentaire modérée et grave,7.2
2015-2016,Ontario,Mère monoparentale avec enfant(s) de moins de 18 ans,Sécurité alimentaire,
2017-2018,Ontario,Mère monoparentale avec enfant(s) de moins de 18 ans,Sécurité alimentaire,66.3
2015-2016,Ontario,Mère monoparentale avec enfant(s) de moins de 18 ans,Insécurité alimentaire marginale,
2017-2018,Ontario,Mère monoparentale avec enfant(s) de moins de 18 ans,Insécurité alimentaire marginale,7.6
2015-2016,Ontario,Mère monoparentale avec enfant(s) de moins de 18 ans,Insécurité alimentaire modérée et grave,
2017-2018,Ontario,Mère monoparentale avec enfant(s) de moins de 18 ans,Insécurité alimentaire modérée et grave,26.0
2015-2016,Ontario,Père monoparental avec enfant(s) de moins de 18 ans,Sécurité alimentaire,
2017-2018,Ontario,Père monoparental avec enfant(s) de moins de 18 ans,Sécurité alimentaire,75.3
2015-2016,Ontario,Père monoparental avec enfant(s) de moins de 18 ans,Insécurité alimentaire marginale,
2017-2018,Ontario,Père monoparental avec enfant(s) de moins de 18 ans,Insécurité alimentaire marginale,
2015-2016,Ontario,Père monoparental avec enfant(s) de moins de 18 ans,Insécurité alimentaire modérée et grave,
2017-2018,Ontario,Père monoparental avec enfant(s) de moins de 18 ans,Insécurité alimentaire modérée et grave,18.2
2015-2016,Ontario,Autres dispositions de vie,Sécurité alimentaire,
2017-2018,Ontario,Autres dispositions de vie,Sécurité alimentaire,87.0
2015-2016,Ontario,Autres dispositions de vie,Insécurité alimentaire marginale,
2017-2018,Ontario,Autres dispositions de vie,Insécurité alimentaire marginale,4.6
2015-2016,Ontario,Autres dispositions de vie,Insécurité alimentaire modérée et grave,
2017-2018,Ontario,Autres dispositions de vie,Insécurité alimentaire modérée et grave,8.4
2015-2016,Manitoba,Toutes dispositions de vie,Sécurité alimentaire,86.0
2017-2018,Manitoba,Toutes dispositions de vie,Sécurité alimentaire,85.6
2015-2016,Manitoba,Toutes dispositions de vie,Insécurité alimentaire marginale,4.1
2017-2018,Manitoba,Toutes dispositions de vie,Insécurité alimentaire marginale,4.2
2015-2016,Manitoba,Toutes dispositions de vie,Insécurité alimentaire modérée et grave,10.0
2017-2018,Manitoba,Toutes dispositions de vie,Insécurité alimentaire modérée et grave,10.2
2015-2016,Manitoba,Femme vivant seule,Sécurité alimentaire,85.0
2017-2018,Manitoba,Femme vivant seule,Sécurité alimentaire,81.4
2015-2016,Manitoba,Femme vivant seule,Insécurité alimentaire marginale,2.7
2017-2018,Manitoba,Femme vivant seule,Insécurité alimentaire marginale,5.8
2015-2016,Manitoba,Femme vivant seule,Insécurité alimentaire modérée et grave,12.3
2017-2018,Manitoba,Femme vivant seule,Insécurité alimentaire modérée et grave,12.8
2015-2016,Manitoba,Homme vivant seul,Sécurité alimentaire,80.2
2017-2018,Manitoba,Homme vivant seul,Sécurité alimentaire,82.3
2015-2016,Manitoba,Homme vivant seul,Insécurité alimentaire marginale,5.3
2017-2018,Manitoba,Homme vivant seul,Insécurité alimentaire marginale,6.6
2015-2016,Manitoba,Homme vivant seul,Insécurité alimentaire modérée et grave,14.5
2017-2018,Manitoba,Homme vivant seul,Insécurité alimentaire modérée et grave,11.0
2015-2016,Manitoba,Couple sans enfant,Sécurité alimentaire,95.4
2017-2018,Manitoba,Couple sans enfant,Sécurité alimentaire,94.5
2015-2016,Manitoba,Couple sans enfant,Insécurité alimentaire marginale,1.5
2017-2018,Manitoba,Couple sans enfant,Insécurité alimentaire marginale,2.0
2015-2016,Manitoba,Couple sans enfant,Insécurité alimentaire modérée et grave,3.1
2017-2018,Manitoba,Couple sans enfant,Insécurité alimentaire modérée et grave,3.5
2015-2016,Manitoba,Couple avec enfant(s) de moins de 18 ans,Sécurité alimentaire,86.8
2017-2018,Manitoba,Couple avec enfant(s) de moins de 18 ans,Sécurité alimentaire,87.2
2015-2016,Manitoba,Couple avec enfant(s) de moins de 18 ans,Insécurité alimentaire marginale,4.8
2017-2018,Manitoba,Couple avec enfant(s) de moins de 18 ans,Insécurité alimentaire marginale,4.0
2015-2016,Manitoba,Couple avec enfant(s) de moins de 18 ans,Insécurité alimentaire modérée et grave,8.3
2017-2018,Manitoba,Couple avec enfant(s) de moins de 18 ans,Insécurité alimentaire modérée et grave,8.9
2015-2016,Manitoba,Mère monoparentale avec enfant(s) de moins de 18 ans,Sécurité alimentaire,51.0
2017-2018,Manitoba,Mère monoparentale avec enfant(s) de moins de 18 ans,Sécurité alimentaire,51.1
2015-2016,Manitoba,Mère monoparentale avec enfant(s) de moins de 18 ans,Insécurité alimentaire marginale,14.0
2017-2018,Manitoba,Mère monoparentale avec enfant(s) de moins de 18 ans,Insécurité alimentaire marginale,7.8
2015-2016,Manitoba,Mère monoparentale avec enfant(s) de moins de 18 ans,Insécurité alimentaire modérée et grave,35.0
2017-2018,Manitoba,Mère monoparentale avec enfant(s) de moins de 18 ans,Insécurité alimentaire modérée et grave,41.1
2015-2016,Manitoba,Père monoparental avec enfant(s) de moins de 18 ans,Sécurité alimentaire,77.7
2017-2018,Manitoba,Père monoparental avec enfant(s) de moins de 18 ans,Sécurité alimentaire,56.0
2015-2016,Manitoba,Père monoparental avec enfant(s) de moins de 18 ans,Insécurité alimentaire marginale,
2017-2018,Manitoba,Père monoparental avec enfant(s) de moins de 18 ans,Insécurité alimentaire marginale,
2015-2016,Manitoba,Père monoparental avec enfant(s) de moins de 18 ans,Insécurité alimentaire modérée et grave,
2017-2018,Manitoba,Père monoparental avec enfant(s) de moins de 18 ans,Insécurité alimentaire modérée et grave,37.3
2015-2016,Manitoba,Autres dispositions de vie,Sécurité alimentaire,83.3
2017-2018,Manitoba,Autres dispositions de vie,Sécurité alimentaire,84.9
2015-2016,Manitoba,Autres dispositions de vie,Insécurité alimentaire marginale,5.2
2017-2018,Manitoba,Autres dispositions de vie,Insécurité alimentaire marginale,3.9
2015-2016,Manitoba,Autres dispositions de vie,Insécurité alimentaire modérée et grave,11.4
2017-2018,Manitoba,Autres dispositions de vie,Insécurité alimentaire modérée et grave,11.2
2015-2016,Saskatchewan,Toutes dispositions de vie,Sécurité alimentaire,86.8
2017-2018,Saskatchewan,Toutes dispositions de vie,Sécurité alimentaire,86.1
2015-2016,Saskatchewan,Toutes dispositions de vie,Insécurité alimentaire marginale,4.0
2017-2018,Saskatchewan,Toutes dispositions de vie,Insécurité alimentaire marginale,4.6
2015-2016,Saskatchewan,Toutes dispositions de vie,Insécurité alimentaire modérée et grave,9.3
2017-2018,Saskatchewan,Toutes dispositions de vie,Insécurité alimentaire modérée et grave,9.3
2015-2016,Saskatchewan,Femme vivant seule,Sécurité alimentaire,88.2
2017-2018,Saskatchewan,Femme vivant seule,Sécurité alimentaire,84.8
2015-2016,Saskatchewan,Femme vivant seule,Insécurité alimentaire marginale,
2017-2018,Saskatchewan,Femme vivant seule,Insécurité alimentaire marginale,3.9
2015-2016,Saskatchewan,Femme vivant seule,Insécurité alimentaire modérée et grave,9.8
2017-2018,Saskatchewan,Femme vivant seule,Insécurité alimentaire modérée et grave,11.2
2015-2016,Saskatchewan,Homme vivant seul,Sécurité alimentaire,83.4
2017-2018,Saskatchewan,Homme vivant seul,Sécurité alimentaire,86.8
2015-2016,Saskatchewan,Homme vivant seul,Insécurité alimentaire marginale,4.6
2017-2018,Saskatchewan,Homme vivant seul,Insécurité alimentaire marginale,2.7
2015-2016,Saskatchewan,Homme vivant seul,Insécurité alimentaire modérée et grave,11.9
2017-2018,Saskatchewan,Homme vivant seul,Insécurité alimentaire modérée et grave,10.4
2015-2016,Saskatchewan,Couple sans enfant,Sécurité alimentaire,94.8
2017-2018,Saskatchewan,Couple sans enfant,Sécurité alimentaire,93.6
2015-2016,Saskatchewan,Couple sans enfant,Insécurité alimentaire marginale,2.0
2017-2018,Saskatchewan,Couple sans enfant,Insécurité alimentaire marginale,2.8
2015-2016,Saskatchewan,Couple sans enfant,Insécurité alimentaire modérée et grave,3.2
2017-2018,Saskatchewan,Couple sans enfant,Insécurité alimentaire modérée et grave,3.6
2015-2016,Saskatchewan,Couple avec enfant(s) de moins de 18 ans,Sécurité alimentaire,87.4
2017-2018,Saskatchewan,Couple avec enfant(s) de moins de 18 ans,Sécurité alimentaire,87.6
2015-2016,Saskatchewan,Couple avec enfant(s) de moins de 18 ans,Insécurité alimentaire marginale,5.5
2017-2018,Saskatchewan,Couple avec enfant(s) de moins de 18 ans,Insécurité alimentaire marginale,5.2
2015-2016,Saskatchewan,Couple avec enfant(s) de moins de 18 ans,Insécurité alimentaire modérée et grave,7.1
2017-2018,Saskatchewan,Couple avec enfant(s) de moins de 18 ans,Insécurité alimentaire modérée et grave,7.2
2015-2016,Saskatchewan,Mère monoparentale avec enfant(s) de moins de 18 ans,Sécurité alimentaire,58.2
2017-2018,Saskatchewan,Mère monoparentale avec enfant(s) de moins de 18 ans,Sécurité alimentaire,63.1
2015-2016,Saskatchewan,Mère monoparentale avec enfant(s) de moins de 18 ans,Insécurité alimentaire marginale,
2017-2018,Saskatchewan,Mère monoparentale avec enfant(s) de moins de 18 ans,Insécurité alimentaire marginale,8.9
2015-2016,Saskatchewan,Mère monoparentale avec enfant(s) de moins de 18 ans,Insécurité alimentaire modérée et grave,34.0
2017-2018,Saskatchewan,Mère monoparentale avec enfant(s) de moins de 18 ans,Insécurité alimentaire modérée et grave,28.0
2015-2016,Saskatchewan,Père monoparental avec enfant(s) de moins de 18 ans,Sécurité alimentaire,91.8
2017-2018,Saskatchewan,Père monoparental avec enfant(s) de moins de 18 ans,Sécurité alimentaire,67.4
2015-2016,Saskatchewan,Père monoparental avec enfant(s) de moins de 18 ans,Insécurité alimentaire marginale,
2017-2018,Saskatchewan,Père monoparental avec enfant(s) de moins de 18 ans,Insécurité alimentaire marginale,
2015-2016,Saskatchewan,Père monoparental avec enfant(s) de moins de 18 ans,Insécurité alimentaire modérée et grave,
2017-2018,Saskatchewan,Père monoparental avec enfant(s) de moins de 18 ans,Insécurité alimentaire modérée et grave,
2015-2016,Saskatchewan,Autres dispositions de vie,Sécurité alimentaire,79.8
2017-2018,Saskatchewan,Autres dispositions de vie,Sécurité alimentaire,78.8
2015-2016,Saskatchewan,Autres dispositions de vie,Insécurité alimentaire marginale,5.9
2017-2018,Saskatchewan,Autres dispositions de vie,Insécurité alimentaire marginale,7.2
2015-2016,Saskatchewan,Autres dispositions de vie,Insécurité alimentaire modérée et grave,14.3
2017-2018,Saskatchewan,Autres dispositions de vie,Insécurité alimentaire modérée et grave,14.0
2015-2016,Alberta,Toutes dispositions de vie,Sécurité alimentaire,87.4
2017-2018,Alberta,Toutes dispositions de vie,Sécurité alimentaire,87.1
2015-2016,Alberta,Toutes dispositions de vie,Insécurité alimentaire marginale,3.7
2017-2018,Alberta,Toutes dispositions de vie,Insécurité alimentaire marginale,3.7
2015-2016,Alberta,Toutes dispositions de vie,Insécurité alimentaire modérée et grave,8.8
2017-2018,Alberta,Toutes dispositions de vie,Insécurité alimentaire modérée et grave,9.2
2015-2016,Alberta,Femme vivant seule,Sécurité alimentaire,84.3
2017-2018,Alberta,Femme vivant seule,Sécurité alimentaire,84.6
2015-2016,Alberta,Femme vivant seule,Insécurité alimentaire marginale,4.0
2017-2018,Alberta,Femme vivant seule,Insécurité alimentaire marginale,3.5
2015-2016,Alberta,Femme vivant seule,Insécurité alimentaire modérée et grave,11.8
2017-2018,Alberta,Femme vivant seule,Insécurité alimentaire modérée et grave,11.9
2015-2016,Alberta,Homme vivant seul,Sécurité alimentaire,85.3
2017-2018,Alberta,Homme vivant seul,Sécurité alimentaire,83.4
2015-2016,Alberta,Homme vivant seul,Insécurité alimentaire marginale,4.1
2017-2018,Alberta,Homme vivant seul,Insécurité alimentaire marginale,3.9
2015-2016,Alberta,Homme vivant seul,Insécurité alimentaire modérée et grave,10.6
2017-2018,Alberta,Homme vivant seul,Insécurité alimentaire modérée et grave,12.7
2015-2016,Alberta,Couple sans enfant,Sécurité alimentaire,94.6
2017-2018,Alberta,Couple sans enfant,Sécurité alimentaire,94.2
2015-2016,Alberta,Couple sans enfant,Insécurité alimentaire marginale,1.7
2017-2018,Alberta,Couple sans enfant,Insécurité alimentaire marginale,2.3
2015-2016,Alberta,Couple sans enfant,Insécurité alimentaire modérée et grave,3.7
2017-2018,Alberta,Couple sans enfant,Insécurité alimentaire modérée et grave,3.6
2015-2016,Alberta,Couple avec enfant(s) de moins de 18 ans,Sécurité alimentaire,86.3
2017-2018,Alberta,Couple avec enfant(s) de moins de 18 ans,Sécurité alimentaire,86.8
2015-2016,Alberta,Couple avec enfant(s) de moins de 18 ans,Insécurité alimentaire marginale,4.8
2017-2018,Alberta,Couple avec enfant(s) de moins de 18 ans,Insécurité alimentaire marginale,4.7
2015-2016,Alberta,Couple avec enfant(s) de moins de 18 ans,Insécurité alimentaire modérée et grave,9.0
2017-2018,Alberta,Couple avec enfant(s) de moins de 18 ans,Insécurité alimentaire modérée et grave,8.6
2015-2016,Alberta,Mère monoparentale avec enfant(s) de moins de 18 ans,Sécurité alimentaire,66.9
2017-2018,Alberta,Mère monoparentale avec enfant(s) de moins de 18 ans,Sécurité alimentaire,65.0
2015-2016,Alberta,Mère monoparentale avec enfant(s) de moins de 18 ans,Insécurité alimentaire marginale,7.7
2017-2018,Alberta,Mère monoparentale avec enfant(s) de moins de 18 ans,Insécurité alimentaire marginale,9.1
2015-2016,Alberta,Mère monoparentale avec enfant(s) de moins de 18 ans,Insécurité alimentaire modérée et grave,25.5
2017-2018,Alberta,Mère monoparentale avec enfant(s) de moins de 18 ans,Insécurité alimentaire modérée et grave,25.9
2015-2016,Alberta,Père monoparental avec enfant(s) de moins de 18 ans,Sécurité alimentaire,78.2
2017-2018,Alberta,Père monoparental avec enfant(s) de moins de 18 ans,Sécurité alimentaire,81.4
2015-2016,Alberta,Père monoparental avec enfant(s) de moins de 18 ans,Insécurité alimentaire marginale,
2017-2018,Alberta,Père monoparental avec enfant(s) de moins de 18 ans,Insécurité alimentaire marginale,
2015-2016,Alberta,Père monoparental avec enfant(s) de moins de 18 ans,Insécurité alimentaire modérée et grave,13.0
2017-2018,Alberta,Père monoparental avec enfant(s) de moins de 18 ans,Insécurité alimentaire modérée et grave,
2015-2016,Alberta,Autres dispositions de vie,Sécurité alimentaire,85.8
2017-2018,Alberta,Autres dispositions de vie,Sécurité alimentaire,85.3
2015-2016,Alberta,Autres dispositions de vie,Insécurité alimentaire marginale,4.1
2017-2018,Alberta,Autres dispositions de vie,Insécurité alimentaire marginale,3.6
2015-2016,Alberta,Autres dispositions de vie,Insécurité alimentaire modérée et grave,10.0
2017-2018,Alberta,Autres dispositions de vie,Insécurité alimentaire modérée et grave,11.1
2015-2016,Colombie-Britannique,Toutes dispositions de vie,Sécurité alimentaire,87.7
2017-2018,Colombie-Britannique,Toutes dispositions de vie,Sécurité alimentaire,87.6
2015-2016,Colombie-Britannique,Toutes dispositions de vie,Insécurité alimentaire marginale,3.5
2017-2018,Colombie-Britannique,Toutes dispositions de vie,Insécurité alimentaire marginale,3.7
2015-2016,Colombie-Britannique,Toutes dispositions de vie,Insécurité alimentaire modérée et grave,8.8
2017-2018,Colombie-Britannique,Toutes dispositions de vie,Insécurité alimentaire modérée et grave,8.7
2015-2016,Colombie-Britannique,Femme vivant seule,Sécurité alimentaire,85.4
2017-2018,Colombie-Britannique,Femme vivant seule,Sécurité alimentaire,86.0
2015-2016,Colombie-Britannique,Femme vivant seule,Insécurité alimentaire marginale,3.9
2017-2018,Colombie-Britannique,Femme vivant seule,Insécurité alimentaire marginale,3.1
2015-2016,Colombie-Britannique,Femme vivant seule,Insécurité alimentaire modérée et grave,10.7
2017-2018,Colombie-Britannique,Femme vivant seule,Insécurité alimentaire modérée et grave,10.9
2015-2016,Colombie-Britannique,Homme vivant seul,Sécurité alimentaire,80.8
2017-2018,Colombie-Britannique,Homme vivant seul,Sécurité alimentaire,82.9
2015-2016,Colombie-Britannique,Homme vivant seul,Insécurité alimentaire marginale,4.9
2017-2018,Colombie-Britannique,Homme vivant seul,Insécurité alimentaire marginale,4.1
2015-2016,Colombie-Britannique,Homme vivant seul,Insécurité alimentaire modérée et grave,14.4
2017-2018,Colombie-Britannique,Homme vivant seul,Insécurité alimentaire modérée et grave,13.0
2015-2016,Colombie-Britannique,Couple sans enfant,Sécurité alimentaire,94.8
2017-2018,Colombie-Britannique,Couple sans enfant,Sécurité alimentaire,95.1
2015-2016,Colombie-Britannique,Couple sans enfant,Insécurité alimentaire marginale,1.8
2017-2018,Colombie-Britannique,Couple sans enfant,Insécurité alimentaire marginale,2.1
2015-2016,Colombie-Britannique,Couple sans enfant,Insécurité alimentaire modérée et grave,3.5
2017-2018,Colombie-Britannique,Couple sans enfant,Insécurité alimentaire modérée et grave,2.8
2015-2016,Colombie-Britannique,Couple avec enfant(s) de moins de 18 ans,Sécurité alimentaire,88.3
2017-2018,Colombie-Britannique,Couple avec enfant(s) de moins de 18 ans,Sécurité alimentaire,89.2
2015-2016,Colombie-Britannique,Couple avec enfant(s) de moins de 18 ans,Insécurité alimentaire marginale,4.2
2017-2018,Colombie-Britannique,Couple avec enfant(s) de moins de 18 ans,Insécurité alimentaire marginale,3.6
2015-2016,Colombie-Britannique,Couple avec enfant(s) de moins de 18 ans,Insécurité alimentaire modérée et grave,7.5
2017-2018,Colombie-Britannique,Couple avec enfant(s) de moins de 18 ans,Insécurité alimentaire modérée et grave,7.2
2015-2016,Colombie-Britannique,Mère monoparentale avec enfant(s) de moins de 18 ans,Sécurité alimentaire,69.7
2017-2018,Colombie-Britannique,Mère monoparentale avec enfant(s) de moins de 18 ans,Sécurité alimentaire,68.0
2015-2016,Colombie-Britannique,Mère monoparentale avec enfant(s) de moins de 18 ans,Insécurité alimentaire marginale,8.7
2017-2018,Colombie-Britannique,Mère monoparentale avec enfant(s) de moins de 18 ans,Insécurité alimentaire marginale,9.1
2015-2016,Colombie-Britannique,Mère monoparentale avec enfant(s) de moins de 18 ans,Insécurité alimentaire modérée et grave,21.5
2017-2018,Colombie-Britannique,Mère monoparentale avec enfant(s) de moins de 18 ans,Insécurité alimentaire modérée et grave,22.9
2015-2016,Colombie-Britannique,Père monoparental avec enfant(s) de moins de 18 ans,Sécurité alimentaire,78.8
2017-2018,Colombie-Britannique,Père monoparental avec enfant(s) de moins de 18 ans,Sécurité alimentaire,69.4
2015-2016,Colombie-Britannique,Père monoparental avec enfant(s) de moins de 18 ans,Insécurité alimentaire marginale,
2017-2018,Colombie-Britannique,Père monoparental avec enfant(s) de moins de 18 ans,Insécurité alimentaire marginale,
2015-2016,Colombie-Britannique,Père monoparental avec enfant(s) de moins de 18 ans,Insécurité alimentaire modérée et grave,15.9
2017-2018,Colombie-Britannique,Père monoparental avec enfant(s) de moins de 18 ans,Insécurité alimentaire modérée et grave,27.5
2015-2016,Colombie-Britannique,Autres dispositions de vie,Sécurité alimentaire,87.6
2017-2018,Colombie-Britannique,Autres dispositions de vie,Sécurité alimentaire,84.1
2015-2016,Colombie-Britannique,Autres dispositions de vie,Insécurité alimentaire marginale,2.8
2017-2018,Colombie-Britannique,Autres dispositions de vie,Insécurité alimentaire marginale,5.2
2015-2016,Colombie-Britannique,Autres dispositions de vie,Insécurité alimentaire modérée et grave,9.6
2017-2018,Colombie-Britannique,Autres dispositions de vie,Insécurité alimentaire modérée et grave,10.7
2015-2016,Yukon,Toutes dispositions de vie,Sécurité alimentaire,
2017-2018,Yukon,Toutes dispositions de vie,Sécurité alimentaire,83.1
2015-2016,Yukon,Toutes dispositions de vie,Insécurité alimentaire marginale,
2017-2018,Yukon,Toutes dispositions de vie,Insécurité alimentaire marginale,4.3
2015-2016,Yukon,Toutes dispositions de vie,Insécurité alimentaire modérée et grave,
2017-2018,Yukon,Toutes dispositions de vie,Insécurité alimentaire modérée et grave,12.6
2015-2016,Yukon,Femme vivant seule,Sécurité alimentaire,
2017-2018,Yukon,Femme vivant seule,Sécurité alimentaire,80.4
2015-2016,Yukon,Femme vivant seule,Insécurité alimentaire marginale,
2017-2018,Yukon,Femme vivant seule,Insécurité alimentaire marginale,
2015-2016,Yukon,Femme vivant seule,Insécurité alimentaire modérée et grave,
2017-2018,Yukon,Femme vivant seule,Insécurité alimentaire modérée et grave,16.2
2015-2016,Yukon,Homme vivant seul,Sécurité alimentaire,
2017-2018,Yukon,Homme vivant seul,Sécurité alimentaire,79.5
2015-2016,Yukon,Homme vivant seul,Insécurité alimentaire marginale,
2017-2018,Yukon,Homme vivant seul,Insécurité alimentaire marginale,
2015-2016,Yukon,Homme vivant seul,Insécurité alimentaire modérée et grave,
2017-2018,Yukon,Homme vivant seul,Insécurité alimentaire modérée et grave,14.1
2015-2016,Yukon,Couple sans enfant,Sécurité alimentaire,
2017-2018,Yukon,Couple sans enfant,Sécurité alimentaire,91.3
2015-2016,Yukon,Couple sans enfant,Insécurité alimentaire marginale,
2017-2018,Yukon,Couple sans enfant,Insécurité alimentaire marginale,
2015-2016,Yukon,Couple sans enfant,Insécurité alimentaire modérée et grave,
2017-2018,Yukon,Couple sans enfant,Insécurité alimentaire modérée et grave,6.3
2015-2016,Yukon,Couple avec enfant(s) de moins de 18 ans,Sécurité alimentaire,
2017-2018,Yukon,Couple avec enfant(s) de moins de 18 ans,Sécurité alimentaire,89.4
2015-2016,Yukon,Couple avec enfant(s) de moins de 18 ans,Insécurité alimentaire marginale,
2017-2018,Yukon,Couple avec enfant(s) de moins de 18 ans,Insécurité alimentaire marginale,
2015-2016,Yukon,Couple avec enfant(s) de moins de 18 ans,Insécurité alimentaire modérée et grave,
2017-2018,Yukon,Couple avec enfant(s) de moins de 18 ans,Insécurité alimentaire modérée et grave,
2015-2016,Yukon,Mère monoparentale avec enfant(s) de moins de 18 ans,Sécurité alimentaire,
2017-2018,Yukon,Mère monoparentale avec enfant(s) de moins de 18 ans,Sécurité alimentaire,63.8
2015-2016,Yukon,Mère monoparentale avec enfant(s) de moins de 18 ans,Insécurité alimentaire marginale,
2017-2018,Yukon,Mère monoparentale avec enfant(s) de moins de 18 ans,Insécurité alimentaire marginale,
2015-2016,Yukon,Mère monoparentale avec enfant(s) de moins de 18 ans,Insécurité alimentaire modérée et grave,
2017-2018,Yukon,Mère monoparentale avec enfant(s) de moins de 18 ans,Insécurité alimentaire modérée et grave,
2015-2016,Yukon,Père monoparental avec enfant(s) de moins de 18 ans,Sécurité alimentaire,
2017-2018,Yukon,Père monoparental avec enfant(s) de moins de 18 ans,Sécurité alimentaire,
2015-2016,Yukon,Père monoparental avec enfant(s) de moins de 18 ans,Insécurité alimentaire marginale,
2017-2018,Yukon,Père monoparental avec enfant(s) de moins de 18 ans,Insécurité alimentaire marginale,
2015-2016,Yukon,Père monoparental avec enfant(s) de moins de 18 ans,Insécurité alimentaire modérée et grave,
2017-2018,Yukon,Père monoparental avec enfant(s) de moins de 18 ans,Insécurité alimentaire modérée et grave,
2015-2016,Yukon,Autres dispositions de vie,Sécurité alimentaire,
2017-2018,Yukon,Autres dispositions de vie,Sécurité alimentaire,75.2
2015-2016,Yukon,Autres dispositions de vie,Insécurité alimentaire marginale,
2017-2018,Yukon,Autres dispositions de vie,Insécurité alimentaire marginale,
2015-2016,Yukon,Autres dispositions de vie,Insécurité alimentaire modérée et grave,
2017-2018,Yukon,Autres dispositions de vie,Insécurité alimentaire modérée et grave,20.4
2015-2016,Territoires du Nord-Ouest,Toutes dispositions de vie,Sécurité alimentaire,79.7
2017-2018,Territoires du Nord-Ouest,Toutes dispositions de vie,Sécurité alimentaire,78.4
2015-2016,Territoires du Nord-Ouest,Toutes dispositions de vie,Insécurité alimentaire marginale,5.6
2017-2018,Territoires du Nord-Ouest,Toutes dispositions de vie,Insécurité alimentaire marginale,5.7
2015-2016,Territoires du Nord-Ouest,Toutes dispositions de vie,Insécurité alimentaire modérée et grave,14.7
2017-2018,Territoires du Nord-Ouest,Toutes dispositions de vie,Insécurité alimentaire modérée et grave,16.0
2015-2016,Territoires du Nord-Ouest,Femme vivant seule,Sécurité alimentaire,85.9
2017-2018,Territoires du Nord-Ouest,Femme vivant seule,Sécurité alimentaire,81.7
2015-2016,Territoires du Nord-Ouest,Femme vivant seule,Insécurité alimentaire marginale,
2017-2018,Territoires du Nord-Ouest,Femme vivant seule,Insécurité alimentaire marginale,
2015-2016,Territoires du Nord-Ouest,Femme vivant seule,Insécurité alimentaire modérée et grave,
2017-2018,Territoires du Nord-Ouest,Femme vivant seule,Insécurité alimentaire modérée et grave,15.5
2015-2016,Territoires du Nord-Ouest,Homme vivant seul,Sécurité alimentaire,70.6
2017-2018,Territoires du Nord-Ouest,Homme vivant seul,Sécurité alimentaire,77.0
2015-2016,Territoires du Nord-Ouest,Homme vivant seul,Insécurité alimentaire marginale,
2017-2018,Territoires du Nord-Ouest,Homme vivant seul,Insécurité alimentaire marginale,
2015-2016,Territoires du Nord-Ouest,Homme vivant seul,Insécurité alimentaire modérée et grave,24.4
2017-2018,Territoires du Nord-Ouest,Homme vivant seul,Insécurité alimentaire modérée et grave,19.8
2015-2016,Territoires du Nord-Ouest,Couple sans enfant,Sécurité alimentaire,93.4
2017-2018,Territoires du Nord-Ouest,Couple sans enfant,Sécurité alimentaire,85.6
2015-2016,Territoires du Nord-Ouest,Couple sans enfant,Insécurité alimentaire marginale,
2017-2018,Territoires du Nord-Ouest,Couple sans enfant,Insécurité alimentaire marginale,8.2
2015-2016,Territoires du Nord-Ouest,Couple sans enfant,Insécurité alimentaire modérée et grave,
2017-2018,Territoires du Nord-Ouest,Couple sans enfant,Insécurité alimentaire modérée et grave,6.2
2015-2016,Territoires du Nord-Ouest,Couple avec enfant(s) de moins de 18 ans,Sécurité alimentaire,78.7
2017-2018,Territoires du Nord-Ouest,Couple avec enfant(s) de moins de 18 ans,Sécurité alimentaire,82.4
2015-2016,Territoires du Nord-Ouest,Couple avec enfant(s) de moins de 18 ans,Insécurité alimentaire marginale,
2017-2018,Territoires du Nord-Ouest,Couple avec enfant(s) de moins de 18 ans,Insécurité alimentaire marginale,
2015-2016,Territoires du Nord-Ouest,Couple avec enfant(s) de moins de 18 ans,Insécurité alimentaire modérée et grave,16.0
2017-2018,Territoires du Nord-Ouest,Couple avec enfant(s) de moins de 18 ans,Insécurité alimentaire modérée et grave,12.1
2015-2016,Territoires du Nord-Ouest,Mère monoparentale avec enfant(s) de moins de 18 ans,Sécurité alimentaire,53.3
2017-2018,Territoires du Nord-Ouest,Mère monoparentale avec enfant(s) de moins de 18 ans,Sécurité alimentaire,45.1
2015-2016,Territoires du Nord-Ouest,Mère monoparentale avec enfant(s) de moins de 18 ans,Insécurité alimentaire marginale,
2017-2018,Territoires du Nord-Ouest,Mère monoparentale avec enfant(s) de moins de 18 ans,Insécurité alimentaire marginale,
2015-2016,Territoires du Nord-Ouest,Mère monoparentale avec enfant(s) de moins de 18 ans,Insécurité alimentaire modérée et grave,28.8
2017-2018,Territoires du Nord-Ouest,Mère monoparentale avec enfant(s) de moins de 18 ans,Insécurité alimentaire modérée et grave,47.6
2015-2016,Territoires du Nord-Ouest,Père monoparental avec enfant(s) de moins de 18 ans,Sécurité alimentaire,
2017-2018,Territoires du Nord-Ouest,Père monoparental avec enfant(s) de moins de 18 ans,Sécurité alimentaire,
2015-2016,Territoires du Nord-Ouest,Père monoparental avec enfant(s) de moins de 18 ans,Insécurité alimentaire marginale,
2017-2018,Territoires du Nord-Ouest,Père monoparental avec enfant(s) de moins de 18 ans,Insécurité alimentaire marginale,
2015-2016,Territoires du Nord-Ouest,Père monoparental avec enfant(s) de moins de 18 ans,Insécurité alimentaire modérée et grave,
2017-2018,Territoires du Nord-Ouest,Père monoparental avec enfant(s) de moins de 18 ans,Insécurité alimentaire modérée et grave,
2015-2016,Territoires du Nord-Ouest,Autres dispositions de vie,Sécurité alimentaire,77.6
2017-2018,Territoires du Nord-Ouest,Autres dispositions de vie,Sécurité alimentaire,73.2
2015-2016,Territoires du Nord-Ouest,Autres dispositions de vie,Insécurité alimentaire marginale,5.8
2017-2018,Territoires du Nord-Ouest,Autres dispositions de vie,Insécurité alimentaire marginale,
2015-2016,Territoires du Nord-Ouest,Autres dispositions de vie,Insécurité alimentaire modérée et grave,16.6
2017-2018,Territoires du Nord-Ouest,Autres dispositions de vie,Insécurité alimentaire modérée et grave,20.6
2015-2016,Nunavut,Toutes dispositions de vie,Sécurité alimentaire,47.9
2017-2018,Nunavut,Toutes dispositions de vie,Sécurité alimentaire,43.1
2015-2016,Nunavut,Toutes dispositions de vie,Insécurité alimentaire marginale,6.0
2017-2018,Nunavut,Toutes dispositions de vie,Insécurité alimentaire marginale,7.6
2015-2016,Nunavut,Toutes dispositions de vie,Insécurité alimentaire modérée et grave,46.1
2017-2018,Nunavut,Toutes dispositions de vie,Insécurité alimentaire modérée et grave,49.4
2015-2016,Nunavut,Femme vivant seule,Sécurité alimentaire,72.2
2017-2018,Nunavut,Femme vivant seule,Sécurité alimentaire,73.9
2015-2016,Nunavut,Femme vivant seule,Insécurité alimentaire marginale,
2017-2018,Nunavut,Femme vivant seule,Insécurité alimentaire marginale,
2015-2016,Nunavut,Femme vivant seule,Insécurité alimentaire modérée et grave,
2017-2018,Nunavut,Femme vivant seule,Insécurité alimentaire modérée et grave,
2015-2016,Nunavut,Homme vivant seul,Sécurité alimentaire,66.0
2017-2018,Nunavut,Homme vivant seul,Sécurité alimentaire,63.0
2015-2016,Nunavut,Homme vivant seul,Insécurité alimentaire marginale,
2017-2018,Nunavut,Homme vivant seul,Insécurité alimentaire marginale,
2015-2016,Nunavut,Homme vivant seul,Insécurité alimentaire modérée et grave,31.8
2017-2018,Nunavut,Homme vivant seul,Insécurité alimentaire modérée et grave,36.3
2015-2016,Nunavut,Couple sans enfant,Sécurité alimentaire,83.2
2017-2018,Nunavut,Couple sans enfant,Sécurité alimentaire,80.6
2015-2016,Nunavut,Couple sans enfant,Insécurité alimentaire marginale,
2017-2018,Nunavut,Couple sans enfant,Insécurité alimentaire marginale,
2015-2016,Nunavut,Couple sans enfant,Insécurité alimentaire modérée et grave,
2017-2018,Nunavut,Couple sans enfant,Insécurité alimentaire modérée et grave,
2015-2016,Nunavut,Couple avec enfant(s) de moins de 18 ans,Sécurité alimentaire,40.1
2017-2018,Nunavut,Couple avec enfant(s) de moins de 18 ans,Sécurité alimentaire,33.9
2015-2016,Nunavut,Couple avec enfant(s) de moins de 18 ans,Insécurité alimentaire marginale,
2017-2018,Nunavut,Couple avec enfant(s) de moins de 18 ans,Insécurité alimentaire marginale,12.7
2015-2016,Nunavut,Couple avec enfant(s) de moins de 18 ans,Insécurité alimentaire modérée et grave,51.5
2017-2018,Nunavut,Couple avec enfant(s) de moins de 18 ans,Insécurité alimentaire modérée et grave,53.3
2015-2016,Nunavut,Mère monoparentale avec enfant(s) de moins de 18 ans,Sécurité alimentaire,
2017-2018,Nunavut,Mère monoparentale avec enfant(s) de moins de 18 ans,Sécurité alimentaire,20.7
2015-2016,Nunavut,Mère monoparentale avec enfant(s) de moins de 18 ans,Insécurité alimentaire marginale,
2017-2018,Nunavut,Mère monoparentale avec enfant(s) de moins de 18 ans,Insécurité alimentaire marginale,
2015-2016,Nunavut,Mère monoparentale avec enfant(s) de moins de 18 ans,Insécurité alimentaire modérée et grave,78.1
2017-2018,Nunavut,Mère monoparentale avec enfant(s) de moins de 18 ans,Insécurité alimentaire modérée et grave,69.0
2015-2016,Nunavut,Père monoparental avec enfant(s) de moins de 18 ans,Sécurité alimentaire,
2017-2018,Nunavut,Père monoparental avec enfant(s) de moins de 18 ans,Sécurité alimentaire,
2015-2016,Nunavut,Père monoparental avec enfant(s) de moins de 18 ans,Insécurité alimentaire marginale,
2017-2018,Nunavut,Père monoparental avec enfant(s) de moins de 18 ans,Insécurité alimentaire marginale,
2015-2016,Nunavut,Père monoparental avec enfant(s) de moins de 18 ans,Insécurité alimentaire modérée et grave,
2017-2018,Nunavut,Père monoparental avec enfant(s) de moins de 18 ans,Insécurité alimentaire modérée et grave,
2015-2016,Nunavut,Autres dispositions de vie,Sécurité alimentaire,34.3
2017-2018,Nunavut,Autres dispositions de vie,Sécurité alimentaire,29.5
2015-2016,Nunavut,Autres dispositions de vie,Insécurité alimentaire marginale,
2017-2018,Nunavut,Autres dispositions de vie,Insécurité alimentaire marginale,8.0
2015-2016,Nunavut,Autres dispositions de vie,Insécurité alimentaire modérée et grave,59.8
2017-2018,Nunavut,Autres dispositions de vie,Insécurité alimentaire modérée et grave,62.6
