Year,Géographie,Antigène ou vaccin,Âge,Sexe,Value
2017,Canada,Diphtérie,2 ans,Tous les enfants,75.8
2017,Canada,Coqueluche,2 ans,Tous les enfants,75.8
2017,Canada,Tétanos,2 ans,Tous les enfants,75.8
2017,Canada,Polio,2 ans,Tous les enfants,90.7
2017,Canada,Haemophilus influenzae de type B,2 ans,Tous les enfants,73.4
2017,Canada,Rougeole,2 ans,Tous les enfants,90.2
2017,Canada,Rubéole,2 ans,Tous les enfants,89.9
2017,Canada,Oreillons,2 ans,Tous les enfants,90.0
2017,Canada,Hépatite B,2 ans,Tous les enfants,74.1
2017,Canada,Varicelle,2 ans,Tous les enfants,82.9
2017,Canada,Méningite de type C,2 ans,Tous les enfants,87.6
2017,Canada,Pneumocoque,2 ans,Tous les enfants,81.4
2017,Canada,Rotavirus,2 ans,Tous les enfants,78.8
2017,Canada,Diphtérie,2 ans,Male,74.1
2017,Canada,Coqueluche,2 ans,Male,74.1
2017,Canada,Tétanos,2 ans,Male,74.1
2017,Canada,Polio,2 ans,Male,90.0
2017,Canada,Haemophilus influenzae de type B,2 ans,Male,72.1
2017,Canada,Rougeole,2 ans,Male,88.9
2017,Canada,Rubéole,2 ans,Male,88.8
2017,Canada,Oreillons,2 ans,Male,88.8
2017,Canada,Hépatite B,2 ans,Male,72.5
2017,Canada,Varicelle,2 ans,Male,82.1
2017,Canada,Méningite de type C,2 ans,Male,87.1
2017,Canada,Pneumocoque,2 ans,Male,80.1
2017,Canada,Rotavirus,2 ans,Male,78.3
2017,Canada,Diphtérie,2 ans,Female,77.5
2017,Canada,Coqueluche,2 ans,Female,77.5
2017,Canada,Tétanos,2 ans,Female,77.5
2017,Canada,Polio,2 ans,Female,91.4
2017,Canada,Haemophilus influenzae de type B,2 ans,Female,74.7
2017,Canada,Rougeole,2 ans,Female,91.6
2017,Canada,Rubéole,2 ans,Female,91.1
2017,Canada,Oreillons,2 ans,Female,91.1
2017,Canada,Hépatite B,2 ans,Female,75.8
2017,Canada,Varicelle,2 ans,Female,83.8
2017,Canada,Méningite de type C,2 ans,Female,88.3
2017,Canada,Pneumocoque,2 ans,Female,82.6
2017,Canada,Rotavirus,2 ans,Female,79.3
2017,Canada,Diphtérie,7 ans,Tous les enfants,80.5
2017,Canada,Coqueluche,7 ans,Tous les enfants,80.5
2017,Canada,Tétanos,7 ans,Tous les enfants,80.5
2017,Canada,Polio,7 ans,Tous les enfants,92.3
2017,Canada,Haemophilus influenzae de type B,7 ans,Tous les enfants,83.9
2017,Canada,Rougeole,7 ans,Tous les enfants,87.0
2017,Canada,Rubéole,7 ans,Tous les enfants,86.4
2017,Canada,Oreillons,7 ans,Tous les enfants,94.5
2017,Canada,Diphtérie,7 ans,Male,76.4
2017,Canada,Coqueluche,7 ans,Male,76.4
2017,Canada,Tétanos,7 ans,Male,76.4
2017,Canada,Polio,7 ans,Male,91.7
2017,Canada,Haemophilus influenzae de type B,7 ans,Male,83.8
2017,Canada,Rougeole,7 ans,Male,86.5
2017,Canada,Rubéole,7 ans,Male,86.5
2017,Canada,Oreillons,7 ans,Male,93.8
2017,Canada,Diphtérie,7 ans,Female,85.5
2017,Canada,Coqueluche,7 ans,Female,85.5
2017,Canada,Tétanos,7 ans,Female,85.5
2017,Canada,Polio,7 ans,Female,93.0
2017,Canada,Haemophilus influenzae de type B,7 ans,Female,84.1
2017,Canada,Rougeole,7 ans,Female,87.9
2017,Canada,Rubéole,7 ans,Female,86.7
2017,Canada,Oreillons,7 ans,Female,95.8
2017,Canada,Hépatite B,14 ans,Tous les enfants,83.1
2017,Canada,Virus du papillome humain,14 ans,Tous les enfants,
2017,Canada,"Vaccin de rappel de la diphtérie, la coqueluche et le tétanos",17 ans,Tous les enfants,89.3
2017,Canada,Hépatite B,14 ans,Male,82.1
2017,Canada,Virus du papillome humain,14 ans,Male,
2017,Canada,"Vaccin de rappel de la diphtérie, la coqueluche et le tétanos",17 ans,Male,87.9
2017,Canada,Hépatite B,14 ans,Female,84.1
2017,Canada,Virus du papillome humain,14 ans,Female,83.0
2017,Canada,"Vaccin de rappel de la diphtérie, la coqueluche et le tétanos",17 ans,Female,90.7
2017,Terre-Neuve-et-Labrador,"Diphtérie, la coqueluche et le tétanos",2 ans,Tous les enfants,88.9
2017,Terre-Neuve-et-Labrador,Polio,2 ans,Tous les enfants,96.9
2017,Terre-Neuve-et-Labrador,Haemophilus influenzae de type B,2 ans,Tous les enfants,87.7
2017,Terre-Neuve-et-Labrador,Rougeole,2 ans,Tous les enfants,96.9
2017,Terre-Neuve-et-Labrador,Rubéole,2 ans,Tous les enfants,96.9
2017,Terre-Neuve-et-Labrador,Oreillons,2 ans,Tous les enfants,96.9
2017,Île-du-Prince-Édouard,"Diphtérie, la coqueluche et le tétanos",2 ans,Tous les enfants,81.2
2017,Île-du-Prince-Édouard,Polio,2 ans,Tous les enfants,93.9
2017,Île-du-Prince-Édouard,Haemophilus influenzae de type B,2 ans,Tous les enfants,79.8
2017,Île-du-Prince-Édouard,Rougeole,2 ans,Tous les enfants,93.2
2017,Île-du-Prince-Édouard,Rubéole,2 ans,Tous les enfants,92.6
2017,Île-du-Prince-Édouard,Oreillons,2 ans,Tous les enfants,92.6
2017,Nouvelle-Écosse,"Diphtérie, la coqueluche et le tétanos",2 ans,Tous les enfants,73.8
2017,Nouvelle-Écosse,Polio,2 ans,Tous les enfants,93.5
2017,Nouvelle-Écosse,Haemophilus influenzae de type B,2 ans,Tous les enfants,68.5
2017,Nouvelle-Écosse,Rougeole,2 ans,Tous les enfants,87.1
2017,Nouvelle-Écosse,Rubéole,2 ans,Tous les enfants,86.8
2017,Nouvelle-Écosse,Oreillons,2 ans,Tous les enfants,86.8
2017,Nouveau-Brunswick,"Diphtérie, la coqueluche et le tétanos",2 ans,Tous les enfants,75.5
2017,Nouveau-Brunswick,Polio,2 ans,Tous les enfants,90.1
2017,Nouveau-Brunswick,Haemophilus influenzae de type B,2 ans,Tous les enfants,74.7
2017,Nouveau-Brunswick,Rougeole,2 ans,Tous les enfants,92.0
2017,Nouveau-Brunswick,Rubéole,2 ans,Tous les enfants,92.0
2017,Nouveau-Brunswick,Oreillons,2 ans,Tous les enfants,92.0
2017,Québec,"Diphtérie, la coqueluche et le tétanos",2 ans,Tous les enfants,73.7
2017,Québec,Polio,2 ans,Tous les enfants,90.9
2017,Québec,Haemophilus influenzae de type B,2 ans,Tous les enfants,71.3
2017,Québec,Rougeole,2 ans,Tous les enfants,91.0
2017,Québec,Rubéole,2 ans,Tous les enfants,90.5
2017,Québec,Oreillons,2 ans,Tous les enfants,90.5
2017,Ontario,"Diphtérie, la coqueluche et le tétanos",2 ans,Tous les enfants,75.7
2017,Ontario,Polio,2 ans,Tous les enfants,91.0
2017,Ontario,Haemophilus influenzae de type B,2 ans,Tous les enfants,72.9
2017,Ontario,Rougeole,2 ans,Tous les enfants,90.9
2017,Ontario,Rubéole,2 ans,Tous les enfants,90.5
2017,Ontario,Oreillons,2 ans,Tous les enfants,90.5
2017,Manitoba,"Diphtérie, la coqueluche et le tétanos",2 ans,Tous les enfants,67.5
2017,Manitoba,Polio,2 ans,Tous les enfants,85.6
2017,Manitoba,Haemophilus influenzae de type B,2 ans,Tous les enfants,62.2
2017,Manitoba,Rougeole,2 ans,Tous les enfants,86.1
2017,Manitoba,Rubéole,2 ans,Tous les enfants,85.9
2017,Manitoba,Oreillons,2 ans,Tous les enfants,86.2
2017,Saskatchewan,"Diphtérie, la coqueluche et le tétanos",2 ans,Tous les enfants,78.6
2017,Saskatchewan,Polio,2 ans,Tous les enfants,90.0
2017,Saskatchewan,Haemophilus influenzae de type B,2 ans,Tous les enfants,75.1
2017,Saskatchewan,Rougeole,2 ans,Tous les enfants,89.5
2017,Saskatchewan,Rubéole,2 ans,Tous les enfants,89.5
2017,Saskatchewan,Oreillons,2 ans,Tous les enfants,89.5
2017,Alberta,"Diphtérie, la coqueluche et le tétanos",2 ans,Tous les enfants,79.9
2017,Alberta,Polio,2 ans,Tous les enfants,93.0
2017,Alberta,Haemophilus influenzae de type B,2 ans,Tous les enfants,79.0
2017,Alberta,Rougeole,2 ans,Tous les enfants,91.7
2017,Alberta,Rubéole,2 ans,Tous les enfants,91.4
2017,Alberta,Oreillons,2 ans,Tous les enfants,91.4
2017,Colombie-Britannique,"Diphtérie, la coqueluche et le tétanos",2 ans,Tous les enfants,76.6
2017,Colombie-Britannique,Polio,2 ans,Tous les enfants,87.5
2017,Colombie-Britannique,Haemophilus influenzae de type B,2 ans,Tous les enfants,74.4
2017,Colombie-Britannique,Rougeole,2 ans,Tous les enfants,86.1
2017,Colombie-Britannique,Rubéole,2 ans,Tous les enfants,86.1
2017,Colombie-Britannique,Oreillons,2 ans,Tous les enfants,86.1
2017,Yukon,"Diphtérie, la coqueluche et le tétanos",2 ans,Tous les enfants,70.7
2017,Yukon,Polio,2 ans,Tous les enfants,93.7
2017,Yukon,Haemophilus influenzae de type B,2 ans,Tous les enfants,69.3
2017,Yukon,Rougeole,2 ans,Tous les enfants,91.0
2017,Yukon,Rubéole,2 ans,Tous les enfants,91.0
2017,Yukon,Oreillons,2 ans,Tous les enfants,91.0
2017,Territoires du Nord-Ouest,"Diphtérie, la coqueluche et le tétanos",2 ans,Tous les enfants,76.7
2017,Territoires du Nord-Ouest,Polio,2 ans,Tous les enfants,91.1
2017,Territoires du Nord-Ouest,Haemophilus influenzae de type B,2 ans,Tous les enfants,75.5
2017,Territoires du Nord-Ouest,Rougeole,2 ans,Tous les enfants,91.8
2017,Territoires du Nord-Ouest,Rubéole,2 ans,Tous les enfants,91.8
2017,Territoires du Nord-Ouest,Oreillons,2 ans,Tous les enfants,91.8
2017,Nunavut,"Diphtérie, la coqueluche et le tétanos",2 ans,Tous les enfants,63.8
2017,Nunavut,Polio,2 ans,Tous les enfants,82.1
2017,Nunavut,Haemophilus influenzae de type B,2 ans,Tous les enfants,57.2
2017,Nunavut,Rougeole,2 ans,Tous les enfants,88.7
2017,Nunavut,Rubéole,2 ans,Tous les enfants,88.7
2017,Nunavut,Oreillons,2 ans,Tous les enfants,88.7
2017,Terre-Neuve-et-Labrador,Varicelle,2 ans,Tous les enfants,95.1
2017,Terre-Neuve-et-Labrador,Méningite de type C,2 ans,Tous les enfants,93.2
2017,Terre-Neuve-et-Labrador,Pneumocoque,2 ans,Tous les enfants,90.2
2017,Terre-Neuve-et-Labrador,Rotavirus,2 ans,Tous les enfants,
2017,Terre-Neuve-et-Labrador,Hépatite B,2 ans,Tous les enfants,
2017,Île-du-Prince-Édouard,Varicelle,2 ans,Tous les enfants,92.0
2017,Île-du-Prince-Édouard,Méningite de type C,2 ans,Tous les enfants,92.7
2017,Île-du-Prince-Édouard,Pneumocoque,2 ans,Tous les enfants,89.5
2017,Île-du-Prince-Édouard,Rotavirus,2 ans,Tous les enfants,85.6
2017,Île-du-Prince-Édouard,Hépatite B,2 ans,Tous les enfants,86.7
2017,Nouvelle-Écosse,Varicelle,2 ans,Tous les enfants,84.8
2017,Nouvelle-Écosse,Méningite de type C,2 ans,Tous les enfants,81.8
2017,Nouvelle-Écosse,Pneumocoque,2 ans,Tous les enfants,80.4
2017,Nouvelle-Écosse,Rotavirus,2 ans,Tous les enfants,
2017,Nouvelle-Écosse,Hépatite B,2 ans,Tous les enfants,
2017,Nouveau-Brunswick,Varicelle,2 ans,Tous les enfants,90.9
2017,Nouveau-Brunswick,Méningite de type C,2 ans,Tous les enfants,88.3
2017,Nouveau-Brunswick,Pneumocoque,2 ans,Tous les enfants,82.2
2017,Nouveau-Brunswick,Rotavirus,2 ans,Tous les enfants,
2017,Nouveau-Brunswick,Hépatite B,2 ans,Tous les enfants,81.0
2017,Québec,Varicelle,2 ans,Tous les enfants,76.1
2017,Québec,Méningite de type C,2 ans,Tous les enfants,89.9
2017,Québec,Pneumocoque,2 ans,Tous les enfants,83.3
2017,Québec,Rotavirus,2 ans,Tous les enfants,81.0
2017,Québec,Hépatite B,2 ans,Tous les enfants,75.7
2017,Ontario,Varicelle,2 ans,Tous les enfants,84.3
2017,Ontario,Méningite de type C,2 ans,Tous les enfants,85.7
2017,Ontario,Pneumocoque,2 ans,Tous les enfants,80.5
2017,Ontario,Rotavirus,2 ans,Tous les enfants,77.7
2017,Ontario,Hépatite B,2 ans,Tous les enfants,
2017,Manitoba,Varicelle,2 ans,Tous les enfants,81.6
2017,Manitoba,Méningite de type C,2 ans,Tous les enfants,82.2
2017,Manitoba,Pneumocoque,2 ans,Tous les enfants,74.6
2017,Manitoba,Rotavirus,2 ans,Tous les enfants,68.4
2017,Manitoba,Hépatite B,2 ans,Tous les enfants,
2017,Saskatchewan,Varicelle,2 ans,Tous les enfants,84.8
2017,Saskatchewan,Méningite de type C,2 ans,Tous les enfants,81.1
2017,Saskatchewan,Pneumocoque,2 ans,Tous les enfants,83.7
2017,Saskatchewan,Rotavirus,2 ans,Tous les enfants,84.0
2017,Saskatchewan,Hépatite B,2 ans,Tous les enfants,
2017,Alberta,Varicelle,2 ans,Tous les enfants,86.7
2017,Alberta,Méningite de type C,2 ans,Tous les enfants,91.0
2017,Alberta,Pneumocoque,2 ans,Tous les enfants,82.6
2017,Alberta,Rotavirus,2 ans,Tous les enfants,
2017,Alberta,Hépatite B,2 ans,Tous les enfants,
2017,Colombie-Britannique,Varicelle,2 ans,Tous les enfants,83.7
2017,Colombie-Britannique,Méningite de type C,2 ans,Tous les enfants,89.3
2017,Colombie-Britannique,Pneumocoque,2 ans,Tous les enfants,80.3
2017,Colombie-Britannique,Rotavirus,2 ans,Tous les enfants,80.2
2017,Colombie-Britannique,Hépatite B,2 ans,Tous les enfants,69.7
2017,Yukon,Varicelle,2 ans,Tous les enfants,85.5
2017,Yukon,Méningite de type C,2 ans,Tous les enfants,93.7
2017,Yukon,Pneumocoque,2 ans,Tous les enfants,83.2
2017,Yukon,Rotavirus,2 ans,Tous les enfants,76.6
2017,Yukon,Hépatite B,2 ans,Tous les enfants,62.8
2017,Territoires du Nord-Ouest,Varicelle,2 ans,Tous les enfants,88.9
2017,Territoires du Nord-Ouest,Méningite de type C,2 ans,Tous les enfants,95.2
2017,Territoires du Nord-Ouest,Pneumocoque,2 ans,Tous les enfants,63.8
2017,Territoires du Nord-Ouest,Rotavirus,2 ans,Tous les enfants,66.3
2017,Territoires du Nord-Ouest,Hépatite B,2 ans,Tous les enfants,80.5
2017,Nunavut,Varicelle,2 ans,Tous les enfants,82.1
2017,Nunavut,Méningite de type C,2 ans,Tous les enfants,80.1
2017,Nunavut,Pneumocoque,2 ans,Tous les enfants,62.4
2017,Nunavut,Rotavirus,2 ans,Tous les enfants,
2017,Nunavut,Hépatite B,2 ans,Tous les enfants,70.8
