Year,Géographie,Type de production d'électricité,GeoCode,Value
2015,,,,81.4444166666667
2016,,,,78.76575
2017,,,,79.9753333333333
2018,,,,79.5969166666667
2019,,,,79.3599166666667
2020,,,,82.3359166666667
2021,,,,81.64925
2022,,,,82.0549166666667
2023,,,,80.7290833333333
2024,,,,79.2502
2015,Alberta,Turbine à hydraulique,48,3.24066666666667
2015,Alberta,"Total, sources renouvelables et non émettrices de gaz à effet de serre",48,7.06583333333333
2015,Alberta,Turbine éolienne,48,3.82508333333333
2015,Colombie-Britannique,Turbine à hydraulique,59,90.90725
2015,Colombie-Britannique,"Total, sources renouvelables et non émettrices de gaz à effet de serre",59,90.90725
2015,Canada,Turbine à hydraulique,,63.248
2015,Canada,Turbine à vapeur-nucléaire,,16.6659166666667
2015,Canada,Solaire,,0.0455
2015,Canada,Turbine marémotrice,,0.00225
2015,Canada,Turbine éolienne,,1.48258333333333
2015,Manitoba,Turbine à hydraulique,46,98.4231666666667
2015,Manitoba,"Total, sources renouvelables et non émettrices de gaz à effet de serre",46,99.5596666666667
2015,Manitoba,Turbine éolienne,46,1.1365
2015,Nouveau-Brunswick,Turbine à hydraulique,13,20.7531666666667
2015,Nouveau-Brunswick,Turbine à vapeur-nucléaire,13,30.69575
2015,Nouveau-Brunswick,"Total, sources renouvelables et non émettrices de gaz à effet de serre",13,56.2025833333333
2015,Nouveau-Brunswick,Turbine éolienne,13,4.75341666666667
2015,Terre-Neuve-et-Labrador,Turbine à hydraulique,10,95.7331666666667
2015,Terre-Neuve-et-Labrador,"Total, sources renouvelables et non émettrices de gaz à effet de serre",10,95.9671666666667
2015,Terre-Neuve-et-Labrador,Turbine éolienne,10,0.233916666666667
2015,Territoires du Nord-Ouest,Turbine à hydraulique,61,24.9920833333333
2015,Territoires du Nord-Ouest,"Total, sources renouvelables et non émettrices de gaz à effet de serre",61,28.3309166666667
2015,Territoires du Nord-Ouest,Turbine éolienne,61,3.33866666666667
2015,Nouvelle-Écosse,Turbine à hydraulique,12,10.3128333333333
2015,Nouvelle-Écosse,Turbine marémotrice,12,0.1475
2015,Nouvelle-Écosse,"Total, sources renouvelables et non émettrices de gaz à effet de serre",12,15.50875
2015,Nouvelle-Écosse,Turbine éolienne,12,5.04841666666667
2015,Nunavut,Turbine à hydraulique,62,
2015,Nunavut,"Total, sources renouvelables et non émettrices de gaz à effet de serre",62,
2015,Ontario,Turbine à hydraulique,35,25.1178333333333
2015,Ontario,Turbine à vapeur-nucléaire,35,65.6689166666667
2015,Ontario,Solaire,35,0.18475
2015,Ontario,"Total, sources renouvelables et non émettrices de gaz à effet de serre",35,93.0966666666667
2015,Ontario,Turbine éolienne,35,2.12541666666667
2015,Île-du-Prince-Édouard,"Total, sources renouvelables et non émettrices de gaz à effet de serre",11,98.5833333333333
2015,Île-du-Prince-Édouard,Turbine éolienne,11,98.5833333333333
2015,Québec,Turbine à hydraulique,24,98.9861666666667
2015,Québec,Turbine à vapeur-nucléaire,24,
2015,Québec,"Total, sources renouvelables et non émettrices de gaz à effet de serre",24,
2015,Québec,Turbine éolienne,24,0.389083333333333
2015,Saskatchewan,Turbine à hydraulique,47,14.4148333333333
2015,Saskatchewan,"Total, sources renouvelables et non émettrices de gaz à effet de serre",47,17.7575
2015,Saskatchewan,Turbine éolienne,47,3.34241666666667
2015,Yukon,Turbine à hydraulique,60,94.1393333333333
2015,Yukon,"Total, sources renouvelables et non émettrices de gaz à effet de serre",60,
2015,Yukon,Turbine éolienne,60,
2016,Alberta,Turbine à hydraulique,48,2.49233333333333
2016,Alberta,Solaire,48,0.0023333333333333
2016,Alberta,"Total, sources renouvelables et non émettrices de gaz à effet de serre",48,8.28666666666667
2016,Alberta,Turbine éolienne,48,5.79183333333333
2016,Colombie-Britannique,Turbine à hydraulique,59,88.5699166666667
2016,Colombie-Britannique,Solaire,59,0.0
2016,Colombie-Britannique,Turbine marémotrice,59,0.0
2016,Colombie-Britannique,"Total, sources renouvelables et non émettrices de gaz à effet de serre",59,90.3863333333333
2016,Colombie-Britannique,Turbine éolienne,59,1.81625
2016,Canada,Turbine à hydraulique,,58.9220833333333
2016,Canada,Turbine à vapeur-nucléaire,,14.86625
2016,Canada,Solaire,,0.2895
2016,Canada,Turbine marémotrice,,0.0029166666666666
2016,Canada,Turbine éolienne,,4.68483333333333
2016,Manitoba,Turbine à hydraulique,46,97.0074166666667
2016,Manitoba,Solaire,46,0.0
2016,Manitoba,"Total, sources renouvelables et non émettrices de gaz à effet de serre",46,99.5995
2016,Manitoba,Turbine éolienne,46,2.59191666666667
2016,Nouveau-Brunswick,Turbine à hydraulique,13,21.95675
2016,Nouveau-Brunswick,Turbine à vapeur-nucléaire,13,29.3716666666667
2016,Nouveau-Brunswick,Solaire,13,0.0
2016,Nouveau-Brunswick,Turbine marémotrice,13,0.0
2016,Nouveau-Brunswick,"Total, sources renouvelables et non émettrices de gaz à effet de serre",13,56.4218333333333
2016,Nouveau-Brunswick,Turbine éolienne,13,5.09358333333333
2016,Terre-Neuve-et-Labrador,Turbine à hydraulique,10,94.4795833333333
2016,Terre-Neuve-et-Labrador,Solaire,10,0.0
2016,Terre-Neuve-et-Labrador,Turbine marémotrice,10,0.0
2016,Terre-Neuve-et-Labrador,"Total, sources renouvelables et non émettrices de gaz à effet de serre",10,94.95125
2016,Terre-Neuve-et-Labrador,Turbine éolienne,10,0.471833333333333
2016,Territoires du Nord-Ouest,Turbine à hydraulique,61,30.0719166666667
2016,Territoires du Nord-Ouest,Solaire,61,0.0335833333333333
2016,Territoires du Nord-Ouest,"Total, sources renouvelables et non émettrices de gaz à effet de serre",61,31.95225
2016,Territoires du Nord-Ouest,Turbine éolienne,61,1.84666666666667
2016,Nouvelle-Écosse,Turbine à hydraulique,12,8.00425
2016,Nouvelle-Écosse,Solaire,12,0.0
2016,Nouvelle-Écosse,Turbine marémotrice,12,0.192
2016,Nouvelle-Écosse,"Total, sources renouvelables et non émettrices de gaz à effet de serre",12,18.3453333333333
2016,Nouvelle-Écosse,Turbine éolienne,12,10.14925
2016,Nunavut,Turbine à hydraulique,62,0.0
2016,Nunavut,Solaire,62,0.0
2016,Nunavut,"Total, sources renouvelables et non émettrices de gaz à effet de serre",62,0.0
2016,Nunavut,Turbine éolienne,62,0.0
2016,Ontario,Turbine à hydraulique,35,23.4065
2016,Ontario,Turbine à vapeur-nucléaire,35,57.9466666666667
2016,Ontario,Solaire,35,1.15266666666667
2016,Ontario,"Total, sources renouvelables et non émettrices de gaz à effet de serre",35,89.2259166666667
2016,Ontario,Turbine éolienne,35,6.72008333333333
2016,Île-du-Prince-Édouard,Turbine à hydraulique,11,0.0
2016,Île-du-Prince-Édouard,Solaire,11,0.0
2016,Île-du-Prince-Édouard,Turbine marémotrice,11,0.0
2016,Île-du-Prince-Édouard,"Total, sources renouvelables et non émettrices de gaz à effet de serre",11,98.4853333333333
2016,Île-du-Prince-Édouard,Turbine éolienne,11,98.4853333333333
2016,Québec,Turbine à hydraulique,24,94.2465
2016,Québec,Turbine à vapeur-nucléaire,24,
2016,Québec,Solaire,24,0.0006666666666666
2016,Québec,"Total, sources renouvelables et non émettrices de gaz à effet de serre",24,
2016,Québec,Turbine éolienne,24,4.65116666666667
2016,Saskatchewan,Turbine à hydraulique,47,13.358
2016,Saskatchewan,Solaire,47,0.0
2016,Saskatchewan,"Total, sources renouvelables et non émettrices de gaz à effet de serre",47,16.34675
2016,Saskatchewan,Turbine éolienne,47,2.98858333333333
2016,Yukon,Turbine à hydraulique,60,93.87675
2016,Yukon,Solaire,60,0.0
2016,Yukon,"Total, sources renouvelables et non émettrices de gaz à effet de serre",60,94.0088333333333
2016,Yukon,Turbine éolienne,60,0.132083333333333
2017,Alberta,Turbine à hydraulique,48,2.58133333333333
2017,Alberta,Solaire,48,0.00225
2017,Alberta,"Total, sources renouvelables et non émettrices de gaz à effet de serre",48,8.1665
2017,Alberta,Turbine éolienne,48,5.58283333333333
2017,Colombie-Britannique,Turbine à hydraulique,59,89.2139166666667
2017,Colombie-Britannique,Solaire,59,0.0
2017,Colombie-Britannique,Turbine marémotrice,59,0.0
2017,Colombie-Britannique,"Total, sources renouvelables et non émettrices de gaz à effet de serre",59,91.3654166666667
2017,Colombie-Britannique,Turbine éolienne,59,2.15141666666667
2017,Canada,Turbine à hydraulique,,60.03475
2017,Canada,Turbine à vapeur-nucléaire,,14.85775
2017,Canada,Solaire,,0.329916666666667
2017,Canada,Turbine marémotrice,,0.001
2017,Canada,Turbine éolienne,,4.75208333333333
2017,Manitoba,Turbine à hydraulique,46,97.0401666666667
2017,Manitoba,Solaire,46,0.0
2017,Manitoba,"Total, sources renouvelables et non émettrices de gaz à effet de serre",46,99.5669166666667
2017,Manitoba,Turbine éolienne,46,2.527
2017,Nouveau-Brunswick,Turbine à hydraulique,13,19.3854166666667
2017,Nouveau-Brunswick,Turbine à vapeur-nucléaire,13,39.0595833333333
2017,Nouveau-Brunswick,Solaire,13,0.0
2017,Nouveau-Brunswick,Turbine marémotrice,13,0.0
2017,Nouveau-Brunswick,"Total, sources renouvelables et non émettrices de gaz à effet de serre",13,64.5709166666667
2017,Nouveau-Brunswick,Turbine éolienne,13,6.12575
2017,Terre-Neuve-et-Labrador,Turbine à hydraulique,10,94.0179166666667
2017,Terre-Neuve-et-Labrador,Solaire,10,0.0
2017,Terre-Neuve-et-Labrador,Turbine marémotrice,10,0.0
2017,Terre-Neuve-et-Labrador,"Total, sources renouvelables et non émettrices de gaz à effet de serre",10,94.52425
2017,Terre-Neuve-et-Labrador,Turbine éolienne,10,0.506416666666667
2017,Territoires du Nord-Ouest,Turbine à hydraulique,61,33.0955833333333
2017,Territoires du Nord-Ouest,Solaire,61,0.04175
2017,Territoires du Nord-Ouest,"Total, sources renouvelables et non émettrices de gaz à effet de serre",61,35.4229166666667
2017,Territoires du Nord-Ouest,Turbine éolienne,61,2.28558333333333
2017,Nouvelle-Écosse,Turbine à hydraulique,12,8.33058333333333
2017,Nouvelle-Écosse,Solaire,12,0.0
2017,Nouvelle-Écosse,Turbine marémotrice,12,0.0564166666666667
2017,Nouvelle-Écosse,"Total, sources renouvelables et non émettrices de gaz à effet de serre",12,21.6275833333333
2017,Nouvelle-Écosse,Turbine éolienne,12,13.2405
2017,Nunavut,Turbine à hydraulique,62,0.0
2017,Nunavut,Solaire,62,0.0
2017,Nunavut,"Total, sources renouvelables et non émettrices de gaz à effet de serre",62,0.0
2017,Nunavut,Turbine éolienne,62,0.0
2017,Ontario,Turbine à hydraulique,35,25.8678333333333
2017,Ontario,Turbine à vapeur-nucléaire,35,59.3138333333333
2017,Ontario,Solaire,35,1.35533333333333
2017,Ontario,"Total, sources renouvelables et non émettrices de gaz à effet de serre",35,93.2818333333333
2017,Ontario,Turbine éolienne,35,6.74475
2017,Île-du-Prince-Édouard,Turbine à hydraulique,11,0.0
2017,Île-du-Prince-Édouard,Solaire,11,0.0
2017,Île-du-Prince-Édouard,Turbine marémotrice,11,0.0
2017,Île-du-Prince-Édouard,"Total, sources renouvelables et non émettrices de gaz à effet de serre",11,98.3309166666667
2017,Île-du-Prince-Édouard,Turbine éolienne,11,98.3309166666667
2017,Québec,Turbine à hydraulique,24,94.1486666666667
2017,Québec,Turbine à vapeur-nucléaire,24,
2017,Québec,Solaire,24,0.0006666666666666
2017,Québec,"Total, sources renouvelables et non émettrices de gaz à effet de serre",24,
2017,Québec,Turbine éolienne,24,4.66591666666667
2017,Saskatchewan,Turbine à hydraulique,47,15.8660833333333
2017,Saskatchewan,Solaire,47,0.0
2017,Saskatchewan,"Total, sources renouvelables et non émettrices de gaz à effet de serre",47,18.86225
2017,Saskatchewan,Turbine éolienne,47,2.99608333333333
2017,Yukon,Turbine à hydraulique,60,92.8296666666667
2017,Yukon,Solaire,60,0.0
2017,Yukon,"Total, sources renouvelables et non émettrices de gaz à effet de serre",60,92.8371666666667
2017,Yukon,Turbine éolienne,60,0.0075
2018,Alberta,Turbine à hydraulique,48,2.55725
2018,Alberta,Solaire,48,0.0334166666666667
2018,Alberta,"Total, sources renouvelables et non émettrices de gaz à effet de serre",48,7.77291666666667
2018,Alberta,Turbine éolienne,48,5.18241666666667
2018,Colombie-Britannique,Turbine à hydraulique,59,89.5359166666667
2018,Colombie-Britannique,Solaire,59,0.0024166666666666
2018,Colombie-Britannique,Turbine marémotrice,59,0.0
2018,Colombie-Britannique,"Total, sources renouvelables et non émettrices de gaz à effet de serre",59,91.66575
2018,Colombie-Britannique,Turbine éolienne,59,2.1275
2018,Canada,Turbine à hydraulique,,59.3869166666667
2018,Canada,Turbine à vapeur-nucléaire,,14.9130833333333
2018,Canada,Solaire,,0.35925
2018,Canada,Turbine marémotrice,,0.0030833333333333
2018,Canada,Turbine éolienne,,4.9345
2018,Manitoba,Turbine à hydraulique,46,97.0689166666667
2018,Manitoba,Solaire,46,0.0
2018,Manitoba,"Total, sources renouvelables et non émettrices de gaz à effet de serre",46,99.7161666666667
2018,Manitoba,Turbine éolienne,46,2.647
2018,Nouveau-Brunswick,Turbine à hydraulique,13,19.2150833333333
2018,Nouveau-Brunswick,Turbine à vapeur-nucléaire,13,35.5803333333333
2018,Nouveau-Brunswick,Solaire,13,0.0
2018,Nouveau-Brunswick,Turbine marémotrice,13,0.0
2018,Nouveau-Brunswick,"Total, sources renouvelables et non émettrices de gaz à effet de serre",13,60.9021666666667
2018,Nouveau-Brunswick,Turbine éolienne,13,6.10675
2018,Terre-Neuve-et-Labrador,Turbine à hydraulique,10,95.6725
2018,Terre-Neuve-et-Labrador,Solaire,10,0.0
2018,Terre-Neuve-et-Labrador,Turbine marémotrice,10,0.0
2018,Terre-Neuve-et-Labrador,"Total, sources renouvelables et non émettrices de gaz à effet de serre",10,96.1585
2018,Terre-Neuve-et-Labrador,Turbine éolienne,10,0.48625
2018,Territoires du Nord-Ouest,Turbine à hydraulique,61,33.6513333333333
2018,Territoires du Nord-Ouest,Solaire,61,0.04475
2018,Territoires du Nord-Ouest,"Total, sources renouvelables et non émettrices de gaz à effet de serre",61,36.1483333333333
2018,Territoires du Nord-Ouest,Turbine éolienne,61,2.45216666666667
2018,Nouvelle-Écosse,Turbine à hydraulique,12,8.78566666666667
2018,Nouvelle-Écosse,Solaire,12,0.0
2018,Nouvelle-Écosse,Turbine marémotrice,12,0.19975
2018,Nouvelle-Écosse,"Total, sources renouvelables et non émettrices de gaz à effet de serre",12,20.6898333333333
2018,Nouvelle-Écosse,Turbine éolienne,12,11.7044166666667
2018,Nunavut,Turbine à hydraulique,62,0.0
2018,Nunavut,Solaire,62,0.0
2018,Nunavut,"Total, sources renouvelables et non émettrices de gaz à effet de serre",62,0.0
2018,Nunavut,Turbine éolienne,62,0.0
2018,Ontario,Turbine à hydraulique,35,24.428
2018,Ontario,Turbine à vapeur-nucléaire,35,58.3465
2018,Ontario,Solaire,35,1.42175
2018,Ontario,"Total, sources renouvelables et non émettrices de gaz à effet de serre",35,91.4605833333333
2018,Ontario,Turbine éolienne,35,7.26433333333333
2018,Île-du-Prince-Édouard,Turbine à hydraulique,11,0.0
2018,Île-du-Prince-Édouard,Solaire,11,0.0500833333333333
2018,Île-du-Prince-Édouard,Turbine marémotrice,11,0.0
2018,Île-du-Prince-Édouard,"Total, sources renouvelables et non émettrices de gaz à effet de serre",11,96.79925
2018,Île-du-Prince-Édouard,Turbine éolienne,11,96.7493333333333
2018,Québec,Turbine à hydraulique,24,93.95575
2018,Québec,Turbine à vapeur-nucléaire,24,
2018,Québec,Solaire,24,0.0006666666666666
2018,Québec,"Total, sources renouvelables et non émettrices de gaz à effet de serre",24,
2018,Québec,Turbine éolienne,24,5.00558333333333
2018,Saskatchewan,Turbine à hydraulique,47,14.5316666666667
2018,Saskatchewan,Solaire,47,0.0
2018,Saskatchewan,"Total, sources renouvelables et non émettrices de gaz à effet de serre",47,17.304
2018,Saskatchewan,Turbine éolienne,47,2.77233333333333
2018,Yukon,Turbine à hydraulique,60,88.3024166666667
2018,Yukon,Solaire,60,0.0
2018,Yukon,"Total, sources renouvelables et non émettrices de gaz à effet de serre",60,88.3024166666667
2018,Yukon,Turbine éolienne,60,0.0
2019,Alberta,Turbine à hydraulique,48,3.18133333333333
2019,Alberta,Solaire,48,0.0293333333333333
2019,Alberta,"Total, sources renouvelables et non émettrices de gaz à effet de serre",48,8.13483333333333
2019,Alberta,Turbine éolienne,48,4.92391666666667
2019,Colombie-Britannique,Turbine à hydraulique,59,87.0198333333333
2019,Colombie-Britannique,Solaire,59,0.0025
2019,Colombie-Britannique,Turbine marémotrice,59,0.0
2019,Colombie-Britannique,"Total, sources renouvelables et non émettrices de gaz à effet de serre",59,89.415
2019,Colombie-Britannique,Turbine éolienne,59,2.39283333333333
2019,Canada,Turbine à hydraulique,,58.7754166666667
2019,Canada,Turbine à vapeur-nucléaire,,15.1144166666667
2019,Canada,Solaire,,0.402583333333333
2019,Canada,Turbine marémotrice,,8.33333333333333e-05
2019,Canada,Turbine éolienne,,5.0675
2019,Manitoba,Turbine à hydraulique,46,97.0645833333333
2019,Manitoba,Solaire,46,0.0
2019,Manitoba,"Total, sources renouvelables et non émettrices de gaz à effet de serre",46,99.6865
2019,Manitoba,Turbine éolienne,46,2.62208333333333
2019,Nouveau-Brunswick,Turbine à hydraulique,13,22.635
2019,Nouveau-Brunswick,Turbine à vapeur-nucléaire,13,37.2910833333333
2019,Nouveau-Brunswick,Solaire,13,0.0
2019,Nouveau-Brunswick,Turbine marémotrice,13,0.0
2019,Nouveau-Brunswick,"Total, sources renouvelables et non émettrices de gaz à effet de serre",13,66.3528333333333
2019,Nouveau-Brunswick,Turbine éolienne,13,6.42691666666667
2019,Terre-Neuve-et-Labrador,Turbine à hydraulique,10,95.7478333333333
2019,Terre-Neuve-et-Labrador,Solaire,10,0.0
2019,Terre-Neuve-et-Labrador,Turbine marémotrice,10,0.0
2019,Terre-Neuve-et-Labrador,"Total, sources renouvelables et non émettrices de gaz à effet de serre",10,96.1803333333333
2019,Terre-Neuve-et-Labrador,Turbine éolienne,10,0.43275
2019,Territoires du Nord-Ouest,Turbine à hydraulique,61,32.8993333333333
2019,Territoires du Nord-Ouest,Solaire,61,0.03825
2019,Territoires du Nord-Ouest,"Total, sources renouvelables et non émettrices de gaz à effet de serre",61,35.24975
2019,Territoires du Nord-Ouest,Turbine éolienne,61,2.31225
2019,Nouvelle-Écosse,Turbine à hydraulique,12,10.6388333333333
2019,Nouvelle-Écosse,Solaire,12,0.0
2019,Nouvelle-Écosse,Turbine marémotrice,12,0.007
2019,Nouvelle-Écosse,"Total, sources renouvelables et non émettrices de gaz à effet de serre",12,21.949
2019,Nouvelle-Écosse,Turbine éolienne,12,11.3035833333333
2019,Nunavut,Turbine à hydraulique,62,0.0
2019,Nunavut,Solaire,62,0.0
2019,Nunavut,"Total, sources renouvelables et non émettrices de gaz à effet de serre",62,0.0
2019,Nunavut,Turbine éolienne,62,0.0
2019,Ontario,Turbine à hydraulique,35,24.5893333333333
2019,Ontario,Turbine à vapeur-nucléaire,35,57.9318333333333
2019,Ontario,Solaire,35,1.56141666666667
2019,Ontario,"Total, sources renouvelables et non émettrices de gaz à effet de serre",35,91.42275
2019,Ontario,Turbine éolienne,35,7.34
2019,Île-du-Prince-Édouard,Turbine à hydraulique,11,0.0
2019,Île-du-Prince-Édouard,Solaire,11,0.10825
2019,Île-du-Prince-Édouard,Turbine marémotrice,11,0.0
2019,Île-du-Prince-Édouard,"Total, sources renouvelables et non émettrices de gaz à effet de serre",11,99.0403333333333
2019,Île-du-Prince-Édouard,Turbine éolienne,11,98.9320833333333
2019,Québec,Turbine à hydraulique,24,93.73075
2019,Québec,Turbine à vapeur-nucléaire,24,
2019,Québec,Solaire,24,0.0006666666666666
2019,Québec,"Total, sources renouvelables et non émettrices de gaz à effet de serre",24,
2019,Québec,Turbine éolienne,24,5.31458333333333
2019,Saskatchewan,Turbine à hydraulique,47,14.9886666666667
2019,Saskatchewan,Solaire,47,0.0
2019,Saskatchewan,"Total, sources renouvelables et non émettrices de gaz à effet de serre",47,18.1233333333333
2019,Saskatchewan,Turbine éolienne,47,3.13441666666667
2019,Yukon,Turbine à hydraulique,60,81.2930833333333
2019,Yukon,Solaire,60,0.0
2019,Yukon,"Total, sources renouvelables et non émettrices de gaz à effet de serre",60,81.2930833333333
2019,Yukon,Turbine éolienne,60,0.0
2020,Alberta,Turbine à hydraulique,48,3.34025
2020,Alberta,Solaire,48,0.03625
2020,Alberta,Production totale d’électricité provenant de la biomasse,48,2.21766666666667
2020,Alberta,"Total, sources renouvelables et non émettrices de gaz à effet de serre",48,12.5108333333333
2020,Alberta,Turbine éolienne,48,6.9165
2020,Colombie-Britannique,Turbine à hydraulique,59,87.8710833333333
2020,Colombie-Britannique,Solaire,59,0.0025833333333333
2020,Colombie-Britannique,Turbine marémotrice,59,0.0
2020,Colombie-Britannique,Production totale d’électricité provenant de la biomasse,59,5.75325
2020,Colombie-Britannique,"Total, sources renouvelables et non émettrices de gaz à effet de serre",59,97.771
2020,Colombie-Britannique,Turbine éolienne,59,4.14416666666667
2020,Canada,Turbine à hydraulique,,60.0711666666667
2020,Canada,Turbine à vapeur-nucléaire,,14.6818333333333
2020,Canada,Solaire,,0.422416666666667
2020,Canada,Turbine marémotrice,,0.0
2020,Canada,Production totale d’électricité provenant de la biomasse,,1.44966666666667
2020,Canada,Turbine éolienne,,5.71066666666667
2020,Manitoba,Turbine à hydraulique,46,97.1031666666667
2020,Manitoba,Solaire,46,0.0011666666666666
2020,Manitoba,Production totale d’électricité provenant de la biomasse,46,0.225833333333333
2020,Manitoba,"Total, sources renouvelables et non émettrices de gaz à effet de serre",46,99.9325833333333
2020,Manitoba,Turbine éolienne,46,2.60266666666667
2020,Nouveau-Brunswick,Turbine à hydraulique,13,21.1395833333333
2020,Nouveau-Brunswick,Turbine à vapeur-nucléaire,13,38.63425
2020,Nouveau-Brunswick,Solaire,13,0.0
2020,Nouveau-Brunswick,Turbine marémotrice,13,0.0
2020,Nouveau-Brunswick,Production totale d’électricité provenant de la biomasse,13,4.88666666666667
2020,Nouveau-Brunswick,"Total, sources renouvelables et non émettrices de gaz à effet de serre",13,72.3045
2020,Nouveau-Brunswick,Turbine éolienne,13,7.64375
2020,Terre-Neuve-et-Labrador,Turbine à hydraulique,10,96.0599166666667
2020,Terre-Neuve-et-Labrador,Solaire,10,0.0
2020,Terre-Neuve-et-Labrador,Turbine marémotrice,10,0.0
2020,Terre-Neuve-et-Labrador,Production totale d’électricité provenant de la biomasse,10,0.0944166666666667
2020,Terre-Neuve-et-Labrador,"Total, sources renouvelables et non émettrices de gaz à effet de serre",10,96.6253333333333
2020,Terre-Neuve-et-Labrador,Turbine éolienne,10,0.470916666666667
2020,Territoires du Nord-Ouest,Turbine à hydraulique,61,36.9848333333333
2020,Territoires du Nord-Ouest,Solaire,61,0.15125
2020,Territoires du Nord-Ouest,Production totale d’électricité provenant de la biomasse,61,0.0
2020,Territoires du Nord-Ouest,"Total, sources renouvelables et non émettrices de gaz à effet de serre",61,40.0358333333333
2020,Territoires du Nord-Ouest,Turbine éolienne,61,2.9
2020,Nouvelle-Écosse,Turbine à hydraulique,12,8.1535
2020,Nouvelle-Écosse,Solaire,12,0.0
2020,Nouvelle-Écosse,Turbine marémotrice,12,0.0
2020,Nouvelle-Écosse,Production totale d’électricité provenant de la biomasse,12,2.90691666666667
2020,Nouvelle-Écosse,"Total, sources renouvelables et non émettrices de gaz à effet de serre",12,21.3064166666667
2020,Nouvelle-Écosse,Turbine éolienne,12,10.24575
2020,Nunavut,Turbine à hydraulique,62,0.0
2020,Nunavut,Solaire,62,0.0
2020,Nunavut,Production totale d’électricité provenant de la biomasse,62,0.0
2020,Nunavut,"Total, sources renouvelables et non émettrices de gaz à effet de serre",62,0.0
2020,Nunavut,Turbine éolienne,62,0.0
2020,Ontario,Turbine à hydraulique,35,25.1896666666667
2020,Ontario,Turbine à vapeur-nucléaire,35,56.5970833333333
2020,Ontario,Solaire,35,1.64491666666667
2020,Ontario,Production totale d’électricité provenant de la biomasse,35,0.786416666666667
2020,Ontario,"Total, sources renouvelables et non émettrices de gaz à effet de serre",35,92.4654166666667
2020,Ontario,Turbine éolienne,35,8.24708333333333
2020,Île-du-Prince-Édouard,Turbine à hydraulique,11,0.0
2020,Île-du-Prince-Édouard,Solaire,11,0.10425
2020,Île-du-Prince-Édouard,Turbine marémotrice,11,0.0
2020,Île-du-Prince-Édouard,Production totale d’électricité provenant de la biomasse,11,0.6735
2020,Île-du-Prince-Édouard,"Total, sources renouvelables et non émettrices de gaz à effet de serre",11,99.79675
2020,Île-du-Prince-Édouard,Turbine éolienne,11,99.0188333333333
2020,Québec,Turbine à hydraulique,24,93.6759166666667
2020,Québec,Turbine à vapeur-nucléaire,24,
2020,Québec,Solaire,24,0.0006666666666666
2020,Québec,Production totale d’électricité provenant de la biomasse,24,0.58025
2020,Québec,"Total, sources renouvelables et non émettrices de gaz à effet de serre",24,
2020,Québec,Turbine éolienne,24,5.33108333333333
2020,Saskatchewan,Turbine à hydraulique,47,18.2745
2020,Saskatchewan,Solaire,47,0.0
2020,Saskatchewan,Production totale d’électricité provenant de la biomasse,47,0.0505
2020,Saskatchewan,"Total, sources renouvelables et non émettrices de gaz à effet de serre",47,21.6505833333333
2020,Saskatchewan,Turbine éolienne,47,3.32566666666667
2020,Yukon,Turbine à hydraulique,60,84.0875833333333
2020,Yukon,Solaire,60,0.0
2020,Yukon,Production totale d’électricité provenant de la biomasse,60,0.0
2020,Yukon,"Total, sources renouvelables et non émettrices de gaz à effet de serre",60,84.0875833333333
2020,Yukon,Turbine éolienne,60,0.0
2021,Alberta,Turbine à hydraulique,48,2.87383333333333
2021,Alberta,Solaire,48,0.342583333333333
2021,Alberta,Production totale d’électricité provenant de la biomasse,48,2.51841666666667
2021,Alberta,"Total, sources renouvelables et non émettrices de gaz à effet de serre",48,14.7560833333333
2021,Alberta,Turbine éolienne,48,9.021
2021,Colombie-Britannique,Turbine à hydraulique,59,88.48775
2021,Colombie-Britannique,Solaire,59,0.00625
2021,Colombie-Britannique,Turbine marémotrice,59,0.0
2021,Colombie-Britannique,Production totale d’électricité provenant de la biomasse,59,5.7465
2021,Colombie-Britannique,"Total, sources renouvelables et non émettrices de gaz à effet de serre",59,96.98025
2021,Colombie-Britannique,Turbine éolienne,59,2.7395
2021,Canada,Turbine à hydraulique,,59.8419166666667
2021,Canada,Turbine à vapeur-nucléaire,,14.0814166666667
2021,Canada,Solaire,,0.45275
2021,Canada,Turbine marémotrice,,0.0
2021,Canada,Production totale d’électricité provenant de la biomasse,,1.51925
2021,Canada,Turbine éolienne,,5.75383333333333
2021,Manitoba,Turbine à hydraulique,46,96.1283333333333
2021,Manitoba,Solaire,46,0.0071666666666666
2021,Manitoba,Production totale d’électricité provenant de la biomasse,46,0.283166666666667
2021,Manitoba,"Total, sources renouvelables et non émettrices de gaz à effet de serre",46,99.90375
2021,Manitoba,Turbine éolienne,46,3.48541666666667
2021,Nouveau-Brunswick,Turbine à hydraulique,13,20.872
2021,Nouveau-Brunswick,Turbine à vapeur-nucléaire,13,36.25525
2021,Nouveau-Brunswick,Solaire,13,0.0
2021,Nouveau-Brunswick,Turbine marémotrice,13,0.0
2021,Nouveau-Brunswick,Production totale d’électricité provenant de la biomasse,13,4.88066666666667
2021,Nouveau-Brunswick,"Total, sources renouvelables et non émettrices de gaz à effet de serre",13,67.7191666666667
2021,Nouveau-Brunswick,Turbine éolienne,13,5.71125
2021,Terre-Neuve-et-Labrador,Turbine à hydraulique,10,96.5419166666667
2021,Terre-Neuve-et-Labrador,Solaire,10,0.0
2021,Terre-Neuve-et-Labrador,Turbine marémotrice,10,0.0
2021,Terre-Neuve-et-Labrador,Production totale d’électricité provenant de la biomasse,10,0.0839166666666667
2021,Terre-Neuve-et-Labrador,"Total, sources renouvelables et non émettrices de gaz à effet de serre",10,97.0115833333333
2021,Terre-Neuve-et-Labrador,Turbine éolienne,10,0.385583333333333
2021,Territoires du Nord-Ouest,Turbine à hydraulique,61,37.9534166666667
2021,Territoires du Nord-Ouest,Solaire,61,0.0325833333333333
2021,Territoires du Nord-Ouest,Production totale d’électricité provenant de la biomasse,61,0.0
2021,Territoires du Nord-Ouest,"Total, sources renouvelables et non émettrices de gaz à effet de serre",61,40.5001666666667
2021,Territoires du Nord-Ouest,Turbine éolienne,61,2.51408333333333
2021,Nouvelle-Écosse,Turbine à hydraulique,12,8.5075
2021,Nouvelle-Écosse,Solaire,12,0.0
2021,Nouvelle-Écosse,Turbine marémotrice,12,0.0
2021,Nouvelle-Écosse,Production totale d’électricité provenant de la biomasse,12,3.788
2021,Nouvelle-Écosse,"Total, sources renouvelables et non émettrices de gaz à effet de serre",12,24.6906666666667
2021,Nouvelle-Écosse,Turbine éolienne,12,12.3955
2021,Nunavut,Turbine à hydraulique,62,0.0
2021,Nunavut,Solaire,62,0.0
2021,Nunavut,Production totale d’électricité provenant de la biomasse,62,0.0
2021,Nunavut,"Total, sources renouvelables et non émettrices de gaz à effet de serre",62,0.0
2021,Nunavut,Turbine éolienne,62,0.0
2021,Ontario,Turbine à hydraulique,35,23.8316666666667
2021,Ontario,Turbine à vapeur-nucléaire,35,55.68375
2021,Ontario,Solaire,35,1.67733333333333
2021,Ontario,Production totale d’électricité provenant de la biomasse,35,0.848833333333333
2021,Ontario,"Total, sources renouvelables et non émettrices de gaz à effet de serre",35,90.5604166666667
2021,Ontario,Turbine éolienne,35,8.5185
2021,Île-du-Prince-Édouard,Turbine à hydraulique,11,0.0
2021,Île-du-Prince-Édouard,Solaire,11,0.105666666666667
2021,Île-du-Prince-Édouard,Turbine marémotrice,11,0.0
2021,Île-du-Prince-Édouard,Production totale d’électricité provenant de la biomasse,11,0.616
2021,Île-du-Prince-Édouard,"Total, sources renouvelables et non émettrices de gaz à effet de serre",11,99.5296666666667
2021,Île-du-Prince-Édouard,Turbine éolienne,11,98.8080833333333
2021,Québec,Turbine à hydraulique,24,94.10125
2021,Québec,Turbine à vapeur-nucléaire,24,
2021,Québec,Solaire,24,0.002
2021,Québec,Production totale d’électricité provenant de la biomasse,24,0.570333333333333
2021,Québec,"Total, sources renouvelables et non émettrices de gaz à effet de serre",24,
2021,Québec,Turbine éolienne,24,4.91008333333333
2021,Saskatchewan,Turbine à hydraulique,47,11.9995833333333
2021,Saskatchewan,Solaire,47,0.01725
2021,Saskatchewan,Production totale d’électricité provenant de la biomasse,47,0.0470833333333333
2021,Saskatchewan,"Total, sources renouvelables et non émettrices de gaz à effet de serre",47,15.5405
2021,Saskatchewan,Turbine éolienne,47,3.47633333333333
2021,Yukon,Turbine à hydraulique,60,89.8835833333333
2021,Yukon,Solaire,60,0.0203333333333333
2021,Yukon,Production totale d’électricité provenant de la biomasse,60,0.0
2021,Yukon,"Total, sources renouvelables et non émettrices de gaz à effet de serre",60,89.9039166666667
2021,Yukon,Turbine éolienne,60,0.0
2022,Alberta,Turbine à hydraulique,48,3.03841666666667
2022,Alberta,Solaire,48,1.12641666666667
2022,Alberta,Production totale d’électricité provenant de la biomasse,48,2.43725
2022,Alberta,"Total, sources renouvelables et non émettrices de gaz à effet de serre",48,16.261
2022,Alberta,Turbine éolienne,48,9.65875
2022,Colombie-Britannique,Turbine à hydraulique,59,90.8576666666667
2022,Colombie-Britannique,Solaire,59,0.0079166666666666
2022,Colombie-Britannique,Turbine marémotrice,59,0.0
2022,Colombie-Britannique,Production totale d’électricité provenant de la biomasse,59,4.61908333333333
2022,Colombie-Britannique,"Total, sources renouvelables et non émettrices de gaz à effet de serre",59,97.5804166666667
2022,Colombie-Britannique,Turbine éolienne,59,2.09541666666667
2022,Canada,Turbine à hydraulique,,61.23825
2022,Canada,Turbine à vapeur-nucléaire,,12.921
2022,Canada,Solaire,,0.518583333333333
2022,Canada,Turbine marémotrice,,0.0
2022,Canada,Production totale d’électricité provenant de la biomasse,,1.28075
2022,Canada,Turbine éolienne,,6.09633333333333
2022,Manitoba,Turbine à hydraulique,46,96.9493333333333
2022,Manitoba,Solaire,46,0.0005
2022,Manitoba,Production totale d’électricité provenant de la biomasse,46,0.230416666666667
2022,Manitoba,"Total, sources renouvelables et non émettrices de gaz à effet de serre",46,99.9196666666667
2022,Manitoba,Turbine éolienne,46,2.7395
2022,Nouveau-Brunswick,Turbine à hydraulique,13,30.5780833333333
2022,Nouveau-Brunswick,Turbine à vapeur-nucléaire,13,26.5741666666667
2022,Nouveau-Brunswick,Solaire,13,0.0
2022,Nouveau-Brunswick,Turbine marémotrice,13,0.0
2022,Nouveau-Brunswick,Production totale d’électricité provenant de la biomasse,13,4.97508333333333
2022,Nouveau-Brunswick,"Total, sources renouvelables et non émettrices de gaz à effet de serre",13,66.8755833333333
2022,Nouveau-Brunswick,Turbine éolienne,13,4.74833333333333
2022,Terre-Neuve-et-Labrador,Turbine à hydraulique,10,96.8325833333333
2022,Terre-Neuve-et-Labrador,Solaire,10,0.0
2022,Terre-Neuve-et-Labrador,Turbine marémotrice,10,0.0
2022,Terre-Neuve-et-Labrador,Production totale d’électricité provenant de la biomasse,10,0.06825
2022,Terre-Neuve-et-Labrador,"Total, sources renouvelables et non émettrices de gaz à effet de serre",10,97.32325
2022,Terre-Neuve-et-Labrador,Turbine éolienne,10,0.422166666666667
2022,Territoires du Nord-Ouest,Turbine à hydraulique,61,33.84625
2022,Territoires du Nord-Ouest,Solaire,61,0.0363333333333333
2022,Territoires du Nord-Ouest,Production totale d’électricité provenant de la biomasse,61,0.0
2022,Territoires du Nord-Ouest,"Total, sources renouvelables et non émettrices de gaz à effet de serre",61,36.32
2022,Territoires du Nord-Ouest,Turbine éolienne,61,2.43741666666667
2022,Nouvelle-Écosse,Turbine à hydraulique,12,9.30458333333333
2022,Nouvelle-Écosse,Solaire,12,0.0
2022,Nouvelle-Écosse,Turbine marémotrice,12,0.0
2022,Nouvelle-Écosse,Production totale d’électricité provenant de la biomasse,12,1.863
2022,Nouvelle-Écosse,"Total, sources renouvelables et non émettrices de gaz à effet de serre",12,26.9090833333333
2022,Nouvelle-Écosse,Turbine éolienne,12,15.7415
2022,Nunavut,Turbine à hydraulique,62,0.0
2022,Nunavut,Solaire,62,0.0
2022,Nunavut,Production totale d’électricité provenant de la biomasse,62,0.0
2022,Nunavut,"Total, sources renouvelables et non émettrices de gaz à effet de serre",62,0.0
2022,Nunavut,Turbine éolienne,62,0.0
2022,Ontario,Turbine à hydraulique,35,25.9284166666667
2022,Ontario,Turbine à vapeur-nucléaire,35,51.29375
2022,Ontario,Solaire,35,1.51183333333333
2022,Ontario,Production totale d’électricité provenant de la biomasse,35,0.695166666666667
2022,Ontario,"Total, sources renouvelables et non émettrices de gaz à effet de serre",35,88.804
2022,Ontario,Turbine éolienne,35,9.37475
2022,Île-du-Prince-Édouard,Turbine à hydraulique,11,0.0
2022,Île-du-Prince-Édouard,Solaire,11,0.135833333333333
2022,Île-du-Prince-Édouard,Turbine marémotrice,11,0.0
2022,Île-du-Prince-Édouard,Production totale d’électricité provenant de la biomasse,11,0.75675
2022,Île-du-Prince-Édouard,"Total, sources renouvelables et non émettrices de gaz à effet de serre",11,99.5554166666667
2022,Île-du-Prince-Édouard,Turbine éolienne,11,98.6629166666667
2022,Québec,Turbine à hydraulique,24,93.9564166666667
2022,Québec,Turbine à vapeur-nucléaire,24,
2022,Québec,Solaire,24,0.00725
2022,Québec,Production totale d’électricité provenant de la biomasse,24,0.59525
2022,Québec,"Total, sources renouvelables et non émettrices de gaz à effet de serre",24,
2022,Québec,Turbine éolienne,24,5.07075
2022,Saskatchewan,Turbine à hydraulique,47,13.66775
2022,Saskatchewan,Solaire,47,0.126166666666667
2022,Saskatchewan,Production totale d’électricité provenant de la biomasse,47,0.117083333333333
2022,Saskatchewan,"Total, sources renouvelables et non émettrices de gaz à effet de serre",47,20.4545833333333
2022,Saskatchewan,Turbine éolienne,47,6.54341666666667
2022,Yukon,Turbine à hydraulique,60,89.6308333333333
2022,Yukon,Solaire,60,0.156666666666667
2022,Yukon,Production totale d’électricité provenant de la biomasse,60,0.0
2022,Yukon,"Total, sources renouvelables et non émettrices de gaz à effet de serre",60,89.7873333333333
2022,Yukon,Turbine éolienne,60,0.0
2023,Alberta,Turbine à hydraulique,48,2.58666666666667
2023,Alberta,Solaire,48,3.05625
2023,Alberta,Production totale d’électricité provenant de la biomasse,48,2.4725
2023,Alberta,"Total, sources renouvelables et non émettrices de gaz à effet de serre",48,21.4050833333333
2023,Alberta,Turbine éolienne,48,13.2898333333333
2023,Colombie-Britannique,Turbine à hydraulique,59,87.54225
2023,Colombie-Britannique,Solaire,59,0.0066666666666666
2023,Colombie-Britannique,Turbine marémotrice,59,0.0
2023,Colombie-Britannique,Production totale d’électricité provenant de la biomasse,59,6.83258333333333
2023,Colombie-Britannique,"Total, sources renouvelables et non émettrices de gaz à effet de serre",59,97.4055
2023,Colombie-Britannique,Turbine éolienne,59,3.02408333333333
2023,Canada,Turbine à hydraulique,,58.1390833333333
2023,Canada,Turbine à vapeur-nucléaire,,13.8736666666667
2023,Canada,Solaire,,0.78975
2023,Canada,Turbine marémotrice,,0.0
2023,Canada,Production totale d’électricité provenant de la biomasse,,1.51483333333333
2023,Canada,Turbine éolienne,,6.41141666666667
2023,Manitoba,Turbine à hydraulique,46,97.0039166666667
2023,Manitoba,Solaire,46,0.00425
2023,Manitoba,Production totale d’électricité provenant de la biomasse,46,0.29675
2023,Manitoba,"Total, sources renouvelables et non émettrices de gaz à effet de serre",46,99.91125
2023,Manitoba,Turbine éolienne,46,2.60616666666667
2023,Nouveau-Brunswick,Turbine à hydraulique,13,24.2236666666667
2023,Nouveau-Brunswick,Turbine à vapeur-nucléaire,13,29.5399166666667
2023,Nouveau-Brunswick,Solaire,13,0.0046666666666666
2023,Nouveau-Brunswick,Turbine marémotrice,13,0.0
2023,Nouveau-Brunswick,Production totale d’électricité provenant de la biomasse,13,3.27583333333333
2023,Nouveau-Brunswick,"Total, sources renouvelables et non émettrices de gaz à effet de serre",13,61.0328333333333
2023,Nouveau-Brunswick,Turbine éolienne,13,3.98833333333333
2023,Terre-Neuve-et-Labrador,Turbine à hydraulique,10,97.5994166666667
2023,Terre-Neuve-et-Labrador,Solaire,10,0.0
2023,Terre-Neuve-et-Labrador,Turbine marémotrice,10,0.0
2023,Terre-Neuve-et-Labrador,Production totale d’électricité provenant de la biomasse,10,0.0468333333333333
2023,Terre-Neuve-et-Labrador,"Total, sources renouvelables et non émettrices de gaz à effet de serre",10,98.0223333333333
2023,Terre-Neuve-et-Labrador,Turbine éolienne,10,0.376166666666667
2023,Territoires du Nord-Ouest,Turbine à hydraulique,61,25.4205
2023,Territoires du Nord-Ouest,Solaire,61,0.0363333333333333
2023,Territoires du Nord-Ouest,Production totale d’électricité provenant de la biomasse,61,0.0
2023,Territoires du Nord-Ouest,"Total, sources renouvelables et non émettrices de gaz à effet de serre",61,27.9975833333333
2023,Territoires du Nord-Ouest,Turbine éolienne,61,2.54083333333333
2023,Nouvelle-Écosse,Turbine à hydraulique,12,11.3456666666667
2023,Nouvelle-Écosse,Solaire,12,0.03575
2023,Nouvelle-Écosse,Turbine marémotrice,12,0.0
2023,Nouvelle-Écosse,Production totale d’électricité provenant de la biomasse,12,3.87525
2023,Nouvelle-Écosse,"Total, sources renouvelables et non émettrices de gaz à effet de serre",12,31.3678333333333
2023,Nouvelle-Écosse,Turbine éolienne,12,16.1114166666667
2023,Nunavut,Turbine à hydraulique,62,0.0
2023,Nunavut,Solaire,62,0.0506666666666667
2023,Nunavut,Production totale d’électricité provenant de la biomasse,62,0.0
2023,Nunavut,"Total, sources renouvelables et non émettrices de gaz à effet de serre",62,0.0506666666666667
2023,Nunavut,Turbine éolienne,62,0.0
2023,Ontario,Turbine à hydraulique,35,24.9075
2023,Ontario,Turbine à vapeur-nucléaire,35,51.1328333333333
2023,Ontario,Solaire,35,1.49425
2023,Ontario,Production totale d’électricité provenant de la biomasse,35,0.852583333333333
2023,Ontario,"Total, sources renouvelables et non émettrices de gaz à effet de serre",35,86.4849166666667
2023,Ontario,Turbine éolienne,35,8.09808333333333
2023,Île-du-Prince-Édouard,Turbine à hydraulique,11,0.0
2023,Île-du-Prince-Édouard,Solaire,11,0.132416666666667
2023,Île-du-Prince-Édouard,Turbine marémotrice,11,0.0
2023,Île-du-Prince-Édouard,Production totale d’électricité provenant de la biomasse,11,0.818
2023,Île-du-Prince-Édouard,"Total, sources renouvelables et non émettrices de gaz à effet de serre",11,99.6584166666667
2023,Île-du-Prince-Édouard,Turbine éolienne,11,98.7079166666667
2023,Québec,Turbine à hydraulique,24,94.019
2023,Québec,Turbine à vapeur-nucléaire,24,
2023,Québec,Solaire,24,0.007
2023,Québec,Production totale d’électricité provenant de la biomasse,24,0.66925
2023,Québec,"Total, sources renouvelables et non émettrices de gaz à effet de serre",24,
2023,Québec,Turbine éolienne,24,4.95666666666667
2023,Saskatchewan,Turbine à hydraulique,47,10.9474166666667
2023,Saskatchewan,Solaire,47,0.199916666666667
2023,Saskatchewan,Production totale d’électricité provenant de la biomasse,47,0.212833333333333
2023,Saskatchewan,"Total, sources renouvelables et non émettrices de gaz à effet de serre",47,19.3415
2023,Saskatchewan,Turbine éolienne,47,7.98133333333333
2023,Yukon,Turbine à hydraulique,60,87.6964166666667
2023,Yukon,Solaire,60,0.149583333333333
2023,Yukon,Production totale d’électricité provenant de la biomasse,60,0.0
2023,Yukon,"Total, sources renouvelables et non émettrices de gaz à effet de serre",60,87.9281666666667
2023,Yukon,Turbine éolienne,60,0.0824166666666667
2024,Alberta,Turbine à hydraulique,48,2.2984
2024,Alberta,Solaire,48,4.0865
2024,Alberta,Production totale d’électricité provenant de la biomasse,48,1.7376
2024,Alberta,"Total, sources renouvelables et non émettrices de gaz à effet de serre",48,23.8845
2024,Alberta,Turbine éolienne,48,15.7621
2024,Colombie-Britannique,Turbine à hydraulique,59,87.1404
2024,Colombie-Britannique,Solaire,59,0.0071
2024,Colombie-Britannique,Turbine marémotrice,59,0.0
2024,Colombie-Britannique,Production totale d’électricité provenant de la biomasse,59,6.902
2024,Colombie-Britannique,"Total, sources renouvelables et non émettrices de gaz à effet de serre",59,97.1732
2024,Colombie-Britannique,Turbine éolienne,59,3.1233
2024,Canada,Turbine à hydraulique,,55.8253
2024,Canada,Turbine à vapeur-nucléaire,,13.5053
2024,Canada,Solaire,,1.0159
2024,Canada,Turbine marémotrice,,0.0
2024,Canada,Production totale d’électricité provenant de la biomasse,,1.5069
2024,Canada,Turbine éolienne,,7.3972
2024,Manitoba,Turbine à hydraulique,46,96.531
2024,Manitoba,Solaire,46,0.0069
2024,Manitoba,Production totale d’électricité provenant de la biomasse,46,0.2863
2024,Manitoba,"Total, sources renouvelables et non émettrices de gaz à effet de serre",46,99.9084
2024,Manitoba,Turbine éolienne,46,3.0847
2024,Nouveau-Brunswick,Turbine à hydraulique,13,24.073
2024,Nouveau-Brunswick,Turbine à vapeur-nucléaire,13,11.8482
2024,Nouveau-Brunswick,Solaire,13,0.0285
2024,Nouveau-Brunswick,Turbine marémotrice,13,0.0
2024,Nouveau-Brunswick,Production totale d’électricité provenant de la biomasse,13,5.6929
2024,Nouveau-Brunswick,"Total, sources renouvelables et non émettrices de gaz à effet de serre",13,50.4587
2024,Nouveau-Brunswick,Turbine éolienne,13,8.8162
2024,Terre-Neuve-et-Labrador,Turbine à hydraulique,10,97.1231
2024,Terre-Neuve-et-Labrador,Solaire,10,0.0
2024,Terre-Neuve-et-Labrador,Turbine marémotrice,10,0.0
2024,Terre-Neuve-et-Labrador,Production totale d’électricité provenant de la biomasse,10,0.0033
2024,Terre-Neuve-et-Labrador,"Total, sources renouvelables et non émettrices de gaz à effet de serre",10,97.5607
2024,Terre-Neuve-et-Labrador,Turbine éolienne,10,0.4345
2024,Territoires du Nord-Ouest,Turbine à hydraulique,61,19.2661
2024,Territoires du Nord-Ouest,Solaire,61,0.6155
2024,Territoires du Nord-Ouest,Production totale d’électricité provenant de la biomasse,61,0.0
2024,Territoires du Nord-Ouest,"Total, sources renouvelables et non émettrices de gaz à effet de serre",61,22.6724
2024,Territoires du Nord-Ouest,Turbine éolienne,61,2.7908
2024,Nouvelle-Écosse,Turbine à hydraulique,12,8.9553
2024,Nouvelle-Écosse,Solaire,12,0.0371
2024,Nouvelle-Écosse,Turbine marémotrice,12,0.0
2024,Nouvelle-Écosse,Production totale d’électricité provenant de la biomasse,12,4.0168
2024,Nouvelle-Écosse,"Total, sources renouvelables et non émettrices de gaz à effet de serre",12,30.5191
2024,Nouvelle-Écosse,Turbine éolienne,12,17.5103
2024,Nunavut,Turbine à hydraulique,62,0.0
2024,Nunavut,Solaire,62,0.0553
2024,Nunavut,Production totale d’électricité provenant de la biomasse,62,0.0
2024,Nunavut,"Total, sources renouvelables et non émettrices de gaz à effet de serre",62,0.0553
2024,Nunavut,Turbine éolienne,62,0.0
2024,Ontario,Turbine à hydraulique,35,24.1316
2024,Ontario,Turbine à vapeur-nucléaire,35,48.3324
2024,Ontario,Solaire,35,1.6105
2024,Ontario,Production totale d’électricité provenant de la biomasse,35,0.6981
2024,Ontario,"Total, sources renouvelables et non émettrices de gaz à effet de serre",35,82.8956
2024,Ontario,Turbine éolienne,35,8.123
2024,Île-du-Prince-Édouard,Turbine à hydraulique,11,0.0
2024,Île-du-Prince-Édouard,Solaire,11,8.0932
2024,Île-du-Prince-Édouard,Turbine marémotrice,11,0.0
2024,Île-du-Prince-Édouard,Production totale d’électricité provenant de la biomasse,11,0.6965
2024,Île-du-Prince-Édouard,"Total, sources renouvelables et non émettrices de gaz à effet de serre",11,99.748
2024,Île-du-Prince-Édouard,Turbine éolienne,11,90.9581
2024,Québec,Turbine à hydraulique,24,92.689
2024,Québec,Turbine à vapeur-nucléaire,24,
2024,Québec,Solaire,24,0.0096
2024,Québec,Production totale d’électricité provenant de la biomasse,24,0.8609
2024,Québec,"Total, sources renouvelables et non émettrices de gaz à effet de serre",24,
2024,Québec,Turbine éolienne,24,5.9971
2024,Saskatchewan,Turbine à hydraulique,47,9.676
2024,Saskatchewan,Solaire,47,0.2598
2024,Saskatchewan,Production totale d’électricité provenant de la biomasse,47,0.2595
2024,Saskatchewan,"Total, sources renouvelables et non émettrices de gaz à effet de serre",47,18.3155
2024,Saskatchewan,Turbine éolienne,47,8.1199
2024,Yukon,Turbine à hydraulique,60,81.8457
2024,Yukon,Solaire,60,0.196
2024,Yukon,Production totale d’électricité provenant de la biomasse,60,0.0
2024,Yukon,"Total, sources renouvelables et non émettrices de gaz à effet de serre",60,83.1428
2024,Yukon,Turbine éolienne,60,1.1012
