Year,Géographie,Industry,Value
2007,,,156871.0
2008,,,160251.0
2009,,,160259.0
2010,,,157792.0
2011,,,162370.0
2012,,,165213.0
2013,,,171213.0
2014,,,179819.0
2015,,,203182.0
2016,,,195219.0
2017,,,206711.0
2018,,,206377.0
2019,,,216676.0
2007,Canada,data.Engineering construction ,45040.0
2008,Canada,data.Engineering construction ,48963.0
2009,Canada,data.Engineering construction ,55579.0
2010,Canada,data.Engineering construction ,60586.0
2011,Canada,data.Engineering construction ,62349.0
2012,Canada,data.Engineering construction ,65080.0
2013,Canada,data.Engineering construction ,69227.0
2014,Canada,data.Engineering construction ,71736.0
2015,Canada,data.Engineering construction ,80228.0
2016,Canada,data.Engineering construction ,72333.0
2017,Canada,data.Engineering construction ,71717.0
2018,Canada,data.Engineering construction ,62796.0
2019,Canada,data.Engineering construction ,64437.0
2007,Canada,data.Manufacturing ,38120.0
2008,Canada,data.Manufacturing ,35552.0
2009,Canada,data.Manufacturing ,30706.0
2010,Canada,data.Manufacturing ,26993.0
2011,Canada,data.Manufacturing ,26355.0
2012,Canada,data.Manufacturing ,26747.0
2013,Canada,data.Manufacturing ,27930.0
2014,Canada,data.Manufacturing ,26949.0
2015,Canada,data.Manufacturing ,34311.0
2016,Canada,data.Manufacturing ,29807.0
2017,Canada,data.Manufacturing ,35535.0
2018,Canada,data.Manufacturing ,38772.0
2019,Canada,data.Manufacturing ,40252.0
2007,Canada,"data.Professional, scientific and technical services ",25963.0
2008,Canada,"data.Professional, scientific and technical services ",27739.0
2009,Canada,"data.Professional, scientific and technical services ",25706.0
2010,Canada,"data.Professional, scientific and technical services ",24194.0
2011,Canada,"data.Professional, scientific and technical services ",26853.0
2012,Canada,"data.Professional, scientific and technical services ",27423.0
2013,Canada,"data.Professional, scientific and technical services ",26265.0
2014,Canada,"data.Professional, scientific and technical services ",30096.0
2015,Canada,"data.Professional, scientific and technical services ",35526.0
2016,Canada,"data.Professional, scientific and technical services ",38943.0
2017,Canada,"data.Professional, scientific and technical services ",42593.0
2018,Canada,"data.Professional, scientific and technical services ",46319.0
2019,Canada,"data.Professional, scientific and technical services ",52128.0
2007,Canada,Other industries,47748.0
2008,Canada,Other industries,47997.0
2009,Canada,Other industries,48268.0
2010,Canada,Other industries,46019.0
2011,Canada,Other industries,46813.0
2012,Canada,Other industries,45963.0
2013,Canada,Other industries,47791.0
2014,Canada,Other industries,51038.0
2015,Canada,Other industries,53117.0
2016,Canada,Other industries,54136.0
2017,Canada,Other industries,56866.0
2018,Canada,Other industries,58490.0
2019,Canada,Other industries,59859.0
2007,Terre-Neuve-et-Labrador,"data.Total, all clean technology industries",
2008,Terre-Neuve-et-Labrador,"data.Total, all clean technology industries",
2009,Terre-Neuve-et-Labrador,"data.Total, all clean technology industries",
2010,Terre-Neuve-et-Labrador,"data.Total, all clean technology industries",
2011,Terre-Neuve-et-Labrador,"data.Total, all clean technology industries",
2012,Terre-Neuve-et-Labrador,"data.Total, all clean technology industries",3371.0
2013,Terre-Neuve-et-Labrador,"data.Total, all clean technology industries",5022.0
2014,Terre-Neuve-et-Labrador,"data.Total, all clean technology industries",7552.0
2015,Terre-Neuve-et-Labrador,"data.Total, all clean technology industries",10263.0
2016,Terre-Neuve-et-Labrador,"data.Total, all clean technology industries",9985.0
2017,Terre-Neuve-et-Labrador,"data.Total, all clean technology industries",9699.0
2018,Terre-Neuve-et-Labrador,"data.Total, all clean technology industries",8492.0
2019,Terre-Neuve-et-Labrador,"data.Total, all clean technology industries",9253.0
2007,Terre-Neuve-et-Labrador,data.Engineering construction ,
2008,Terre-Neuve-et-Labrador,data.Engineering construction ,
2009,Terre-Neuve-et-Labrador,data.Engineering construction ,
2010,Terre-Neuve-et-Labrador,data.Engineering construction ,
2011,Terre-Neuve-et-Labrador,data.Engineering construction ,
2012,Terre-Neuve-et-Labrador,data.Engineering construction ,2433.0
2013,Terre-Neuve-et-Labrador,data.Engineering construction ,4161.0
2014,Terre-Neuve-et-Labrador,data.Engineering construction ,6606.0
2015,Terre-Neuve-et-Labrador,data.Engineering construction ,9314.0
2016,Terre-Neuve-et-Labrador,data.Engineering construction ,9000.0
2017,Terre-Neuve-et-Labrador,data.Engineering construction ,8822.0
2018,Terre-Neuve-et-Labrador,data.Engineering construction ,7493.0
2019,Terre-Neuve-et-Labrador,data.Engineering construction ,8258.0
2007,Terre-Neuve-et-Labrador,data.Manufacturing ,
2008,Terre-Neuve-et-Labrador,data.Manufacturing ,
2009,Terre-Neuve-et-Labrador,data.Manufacturing ,
2010,Terre-Neuve-et-Labrador,data.Manufacturing ,
2011,Terre-Neuve-et-Labrador,data.Manufacturing ,
2012,Terre-Neuve-et-Labrador,data.Manufacturing ,50.0
2013,Terre-Neuve-et-Labrador,data.Manufacturing ,45.0
2014,Terre-Neuve-et-Labrador,data.Manufacturing ,51.0
2015,Terre-Neuve-et-Labrador,data.Manufacturing ,47.0
2016,Terre-Neuve-et-Labrador,data.Manufacturing ,39.0
2017,Terre-Neuve-et-Labrador,data.Manufacturing ,62.0
2018,Terre-Neuve-et-Labrador,data.Manufacturing ,108.0
2019,Terre-Neuve-et-Labrador,data.Manufacturing ,100.0
2007,Terre-Neuve-et-Labrador,"data.Professional, scientific and technical services ",
2008,Terre-Neuve-et-Labrador,"data.Professional, scientific and technical services ",
2009,Terre-Neuve-et-Labrador,"data.Professional, scientific and technical services ",
2010,Terre-Neuve-et-Labrador,"data.Professional, scientific and technical services ",
2011,Terre-Neuve-et-Labrador,"data.Professional, scientific and technical services ",
2012,Terre-Neuve-et-Labrador,"data.Professional, scientific and technical services ",174.0
2013,Terre-Neuve-et-Labrador,"data.Professional, scientific and technical services ",180.0
2014,Terre-Neuve-et-Labrador,"data.Professional, scientific and technical services ",213.0
2015,Terre-Neuve-et-Labrador,"data.Professional, scientific and technical services ",227.0
2016,Terre-Neuve-et-Labrador,"data.Professional, scientific and technical services ",286.0
2017,Terre-Neuve-et-Labrador,"data.Professional, scientific and technical services ",192.0
2018,Terre-Neuve-et-Labrador,"data.Professional, scientific and technical services ",206.0
2019,Terre-Neuve-et-Labrador,"data.Professional, scientific and technical services ",220.0
2007,Terre-Neuve-et-Labrador,Other industries,
2008,Terre-Neuve-et-Labrador,Other industries,
2009,Terre-Neuve-et-Labrador,Other industries,
2010,Terre-Neuve-et-Labrador,Other industries,
2011,Terre-Neuve-et-Labrador,Other industries,
2012,Terre-Neuve-et-Labrador,Other industries,714.0
2013,Terre-Neuve-et-Labrador,Other industries,636.0
2014,Terre-Neuve-et-Labrador,Other industries,682.0
2015,Terre-Neuve-et-Labrador,Other industries,675.0
2016,Terre-Neuve-et-Labrador,Other industries,660.0
2017,Terre-Neuve-et-Labrador,Other industries,623.0
2018,Terre-Neuve-et-Labrador,Other industries,685.0
2019,Terre-Neuve-et-Labrador,Other industries,675.0
2007,Île-du-Prince-Édouard,"data.Total, all clean technology industries",
2008,Île-du-Prince-Édouard,"data.Total, all clean technology industries",
2009,Île-du-Prince-Édouard,"data.Total, all clean technology industries",
2010,Île-du-Prince-Édouard,"data.Total, all clean technology industries",
2011,Île-du-Prince-Édouard,"data.Total, all clean technology industries",
2012,Île-du-Prince-Édouard,"data.Total, all clean technology industries",337.0
2013,Île-du-Prince-Édouard,"data.Total, all clean technology industries",1126.0
2014,Île-du-Prince-Édouard,"data.Total, all clean technology industries",504.0
2015,Île-du-Prince-Édouard,"data.Total, all clean technology industries",597.0
2016,Île-du-Prince-Édouard,"data.Total, all clean technology industries",861.0
2017,Île-du-Prince-Édouard,"data.Total, all clean technology industries",792.0
2018,Île-du-Prince-Édouard,"data.Total, all clean technology industries",733.0
2019,Île-du-Prince-Édouard,"data.Total, all clean technology industries",731.0
2007,Île-du-Prince-Édouard,data.Engineering construction ,
2008,Île-du-Prince-Édouard,data.Engineering construction ,
2009,Île-du-Prince-Édouard,data.Engineering construction ,
2010,Île-du-Prince-Édouard,data.Engineering construction ,
2011,Île-du-Prince-Édouard,data.Engineering construction ,
2012,Île-du-Prince-Édouard,data.Engineering construction ,149.0
2013,Île-du-Prince-Édouard,data.Engineering construction ,840.0
2014,Île-du-Prince-Édouard,data.Engineering construction ,168.0
2015,Île-du-Prince-Édouard,data.Engineering construction ,196.0
2016,Île-du-Prince-Édouard,data.Engineering construction ,459.0
2017,Île-du-Prince-Édouard,data.Engineering construction ,413.0
2018,Île-du-Prince-Édouard,data.Engineering construction ,218.0
2019,Île-du-Prince-Édouard,data.Engineering construction ,193.0
2007,Île-du-Prince-Édouard,data.Manufacturing ,
2008,Île-du-Prince-Édouard,data.Manufacturing ,
2009,Île-du-Prince-Édouard,data.Manufacturing ,
2010,Île-du-Prince-Édouard,data.Manufacturing ,
2011,Île-du-Prince-Édouard,data.Manufacturing ,
2012,Île-du-Prince-Édouard,data.Manufacturing ,16.0
2013,Île-du-Prince-Édouard,data.Manufacturing ,16.0
2014,Île-du-Prince-Édouard,data.Manufacturing ,19.0
2015,Île-du-Prince-Édouard,data.Manufacturing ,28.0
2016,Île-du-Prince-Édouard,data.Manufacturing ,32.0
2017,Île-du-Prince-Édouard,data.Manufacturing ,39.0
2018,Île-du-Prince-Édouard,data.Manufacturing ,102.0
2019,Île-du-Prince-Édouard,data.Manufacturing ,100.0
2007,Île-du-Prince-Édouard,"data.Professional, scientific and technical services ",
2008,Île-du-Prince-Édouard,"data.Professional, scientific and technical services ",
2009,Île-du-Prince-Édouard,"data.Professional, scientific and technical services ",
2010,Île-du-Prince-Édouard,"data.Professional, scientific and technical services ",
2011,Île-du-Prince-Édouard,"data.Professional, scientific and technical services ",
2012,Île-du-Prince-Édouard,"data.Professional, scientific and technical services ",39.0
2013,Île-du-Prince-Édouard,"data.Professional, scientific and technical services ",29.0
2014,Île-du-Prince-Édouard,"data.Professional, scientific and technical services ",44.0
2015,Île-du-Prince-Édouard,"data.Professional, scientific and technical services ",50.0
2016,Île-du-Prince-Édouard,"data.Professional, scientific and technical services ",50.0
2017,Île-du-Prince-Édouard,"data.Professional, scientific and technical services ",45.0
2018,Île-du-Prince-Édouard,"data.Professional, scientific and technical services ",77.0
2019,Île-du-Prince-Édouard,"data.Professional, scientific and technical services ",87.0
2007,Île-du-Prince-Édouard,Other industries,
2008,Île-du-Prince-Édouard,Other industries,
2009,Île-du-Prince-Édouard,Other industries,
2010,Île-du-Prince-Édouard,Other industries,
2011,Île-du-Prince-Édouard,Other industries,
2012,Île-du-Prince-Édouard,Other industries,133.0
2013,Île-du-Prince-Édouard,Other industries,241.0
2014,Île-du-Prince-Édouard,Other industries,273.0
2015,Île-du-Prince-Édouard,Other industries,323.0
2016,Île-du-Prince-Édouard,Other industries,320.0
2017,Île-du-Prince-Édouard,Other industries,295.0
2018,Île-du-Prince-Édouard,Other industries,336.0
2019,Île-du-Prince-Édouard,Other industries,351.0
2007,Nouvelle-Écosse,"data.Total, all clean technology industries",
2008,Nouvelle-Écosse,"data.Total, all clean technology industries",
2009,Nouvelle-Écosse,"data.Total, all clean technology industries",
2010,Nouvelle-Écosse,"data.Total, all clean technology industries",
2011,Nouvelle-Écosse,"data.Total, all clean technology industries",
2012,Nouvelle-Écosse,"data.Total, all clean technology industries",2574.0
2013,Nouvelle-Écosse,"data.Total, all clean technology industries",2372.0
2014,Nouvelle-Écosse,"data.Total, all clean technology industries",3137.0
2015,Nouvelle-Écosse,"data.Total, all clean technology industries",3583.0
2016,Nouvelle-Écosse,"data.Total, all clean technology industries",3219.0
2017,Nouvelle-Écosse,"data.Total, all clean technology industries",3671.0
2018,Nouvelle-Écosse,"data.Total, all clean technology industries",3794.0
2019,Nouvelle-Écosse,"data.Total, all clean technology industries",3790.0
2007,Nouvelle-Écosse,data.Engineering construction ,
2008,Nouvelle-Écosse,data.Engineering construction ,
2009,Nouvelle-Écosse,data.Engineering construction ,
2010,Nouvelle-Écosse,data.Engineering construction ,
2011,Nouvelle-Écosse,data.Engineering construction ,
2012,Nouvelle-Écosse,data.Engineering construction ,529.0
2013,Nouvelle-Écosse,data.Engineering construction ,359.0
2014,Nouvelle-Écosse,data.Engineering construction ,996.0
2015,Nouvelle-Écosse,data.Engineering construction ,1406.0
2016,Nouvelle-Écosse,data.Engineering construction ,907.0
2017,Nouvelle-Écosse,data.Engineering construction ,1066.0
2018,Nouvelle-Écosse,data.Engineering construction ,947.0
2019,Nouvelle-Écosse,data.Engineering construction ,871.0
2007,Nouvelle-Écosse,data.Manufacturing ,
2008,Nouvelle-Écosse,data.Manufacturing ,
2009,Nouvelle-Écosse,data.Manufacturing ,
2010,Nouvelle-Écosse,data.Manufacturing ,
2011,Nouvelle-Écosse,data.Manufacturing ,
2012,Nouvelle-Écosse,data.Manufacturing ,404.0
2013,Nouvelle-Écosse,data.Manufacturing ,531.0
2014,Nouvelle-Écosse,data.Manufacturing ,526.0
2015,Nouvelle-Écosse,data.Manufacturing ,458.0
2016,Nouvelle-Écosse,data.Manufacturing ,585.0
2017,Nouvelle-Écosse,data.Manufacturing ,582.0
2018,Nouvelle-Écosse,data.Manufacturing ,504.0
2019,Nouvelle-Écosse,data.Manufacturing ,400.0
2007,Nouvelle-Écosse,"data.Professional, scientific and technical services ",
2008,Nouvelle-Écosse,"data.Professional, scientific and technical services ",
2009,Nouvelle-Écosse,"data.Professional, scientific and technical services ",
2010,Nouvelle-Écosse,"data.Professional, scientific and technical services ",
2011,Nouvelle-Écosse,"data.Professional, scientific and technical services ",
2012,Nouvelle-Écosse,"data.Professional, scientific and technical services ",393.0
2013,Nouvelle-Écosse,"data.Professional, scientific and technical services ",392.0
2014,Nouvelle-Écosse,"data.Professional, scientific and technical services ",454.0
2015,Nouvelle-Écosse,"data.Professional, scientific and technical services ",519.0
2016,Nouvelle-Écosse,"data.Professional, scientific and technical services ",527.0
2017,Nouvelle-Écosse,"data.Professional, scientific and technical services ",710.0
2018,Nouvelle-Écosse,"data.Professional, scientific and technical services ",949.0
2019,Nouvelle-Écosse,"data.Professional, scientific and technical services ",1120.0
2007,Nouvelle-Écosse,Other industries,
2008,Nouvelle-Écosse,Other industries,
2009,Nouvelle-Écosse,Other industries,
2010,Nouvelle-Écosse,Other industries,
2011,Nouvelle-Écosse,Other industries,
2012,Nouvelle-Écosse,Other industries,1248.0
2013,Nouvelle-Écosse,Other industries,1090.0
2014,Nouvelle-Écosse,Other industries,1161.0
2015,Nouvelle-Écosse,Other industries,1200.0
2016,Nouvelle-Écosse,Other industries,1200.0
2017,Nouvelle-Écosse,Other industries,1313.0
2018,Nouvelle-Écosse,Other industries,1394.0
2019,Nouvelle-Écosse,Other industries,1399.0
2007,Nouveau-Brunswick,"data.Total, all clean technology industries",
2008,Nouveau-Brunswick,"data.Total, all clean technology industries",
2009,Nouveau-Brunswick,"data.Total, all clean technology industries",
2010,Nouveau-Brunswick,"data.Total, all clean technology industries",
2011,Nouveau-Brunswick,"data.Total, all clean technology industries",
2012,Nouveau-Brunswick,"data.Total, all clean technology industries",3454.0
2013,Nouveau-Brunswick,"data.Total, all clean technology industries",3019.0
2014,Nouveau-Brunswick,"data.Total, all clean technology industries",3173.0
2015,Nouveau-Brunswick,"data.Total, all clean technology industries",3035.0
2016,Nouveau-Brunswick,"data.Total, all clean technology industries",3387.0
2017,Nouveau-Brunswick,"data.Total, all clean technology industries",3300.0
2018,Nouveau-Brunswick,"data.Total, all clean technology industries",3561.0
2019,Nouveau-Brunswick,"data.Total, all clean technology industries",3497.0
2007,Nouveau-Brunswick,data.Engineering construction ,
2008,Nouveau-Brunswick,data.Engineering construction ,
2009,Nouveau-Brunswick,data.Engineering construction ,
2010,Nouveau-Brunswick,data.Engineering construction ,
2011,Nouveau-Brunswick,data.Engineering construction ,
2012,Nouveau-Brunswick,data.Engineering construction ,1412.0
2013,Nouveau-Brunswick,data.Engineering construction ,797.0
2014,Nouveau-Brunswick,data.Engineering construction ,929.0
2015,Nouveau-Brunswick,data.Engineering construction ,617.0
2016,Nouveau-Brunswick,data.Engineering construction ,942.0
2017,Nouveau-Brunswick,data.Engineering construction ,1175.0
2018,Nouveau-Brunswick,data.Engineering construction ,1163.0
2019,Nouveau-Brunswick,data.Engineering construction ,1004.0
2007,Nouveau-Brunswick,data.Manufacturing ,
2008,Nouveau-Brunswick,data.Manufacturing ,
2009,Nouveau-Brunswick,data.Manufacturing ,
2010,Nouveau-Brunswick,data.Manufacturing ,
2011,Nouveau-Brunswick,data.Manufacturing ,
2012,Nouveau-Brunswick,data.Manufacturing ,968.0
2013,Nouveau-Brunswick,data.Manufacturing ,920.0
2014,Nouveau-Brunswick,data.Manufacturing ,924.0
2015,Nouveau-Brunswick,data.Manufacturing ,1072.0
2016,Nouveau-Brunswick,data.Manufacturing ,1040.0
2017,Nouveau-Brunswick,data.Manufacturing ,904.0
2018,Nouveau-Brunswick,data.Manufacturing ,792.0
2019,Nouveau-Brunswick,data.Manufacturing ,878.0
2007,Nouveau-Brunswick,"data.Professional, scientific and technical services ",
2008,Nouveau-Brunswick,"data.Professional, scientific and technical services ",
2009,Nouveau-Brunswick,"data.Professional, scientific and technical services ",
2010,Nouveau-Brunswick,"data.Professional, scientific and technical services ",
2011,Nouveau-Brunswick,"data.Professional, scientific and technical services ",
2012,Nouveau-Brunswick,"data.Professional, scientific and technical services ",310.0
2013,Nouveau-Brunswick,"data.Professional, scientific and technical services ",273.0
2014,Nouveau-Brunswick,"data.Professional, scientific and technical services ",334.0
2015,Nouveau-Brunswick,"data.Professional, scientific and technical services ",313.0
2016,Nouveau-Brunswick,"data.Professional, scientific and technical services ",374.0
2017,Nouveau-Brunswick,"data.Professional, scientific and technical services ",254.0
2018,Nouveau-Brunswick,"data.Professional, scientific and technical services ",522.0
2019,Nouveau-Brunswick,"data.Professional, scientific and technical services ",515.0
2007,Nouveau-Brunswick,Other industries,
2008,Nouveau-Brunswick,Other industries,
2009,Nouveau-Brunswick,Other industries,
2010,Nouveau-Brunswick,Other industries,
2011,Nouveau-Brunswick,Other industries,
2012,Nouveau-Brunswick,Other industries,764.0
2013,Nouveau-Brunswick,Other industries,1029.0
2014,Nouveau-Brunswick,Other industries,986.0
2015,Nouveau-Brunswick,Other industries,1033.0
2016,Nouveau-Brunswick,Other industries,1031.0
2017,Nouveau-Brunswick,Other industries,967.0
2018,Nouveau-Brunswick,Other industries,1084.0
2019,Nouveau-Brunswick,Other industries,1100.0
2007,Québec,"data.Total, all clean technology industries",
2008,Québec,"data.Total, all clean technology industries",
2009,Québec,"data.Total, all clean technology industries",
2010,Québec,"data.Total, all clean technology industries",
2011,Québec,"data.Total, all clean technology industries",
2012,Québec,"data.Total, all clean technology industries",46725.0
2013,Québec,"data.Total, all clean technology industries",45653.0
2014,Québec,"data.Total, all clean technology industries",42302.0
2015,Québec,"data.Total, all clean technology industries",48534.0
2016,Québec,"data.Total, all clean technology industries",44124.0
2017,Québec,"data.Total, all clean technology industries",43598.0
2018,Québec,"data.Total, all clean technology industries",48559.0
2019,Québec,"data.Total, all clean technology industries",50283.0
2007,Québec,data.Engineering construction ,
2008,Québec,data.Engineering construction ,
2009,Québec,data.Engineering construction ,
2010,Québec,data.Engineering construction ,
2011,Québec,data.Engineering construction ,
2012,Québec,data.Engineering construction ,24257.0
2013,Québec,data.Engineering construction ,23855.0
2014,Québec,data.Engineering construction ,19086.0
2015,Québec,data.Engineering construction ,21868.0
2016,Québec,data.Engineering construction ,17817.0
2017,Québec,data.Engineering construction ,15170.0
2018,Québec,data.Engineering construction ,13713.0
2019,Québec,data.Engineering construction ,13321.0
2007,Québec,data.Manufacturing ,
2008,Québec,data.Manufacturing ,
2009,Québec,data.Manufacturing ,
2010,Québec,data.Manufacturing ,
2011,Québec,data.Manufacturing ,
2012,Québec,data.Manufacturing ,7747.0
2013,Québec,data.Manufacturing ,7940.0
2014,Québec,data.Manufacturing ,8412.0
2015,Québec,data.Manufacturing ,9903.0
2016,Québec,data.Manufacturing ,9467.0
2017,Québec,data.Manufacturing ,9581.0
2018,Québec,data.Manufacturing ,13113.0
2019,Québec,data.Manufacturing ,13481.0
2007,Québec,"data.Professional, scientific and technical services ",
2008,Québec,"data.Professional, scientific and technical services ",
2009,Québec,"data.Professional, scientific and technical services ",
2010,Québec,"data.Professional, scientific and technical services ",
2011,Québec,"data.Professional, scientific and technical services ",
2012,Québec,"data.Professional, scientific and technical services ",6072.0
2013,Québec,"data.Professional, scientific and technical services ",5411.0
2014,Québec,"data.Professional, scientific and technical services ",5802.0
2015,Québec,"data.Professional, scientific and technical services ",6995.0
2016,Québec,"data.Professional, scientific and technical services ",7500.0
2017,Québec,"data.Professional, scientific and technical services ",9462.0
2018,Québec,"data.Professional, scientific and technical services ",11675.0
2019,Québec,"data.Professional, scientific and technical services ",13241.0
2007,Québec,Other industries,
2008,Québec,Other industries,
2009,Québec,Other industries,
2010,Québec,Other industries,
2011,Québec,Other industries,
2012,Québec,Other industries,8649.0
2013,Québec,Other industries,8447.0
2014,Québec,Other industries,9002.0
2015,Québec,Other industries,9768.0
2016,Québec,Other industries,9340.0
2017,Québec,Other industries,9385.0
2018,Québec,Other industries,10058.0
2019,Québec,Other industries,10240.0
2007,Ontario,"data.Total, all clean technology industries",
2008,Ontario,"data.Total, all clean technology industries",
2009,Ontario,"data.Total, all clean technology industries",
2010,Ontario,"data.Total, all clean technology industries",
2011,Ontario,"data.Total, all clean technology industries",
2012,Ontario,"data.Total, all clean technology industries",58155.0
2013,Ontario,"data.Total, all clean technology industries",61679.0
2014,Ontario,"data.Total, all clean technology industries",67377.0
2015,Ontario,"data.Total, all clean technology industries",78422.0
2016,Ontario,"data.Total, all clean technology industries",72674.0
2017,Ontario,"data.Total, all clean technology industries",75902.0
2018,Ontario,"data.Total, all clean technology industries",78141.0
2019,Ontario,"data.Total, all clean technology industries",83469.0
2007,Ontario,data.Engineering construction ,
2008,Ontario,data.Engineering construction ,
2009,Ontario,data.Engineering construction ,
2010,Ontario,data.Engineering construction ,
2011,Ontario,data.Engineering construction ,
2012,Ontario,data.Engineering construction ,15931.0
2013,Ontario,data.Engineering construction ,16967.0
2014,Ontario,data.Engineering construction ,21236.0
2015,Ontario,data.Engineering construction ,23813.0
2016,Ontario,data.Engineering construction ,18997.0
2017,Ontario,data.Engineering construction ,19059.0
2018,Ontario,data.Engineering construction ,16913.0
2019,Ontario,data.Engineering construction ,17765.0
2007,Ontario,data.Manufacturing ,
2008,Ontario,data.Manufacturing ,
2009,Ontario,data.Manufacturing ,
2010,Ontario,data.Manufacturing ,
2011,Ontario,data.Manufacturing ,
2012,Ontario,data.Manufacturing ,10322.0
2013,Ontario,data.Manufacturing ,11539.0
2014,Ontario,data.Manufacturing ,9896.0
2015,Ontario,data.Manufacturing ,14862.0
2016,Ontario,data.Manufacturing ,10887.0
2017,Ontario,data.Manufacturing ,14783.0
2018,Ontario,data.Manufacturing ,14684.0
2019,Ontario,data.Manufacturing ,15816.0
2007,Ontario,"data.Professional, scientific and technical services ",
2008,Ontario,"data.Professional, scientific and technical services ",
2009,Ontario,"data.Professional, scientific and technical services ",
2010,Ontario,"data.Professional, scientific and technical services ",
2011,Ontario,"data.Professional, scientific and technical services ",
2012,Ontario,"data.Professional, scientific and technical services ",11714.0
2013,Ontario,"data.Professional, scientific and technical services ",11072.0
2014,Ontario,"data.Professional, scientific and technical services ",13160.0
2015,Ontario,"data.Professional, scientific and technical services ",15907.0
2016,Ontario,"data.Professional, scientific and technical services ",17825.0
2017,Ontario,"data.Professional, scientific and technical services ",16581.0
2018,Ontario,"data.Professional, scientific and technical services ",19522.0
2019,Ontario,"data.Professional, scientific and technical services ",21666.0
2007,Ontario,Other industries,
2008,Ontario,Other industries,
2009,Ontario,Other industries,
2010,Ontario,Other industries,
2011,Ontario,Other industries,
2012,Ontario,Other industries,20188.0
2013,Ontario,Other industries,22101.0
2014,Ontario,Other industries,23085.0
2015,Ontario,Other industries,23840.0
2016,Ontario,Other industries,24965.0
2017,Ontario,Other industries,25479.0
2018,Ontario,Other industries,27022.0
2019,Ontario,Other industries,28222.0
2007,Manitoba,"data.Total, all clean technology industries",
2008,Manitoba,"data.Total, all clean technology industries",
2009,Manitoba,"data.Total, all clean technology industries",
2010,Manitoba,"data.Total, all clean technology industries",
2011,Manitoba,"data.Total, all clean technology industries",
2012,Manitoba,"data.Total, all clean technology industries",6851.0
2013,Manitoba,"data.Total, all clean technology industries",7865.0
2014,Manitoba,"data.Total, all clean technology industries",9635.0
2015,Manitoba,"data.Total, all clean technology industries",10995.0
2016,Manitoba,"data.Total, all clean technology industries",11791.0
2017,Manitoba,"data.Total, all clean technology industries",13683.0
2018,Manitoba,"data.Total, all clean technology industries",12217.0
2019,Manitoba,"data.Total, all clean technology industries",11656.0
2007,Manitoba,data.Engineering construction ,
2008,Manitoba,data.Engineering construction ,
2009,Manitoba,data.Engineering construction ,
2010,Manitoba,data.Engineering construction ,
2011,Manitoba,data.Engineering construction ,
2012,Manitoba,data.Engineering construction ,4268.0
2013,Manitoba,data.Engineering construction ,5001.0
2014,Manitoba,data.Engineering construction ,6545.0
2015,Manitoba,data.Engineering construction ,7891.0
2016,Manitoba,data.Engineering construction ,8419.0
2017,Manitoba,data.Engineering construction ,9692.0
2018,Manitoba,data.Engineering construction ,8130.0
2019,Manitoba,data.Engineering construction ,7462.0
2007,Manitoba,data.Manufacturing ,
2008,Manitoba,data.Manufacturing ,
2009,Manitoba,data.Manufacturing ,
2010,Manitoba,data.Manufacturing ,
2011,Manitoba,data.Manufacturing ,
2012,Manitoba,data.Manufacturing ,918.0
2013,Manitoba,data.Manufacturing ,1021.0
2014,Manitoba,data.Manufacturing ,980.0
2015,Manitoba,data.Manufacturing ,719.0
2016,Manitoba,data.Manufacturing ,891.0
2017,Manitoba,data.Manufacturing ,1166.0
2018,Manitoba,data.Manufacturing ,1139.0
2019,Manitoba,data.Manufacturing ,1195.0
2007,Manitoba,"data.Professional, scientific and technical services ",
2008,Manitoba,"data.Professional, scientific and technical services ",
2009,Manitoba,"data.Professional, scientific and technical services ",
2010,Manitoba,"data.Professional, scientific and technical services ",
2011,Manitoba,"data.Professional, scientific and technical services ",
2012,Manitoba,"data.Professional, scientific and technical services ",438.0
2013,Manitoba,"data.Professional, scientific and technical services ",412.0
2014,Manitoba,"data.Professional, scientific and technical services ",580.0
2015,Manitoba,"data.Professional, scientific and technical services ",709.0
2016,Manitoba,"data.Professional, scientific and technical services ",789.0
2017,Manitoba,"data.Professional, scientific and technical services ",1011.0
2018,Manitoba,"data.Professional, scientific and technical services ",1034.0
2019,Manitoba,"data.Professional, scientific and technical services ",1096.0
2007,Manitoba,Other industries,
2008,Manitoba,Other industries,
2009,Manitoba,Other industries,
2010,Manitoba,Other industries,
2011,Manitoba,Other industries,
2012,Manitoba,Other industries,1227.0
2013,Manitoba,Other industries,1431.0
2014,Manitoba,Other industries,1530.0
2015,Manitoba,Other industries,1676.0
2016,Manitoba,Other industries,1692.0
2017,Manitoba,Other industries,1814.0
2018,Manitoba,Other industries,1914.0
2019,Manitoba,Other industries,1903.0
2007,Saskatchewan,"data.Total, all clean technology industries",
2008,Saskatchewan,"data.Total, all clean technology industries",
2009,Saskatchewan,"data.Total, all clean technology industries",
2010,Saskatchewan,"data.Total, all clean technology industries",
2011,Saskatchewan,"data.Total, all clean technology industries",
2012,Saskatchewan,"data.Total, all clean technology industries",4310.0
2013,Saskatchewan,"data.Total, all clean technology industries",4369.0
2014,Saskatchewan,"data.Total, all clean technology industries",4580.0
2015,Saskatchewan,"data.Total, all clean technology industries",5318.0
2016,Saskatchewan,"data.Total, all clean technology industries",4374.0
2017,Saskatchewan,"data.Total, all clean technology industries",4968.0
2018,Saskatchewan,"data.Total, all clean technology industries",4254.0
2019,Saskatchewan,"data.Total, all clean technology industries",4530.0
2007,Saskatchewan,data.Engineering construction ,
2008,Saskatchewan,data.Engineering construction ,
2009,Saskatchewan,data.Engineering construction ,
2010,Saskatchewan,data.Engineering construction ,
2011,Saskatchewan,data.Engineering construction ,
2012,Saskatchewan,data.Engineering construction ,1823.0
2013,Saskatchewan,data.Engineering construction ,1938.0
2014,Saskatchewan,data.Engineering construction ,1942.0
2015,Saskatchewan,data.Engineering construction ,1897.0
2016,Saskatchewan,data.Engineering construction ,1337.0
2017,Saskatchewan,data.Engineering construction ,1182.0
2018,Saskatchewan,data.Engineering construction ,1013.0
2019,Saskatchewan,data.Engineering construction ,1264.0
2007,Saskatchewan,data.Manufacturing ,
2008,Saskatchewan,data.Manufacturing ,
2009,Saskatchewan,data.Manufacturing ,
2010,Saskatchewan,data.Manufacturing ,
2011,Saskatchewan,data.Manufacturing ,
2012,Saskatchewan,data.Manufacturing ,479.0
2013,Saskatchewan,data.Manufacturing ,390.0
2014,Saskatchewan,data.Manufacturing ,388.0
2015,Saskatchewan,data.Manufacturing ,956.0
2016,Saskatchewan,data.Manufacturing ,486.0
2017,Saskatchewan,data.Manufacturing ,353.0
2018,Saskatchewan,data.Manufacturing ,649.0
2019,Saskatchewan,data.Manufacturing ,559.0
2007,Saskatchewan,"data.Professional, scientific and technical services ",
2008,Saskatchewan,"data.Professional, scientific and technical services ",
2009,Saskatchewan,"data.Professional, scientific and technical services ",
2010,Saskatchewan,"data.Professional, scientific and technical services ",
2011,Saskatchewan,"data.Professional, scientific and technical services ",
2012,Saskatchewan,"data.Professional, scientific and technical services ",449.0
2013,Saskatchewan,"data.Professional, scientific and technical services ",508.0
2014,Saskatchewan,"data.Professional, scientific and technical services ",561.0
2015,Saskatchewan,"data.Professional, scientific and technical services ",582.0
2016,Saskatchewan,"data.Professional, scientific and technical services ",637.0
2017,Saskatchewan,"data.Professional, scientific and technical services ",1067.0
2018,Saskatchewan,"data.Professional, scientific and technical services ",653.0
2019,Saskatchewan,"data.Professional, scientific and technical services ",761.0
2007,Saskatchewan,Other industries,
2008,Saskatchewan,Other industries,
2009,Saskatchewan,Other industries,
2010,Saskatchewan,Other industries,
2011,Saskatchewan,Other industries,
2012,Saskatchewan,Other industries,1559.0
2013,Saskatchewan,Other industries,1533.0
2014,Saskatchewan,Other industries,1689.0
2015,Saskatchewan,Other industries,1883.0
2016,Saskatchewan,Other industries,1914.0
2017,Saskatchewan,Other industries,2366.0
2018,Saskatchewan,Other industries,1939.0
2019,Saskatchewan,Other industries,1946.0
2007,Alberta,"data.Total, all clean technology industries",
2008,Alberta,"data.Total, all clean technology industries",
2009,Alberta,"data.Total, all clean technology industries",
2010,Alberta,"data.Total, all clean technology industries",
2011,Alberta,"data.Total, all clean technology industries",
2012,Alberta,"data.Total, all clean technology industries",16822.0
2013,Alberta,"data.Total, all clean technology industries",18337.0
2014,Alberta,"data.Total, all clean technology industries",18913.0
2015,Alberta,"data.Total, all clean technology industries",18889.0
2016,Alberta,"data.Total, all clean technology industries",20086.0
2017,Alberta,"data.Total, all clean technology industries",23209.0
2018,Alberta,"data.Total, all clean technology industries",20632.0
2019,Alberta,"data.Total, all clean technology industries",21522.0
2007,Alberta,data.Engineering construction ,
2008,Alberta,data.Engineering construction ,
2009,Alberta,data.Engineering construction ,
2010,Alberta,data.Engineering construction ,
2011,Alberta,data.Engineering construction ,
2012,Alberta,data.Engineering construction ,5651.0
2013,Alberta,data.Engineering construction ,7092.0
2014,Alberta,data.Engineering construction ,6160.0
2015,Alberta,data.Engineering construction ,5384.0
2016,Alberta,data.Engineering construction ,6511.0
2017,Alberta,data.Engineering construction ,6514.0
2018,Alberta,data.Engineering construction ,6410.0
2019,Alberta,data.Engineering construction ,6879.0
2007,Alberta,data.Manufacturing ,
2008,Alberta,data.Manufacturing ,
2009,Alberta,data.Manufacturing ,
2010,Alberta,data.Manufacturing ,
2011,Alberta,data.Manufacturing ,
2012,Alberta,data.Manufacturing ,1507.0
2013,Alberta,data.Manufacturing ,1421.0
2014,Alberta,data.Manufacturing ,1574.0
2015,Alberta,data.Manufacturing ,1734.0
2016,Alberta,data.Manufacturing ,1666.0
2017,Alberta,data.Manufacturing ,2191.0
2018,Alberta,data.Manufacturing ,2483.0
2019,Alberta,data.Manufacturing ,2264.0
2007,Alberta,"data.Professional, scientific and technical services ",
2008,Alberta,"data.Professional, scientific and technical services ",
2009,Alberta,"data.Professional, scientific and technical services ",
2010,Alberta,"data.Professional, scientific and technical services ",
2011,Alberta,"data.Professional, scientific and technical services ",
2012,Alberta,"data.Professional, scientific and technical services ",4027.0
2013,Alberta,"data.Professional, scientific and technical services ",4211.0
2014,Alberta,"data.Professional, scientific and technical services ",4801.0
2015,Alberta,"data.Professional, scientific and technical services ",5504.0
2016,Alberta,"data.Professional, scientific and technical services ",5773.0
2017,Alberta,"data.Professional, scientific and technical services ",7182.0
2018,Alberta,"data.Professional, scientific and technical services ",5353.0
2019,Alberta,"data.Professional, scientific and technical services ",5978.0
2007,Alberta,Other industries,
2008,Alberta,Other industries,
2009,Alberta,Other industries,
2010,Alberta,Other industries,
2011,Alberta,Other industries,
2012,Alberta,Other industries,5637.0
2013,Alberta,Other industries,5613.0
2014,Alberta,Other industries,6378.0
2015,Alberta,Other industries,6267.0
2016,Alberta,Other industries,6136.0
2017,Alberta,Other industries,7322.0
2018,Alberta,Other industries,6386.0
2019,Alberta,Other industries,6401.0
2007,Colombie-Britannique,"data.Total, all clean technology industries",
2008,Colombie-Britannique,"data.Total, all clean technology industries",
2009,Colombie-Britannique,"data.Total, all clean technology industries",
2010,Colombie-Britannique,"data.Total, all clean technology industries",
2011,Colombie-Britannique,"data.Total, all clean technology industries",
2012,Colombie-Britannique,"data.Total, all clean technology industries",22237.0
2013,Colombie-Britannique,"data.Total, all clean technology industries",21432.0
2014,Colombie-Britannique,"data.Total, all clean technology industries",21938.0
2015,Colombie-Britannique,"data.Total, all clean technology industries",22532.0
2016,Colombie-Britannique,"data.Total, all clean technology industries",23853.0
2017,Colombie-Britannique,"data.Total, all clean technology industries",27434.0
2018,Colombie-Britannique,"data.Total, all clean technology industries",25529.0
2019,Colombie-Britannique,"data.Total, all clean technology industries",27480.0
2007,Colombie-Britannique,data.Engineering construction ,
2008,Colombie-Britannique,data.Engineering construction ,
2009,Colombie-Britannique,data.Engineering construction ,
2010,Colombie-Britannique,data.Engineering construction ,
2011,Colombie-Britannique,data.Engineering construction ,
2012,Colombie-Britannique,data.Engineering construction ,8432.0
2013,Colombie-Britannique,data.Engineering construction ,8065.0
2014,Colombie-Britannique,data.Engineering construction ,7576.0
2015,Colombie-Britannique,data.Engineering construction ,7102.0
2016,Colombie-Britannique,data.Engineering construction ,7348.0
2017,Colombie-Britannique,data.Engineering construction ,8439.0
2018,Colombie-Britannique,data.Engineering construction ,6631.0
2019,Colombie-Britannique,data.Engineering construction ,7267.0
2007,Colombie-Britannique,data.Manufacturing ,
2008,Colombie-Britannique,data.Manufacturing ,
2009,Colombie-Britannique,data.Manufacturing ,
2010,Colombie-Britannique,data.Manufacturing ,
2011,Colombie-Britannique,data.Manufacturing ,
2012,Colombie-Britannique,data.Manufacturing ,4333.0
2013,Colombie-Britannique,data.Manufacturing ,4106.0
2014,Colombie-Britannique,data.Manufacturing ,4177.0
2015,Colombie-Britannique,data.Manufacturing ,4508.0
2016,Colombie-Britannique,data.Manufacturing ,4713.0
2017,Colombie-Britannique,data.Manufacturing ,5870.0
2018,Colombie-Britannique,data.Manufacturing ,5195.0
2019,Colombie-Britannique,data.Manufacturing ,5457.0
2007,Colombie-Britannique,"data.Professional, scientific and technical services ",
2008,Colombie-Britannique,"data.Professional, scientific and technical services ",
2009,Colombie-Britannique,"data.Professional, scientific and technical services ",
2010,Colombie-Britannique,"data.Professional, scientific and technical services ",
2011,Colombie-Britannique,"data.Professional, scientific and technical services ",
2012,Colombie-Britannique,"data.Professional, scientific and technical services ",3759.0
2013,Colombie-Britannique,"data.Professional, scientific and technical services ",3731.0
2014,Colombie-Britannique,"data.Professional, scientific and technical services ",4076.0
2015,Colombie-Britannique,"data.Professional, scientific and technical services ",4630.0
2016,Colombie-Britannique,"data.Professional, scientific and technical services ",5094.0
2017,Colombie-Britannique,"data.Professional, scientific and technical services ",6005.0
2018,Colombie-Britannique,"data.Professional, scientific and technical services ",6224.0
2019,Colombie-Britannique,"data.Professional, scientific and technical services ",7335.0
2007,Colombie-Britannique,Other industries,
2008,Colombie-Britannique,Other industries,
2009,Colombie-Britannique,Other industries,
2010,Colombie-Britannique,Other industries,
2011,Colombie-Britannique,Other industries,
2012,Colombie-Britannique,Other industries,5713.0
2013,Colombie-Britannique,Other industries,5530.0
2014,Colombie-Britannique,Other industries,6109.0
2015,Colombie-Britannique,Other industries,6292.0
2016,Colombie-Britannique,Other industries,6698.0
2017,Colombie-Britannique,Other industries,7120.0
2018,Colombie-Britannique,Other industries,7479.0
2019,Colombie-Britannique,Other industries,7421.0
2007,Yukon,"data.Total, all clean technology industries",
2008,Yukon,"data.Total, all clean technology industries",
2009,Yukon,"data.Total, all clean technology industries",
2010,Yukon,"data.Total, all clean technology industries",
2011,Yukon,"data.Total, all clean technology industries",
2012,Yukon,"data.Total, all clean technology industries",178.0
2013,Yukon,"data.Total, all clean technology industries",151.0
2014,Yukon,"data.Total, all clean technology industries",192.0
2015,Yukon,"data.Total, all clean technology industries",143.0
2016,Yukon,"data.Total, all clean technology industries",127.0
2017,Yukon,"data.Total, all clean technology industries",131.0
2018,Yukon,"data.Total, all clean technology industries",119.0
2019,Yukon,"data.Total, all clean technology industries",125.0
2007,Yukon,data.Engineering construction ,
2008,Yukon,data.Engineering construction ,
2009,Yukon,data.Engineering construction ,
2010,Yukon,data.Engineering construction ,
2011,Yukon,data.Engineering construction ,
2012,Yukon,data.Engineering construction ,141.0
2013,Yukon,data.Engineering construction ,120.0
2014,Yukon,data.Engineering construction ,162.0
2015,Yukon,data.Engineering construction ,118.0
2016,Yukon,data.Engineering construction ,93.0
2017,Yukon,data.Engineering construction ,85.0
2018,Yukon,data.Engineering construction ,68.0
2019,Yukon,data.Engineering construction ,74.0
2007,Yukon,data.Manufacturing ,
2008,Yukon,data.Manufacturing ,
2009,Yukon,data.Manufacturing ,
2010,Yukon,data.Manufacturing ,
2011,Yukon,data.Manufacturing ,
2012,Yukon,data.Manufacturing ,
2013,Yukon,data.Manufacturing ,
2014,Yukon,data.Manufacturing ,
2015,Yukon,data.Manufacturing ,
2016,Yukon,data.Manufacturing ,
2017,Yukon,data.Manufacturing ,
2018,Yukon,data.Manufacturing ,
2019,Yukon,data.Manufacturing ,
2007,Yukon,"data.Professional, scientific and technical services ",
2008,Yukon,"data.Professional, scientific and technical services ",
2009,Yukon,"data.Professional, scientific and technical services ",
2010,Yukon,"data.Professional, scientific and technical services ",
2011,Yukon,"data.Professional, scientific and technical services ",
2012,Yukon,"data.Professional, scientific and technical services ",
2013,Yukon,"data.Professional, scientific and technical services ",
2014,Yukon,"data.Professional, scientific and technical services ",
2015,Yukon,"data.Professional, scientific and technical services ",
2016,Yukon,"data.Professional, scientific and technical services ",
2017,Yukon,"data.Professional, scientific and technical services ",
2018,Yukon,"data.Professional, scientific and technical services ",
2019,Yukon,"data.Professional, scientific and technical services ",
2007,Yukon,Other industries,
2008,Yukon,Other industries,
2009,Yukon,Other industries,
2010,Yukon,Other industries,
2011,Yukon,Other industries,
2012,Yukon,Other industries,37.0
2013,Yukon,Other industries,31.0
2014,Yukon,Other industries,30.0
2015,Yukon,Other industries,25.0
2016,Yukon,Other industries,34.0
2017,Yukon,Other industries,46.0
2018,Yukon,Other industries,51.0
2019,Yukon,Other industries,51.0
2007,Territoires du Nord-Ouest,"data.Total, all clean technology industries",
2008,Territoires du Nord-Ouest,"data.Total, all clean technology industries",
2009,Territoires du Nord-Ouest,"data.Total, all clean technology industries",
2010,Territoires du Nord-Ouest,"data.Total, all clean technology industries",
2011,Territoires du Nord-Ouest,"data.Total, all clean technology industries",
2012,Territoires du Nord-Ouest,"data.Total, all clean technology industries",101.0
2013,Territoires du Nord-Ouest,"data.Total, all clean technology industries",111.0
2014,Territoires du Nord-Ouest,"data.Total, all clean technology industries",312.0
2015,Territoires du Nord-Ouest,"data.Total, all clean technology industries",753.0
2016,Territoires du Nord-Ouest,"data.Total, all clean technology industries",589.0
2017,Territoires du Nord-Ouest,"data.Total, all clean technology industries",192.0
2018,Territoires du Nord-Ouest,"data.Total, all clean technology industries",172.0
2019,Territoires du Nord-Ouest,"data.Total, all clean technology industries",184.0
2007,Territoires du Nord-Ouest,data.Engineering construction ,
2008,Territoires du Nord-Ouest,data.Engineering construction ,
2009,Territoires du Nord-Ouest,data.Engineering construction ,
2010,Territoires du Nord-Ouest,data.Engineering construction ,
2011,Territoires du Nord-Ouest,data.Engineering construction ,
2012,Territoires du Nord-Ouest,data.Engineering construction ,22.0
2013,Territoires du Nord-Ouest,data.Engineering construction ,20.0
2014,Territoires du Nord-Ouest,data.Engineering construction ,204.0
2015,Territoires du Nord-Ouest,data.Engineering construction ,609.0
2016,Territoires du Nord-Ouest,data.Engineering construction ,447.0
2017,Territoires du Nord-Ouest,data.Engineering construction ,85.0
2018,Territoires du Nord-Ouest,data.Engineering construction ,52.0
2019,Territoires du Nord-Ouest,data.Engineering construction ,59.0
2007,Territoires du Nord-Ouest,data.Manufacturing ,
2008,Territoires du Nord-Ouest,data.Manufacturing ,
2009,Territoires du Nord-Ouest,data.Manufacturing ,
2010,Territoires du Nord-Ouest,data.Manufacturing ,
2011,Territoires du Nord-Ouest,data.Manufacturing ,
2012,Territoires du Nord-Ouest,data.Manufacturing ,
2013,Territoires du Nord-Ouest,data.Manufacturing ,
2014,Territoires du Nord-Ouest,data.Manufacturing ,
2015,Territoires du Nord-Ouest,data.Manufacturing ,
2016,Territoires du Nord-Ouest,data.Manufacturing ,
2017,Territoires du Nord-Ouest,data.Manufacturing ,
2018,Territoires du Nord-Ouest,data.Manufacturing ,
2019,Territoires du Nord-Ouest,data.Manufacturing ,
2007,Territoires du Nord-Ouest,"data.Professional, scientific and technical services ",
2008,Territoires du Nord-Ouest,"data.Professional, scientific and technical services ",
2009,Territoires du Nord-Ouest,"data.Professional, scientific and technical services ",
2010,Territoires du Nord-Ouest,"data.Professional, scientific and technical services ",
2011,Territoires du Nord-Ouest,"data.Professional, scientific and technical services ",
2012,Territoires du Nord-Ouest,"data.Professional, scientific and technical services ",27.0
2013,Territoires du Nord-Ouest,"data.Professional, scientific and technical services ",28.0
2014,Territoires du Nord-Ouest,"data.Professional, scientific and technical services ",43.0
2015,Territoires du Nord-Ouest,"data.Professional, scientific and technical services ",57.0
2016,Territoires du Nord-Ouest,"data.Professional, scientific and technical services ",50.0
2017,Territoires du Nord-Ouest,"data.Professional, scientific and technical services ",27.0
2018,Territoires du Nord-Ouest,"data.Professional, scientific and technical services ",38.0
2019,Territoires du Nord-Ouest,"data.Professional, scientific and technical services ",40.0
2007,Territoires du Nord-Ouest,Other industries,
2008,Territoires du Nord-Ouest,Other industries,
2009,Territoires du Nord-Ouest,Other industries,
2010,Territoires du Nord-Ouest,Other industries,
2011,Territoires du Nord-Ouest,Other industries,
2012,Territoires du Nord-Ouest,Other industries,52.0
2013,Territoires du Nord-Ouest,Other industries,63.0
2014,Territoires du Nord-Ouest,Other industries,65.0
2015,Territoires du Nord-Ouest,Other industries,87.0
2016,Territoires du Nord-Ouest,Other industries,92.0
2017,Territoires du Nord-Ouest,Other industries,80.0
2018,Territoires du Nord-Ouest,Other industries,82.0
2019,Territoires du Nord-Ouest,Other industries,85.0
2007,Nunavut,"data.Total, all clean technology industries",
2008,Nunavut,"data.Total, all clean technology industries",
2009,Nunavut,"data.Total, all clean technology industries",
2010,Nunavut,"data.Total, all clean technology industries",
2011,Nunavut,"data.Total, all clean technology industries",
2012,Nunavut,"data.Total, all clean technology industries",82.0
2013,Nunavut,"data.Total, all clean technology industries",67.0
2014,Nunavut,"data.Total, all clean technology industries",189.0
2015,Nunavut,"data.Total, all clean technology industries",74.0
2016,Nunavut,"data.Total, all clean technology industries",129.0
2017,Nunavut,"data.Total, all clean technology industries",83.0
2018,Nunavut,"data.Total, all clean technology industries",104.0
2019,Nunavut,"data.Total, all clean technology industries",85.0
2007,Nunavut,data.Engineering construction ,
2008,Nunavut,data.Engineering construction ,
2009,Nunavut,data.Engineering construction ,
2010,Nunavut,data.Engineering construction ,
2011,Nunavut,data.Engineering construction ,
2012,Nunavut,data.Engineering construction ,32.0
2013,Nunavut,data.Engineering construction ,14.0
2014,Nunavut,data.Engineering construction ,126.0
2015,Nunavut,data.Engineering construction ,13.0
2016,Nunavut,data.Engineering construction ,57.0
2017,Nunavut,data.Engineering construction ,15.0
2018,Nunavut,data.Engineering construction ,45.0
2019,Nunavut,data.Engineering construction ,22.0
2007,Nunavut,data.Manufacturing ,
2008,Nunavut,data.Manufacturing ,
2009,Nunavut,data.Manufacturing ,
2010,Nunavut,data.Manufacturing ,
2011,Nunavut,data.Manufacturing ,
2012,Nunavut,data.Manufacturing ,
2013,Nunavut,data.Manufacturing ,
2014,Nunavut,data.Manufacturing ,
2015,Nunavut,data.Manufacturing ,
2016,Nunavut,data.Manufacturing ,
2017,Nunavut,data.Manufacturing ,
2018,Nunavut,data.Manufacturing ,
2019,Nunavut,data.Manufacturing ,
2007,Nunavut,"data.Professional, scientific and technical services ",
2008,Nunavut,"data.Professional, scientific and technical services ",
2009,Nunavut,"data.Professional, scientific and technical services ",
2010,Nunavut,"data.Professional, scientific and technical services ",
2011,Nunavut,"data.Professional, scientific and technical services ",
2012,Nunavut,"data.Professional, scientific and technical services ",9.0
2013,Nunavut,"data.Professional, scientific and technical services ",8.0
2014,Nunavut,"data.Professional, scientific and technical services ",13.0
2015,Nunavut,"data.Professional, scientific and technical services ",14.0
2016,Nunavut,"data.Professional, scientific and technical services ",17.0
2017,Nunavut,"data.Professional, scientific and technical services ",11.0
2018,Nunavut,"data.Professional, scientific and technical services ",
2019,Nunavut,"data.Professional, scientific and technical services ",
2007,Nunavut,Other industries,
2008,Nunavut,Other industries,
2009,Nunavut,Other industries,
2010,Nunavut,Other industries,
2011,Nunavut,Other industries,
2012,Nunavut,Other industries,41.0
2013,Nunavut,Other industries,45.0
2014,Nunavut,Other industries,50.0
2015,Nunavut,Other industries,47.0
2016,Nunavut,Other industries,55.0
2017,Nunavut,Other industries,57.0
2018,Nunavut,Other industries,59.0
2019,Nunavut,Other industries,63.0
