Year,Géographie,Centres de population,GeoCode,Value
2016,,,,84.3
2017,,,,84.1
2018,,,,85.5
2019,,,,87.4
2020,,,,89.7
2021,,,,91.4
2022,,,,93.1
2023,,,,95.8
2024,,,,96.4
2016,Canada,Réserves des Premières Nations,,27.3
2017,Canada,Réserves des Premières Nations,,27.7
2018,Canada,Réserves des Premières Nations,,31.3
2019,Canada,Réserves des Premières Nations,,34.8
2020,Canada,Réserves des Premières Nations,,39.1
2021,Canada,Réserves des Premières Nations,,43.3
2022,Canada,Réserves des Premières Nations,,50.7
2023,Canada,Réserves des Premières Nations,,61.0
2024,Canada,Réserves des Premières Nations,,65.7
2016,Canada,Réserves des Premières Nations Régions urbaines,,73.0
2017,Canada,Réserves des Premières Nations Régions urbaines,,73.0
2018,Canada,Réserves des Premières Nations Régions urbaines,,75.6
2019,Canada,Réserves des Premières Nations Régions urbaines,,80.7
2020,Canada,Réserves des Premières Nations Régions urbaines,,84.2
2021,Canada,Réserves des Premières Nations Régions urbaines,,81.8
2022,Canada,Réserves des Premières Nations Régions urbaines,,81.7
2023,Canada,Réserves des Premières Nations Régions urbaines,,
2024,Canada,Réserves des Premières Nations Régions urbaines,,
2016,Canada,Réserves des Premières Nations Régions rurales,,14.2
2017,Canada,Réserves des Premières Nations Régions rurales,,14.8
2018,Canada,Réserves des Premières Nations Régions rurales,,18.7
2019,Canada,Réserves des Premières Nations Régions rurales,,21.7
2020,Canada,Réserves des Premières Nations Régions rurales,,26.2
2021,Canada,Réserves des Premières Nations Régions rurales,,32.3
2022,Canada,Réserves des Premières Nations Régions rurales,,37.8
2023,Canada,Réserves des Premières Nations Régions rurales,,
2024,Canada,Réserves des Premières Nations Régions rurales,,
2018,Nouveau-Brunswick,Réserves des Premières Nations Régions urbaines,13,100.0
2018,Colombie-Britannique,Réserves des Premières Nations Régions urbaines,59,98.5
2018,Québec,Réserves des Premières Nations Régions urbaines,24,60.1
2018,Nouvelle-Écosse,Réserves des Premières Nations Régions urbaines,12,48.3
2018,Saskatchewan,Réserves des Premières Nations Régions urbaines,47,
2018,Ontario,Réserves des Premières Nations Régions urbaines,35,5.8
2018,Manitoba,Réserves des Premières Nations Régions urbaines,46,
2019,Nouveau-Brunswick,Réserves des Premières Nations Régions urbaines,13,100.0
2019,Colombie-Britannique,Réserves des Premières Nations Régions urbaines,59,99.2
2019,Québec,Réserves des Premières Nations Régions urbaines,24,80.5
2019,Nouvelle-Écosse,Réserves des Premières Nations Régions urbaines,12,48.3
2019,Saskatchewan,Réserves des Premières Nations Régions urbaines,47,
2019,Ontario,Réserves des Premières Nations Régions urbaines,35,5.8
2019,Manitoba,Réserves des Premières Nations Régions urbaines,46,0.4
2020,Nouveau-Brunswick,Réserves des Premières Nations Régions urbaines,13,100.0
2020,Colombie-Britannique,Réserves des Premières Nations Régions urbaines,59,99.48
2020,Québec,Réserves des Premières Nations Régions urbaines,24,80.53
2020,Nouvelle-Écosse,Réserves des Premières Nations Régions urbaines,12,75.49
2020,Saskatchewan,Réserves des Premières Nations Régions urbaines,47,6.56
2020,Ontario,Réserves des Premières Nations Régions urbaines,35,43.66
2020,Manitoba,Réserves des Premières Nations Régions urbaines,46,0.41
2021,Nouveau-Brunswick,Réserves des Premières Nations Régions urbaines,13,100.0
2021,Colombie-Britannique,Réserves des Premières Nations Régions urbaines,59,98.79
2021,Québec,Réserves des Premières Nations Régions urbaines,24,84.75
2021,Nouvelle-Écosse,Réserves des Premières Nations Régions urbaines,12,48.33
2021,Saskatchewan,Réserves des Premières Nations Régions urbaines,47,6.56
2021,Ontario,Réserves des Premières Nations Régions urbaines,35,5.78
2021,Manitoba,Réserves des Premières Nations Régions urbaines,46,0.0
2022,Nouveau-Brunswick,Réserves des Premières Nations Régions urbaines,13,100.0
2022,Colombie-Britannique,Réserves des Premières Nations Régions urbaines,59,99.2
2022,Québec,Réserves des Premières Nations Régions urbaines,24,83.5
2022,Nouvelle-Écosse,Réserves des Premières Nations Régions urbaines,12,100.0
2022,Saskatchewan,Réserves des Premières Nations Régions urbaines,47,30.2
2022,Ontario,Réserves des Premières Nations Régions urbaines,35,3.6
2022,Manitoba,Réserves des Premières Nations Régions urbaines,46,13.1
2023,Nouveau-Brunswick,Réserves des Premières Nations Régions urbaines,13,100.0
2023,Colombie-Britannique,Réserves des Premières Nations Régions urbaines,59,99.8
2023,Québec,Réserves des Premières Nations Régions urbaines,24,82.8
2023,Nouvelle-Écosse,Réserves des Premières Nations Régions urbaines,12,100.0
2023,Saskatchewan,Réserves des Premières Nations Régions urbaines,47,31.0
2023,Ontario,Réserves des Premières Nations Régions urbaines,35,22.9
2023,Manitoba,Réserves des Premières Nations Régions urbaines,46,12.9
2024,Nouveau-Brunswick,Réserves des Premières Nations Régions urbaines,13,100.0
2024,Colombie-Britannique,Réserves des Premières Nations Régions urbaines,59,100.0
2024,Québec,Réserves des Premières Nations Régions urbaines,24,86.4
2024,Nouvelle-Écosse,Réserves des Premières Nations Régions urbaines,12,99.7
2024,Saskatchewan,Réserves des Premières Nations Régions urbaines,47,31.0
2024,Ontario,Réserves des Premières Nations Régions urbaines,35,43.4
2024,Manitoba,Réserves des Premières Nations Régions urbaines,46,24.3
2020,Île-du-Prince-Édouard,Réserves des Premières Nations Régions rurales,11,50.38
2020,Nouveau-Brunswick,Réserves des Premières Nations Régions rurales,13,96.52
2020,Territoires du Nord-Ouest,Réserves des Premières Nations Régions rurales,61,74.89
2020,Québec,Réserves des Premières Nations Régions rurales,24,52.44
2020,Colombie-Britannique,Réserves des Premières Nations Régions rurales,59,46.1
2020,Nouvelle-Écosse,Réserves des Premières Nations Régions rurales,12,62.95
2020,Ontario,Réserves des Premières Nations Régions rurales,35,26.89
2020,Alberta,Réserves des Premières Nations Régions rurales,48,17.13
2020,Terre-Neuve-et-Labrador,Réserves des Premières Nations Régions rurales,10,0.0
2020,Manitoba,Réserves des Premières Nations Régions rurales,46,4.46
2020,Saskatchewan,Réserves des Premières Nations Régions rurales,47,3.82
2020,Yukon,Réserves des Premières Nations Régions rurales,60,0.0
2021,Île-du-Prince-Édouard,Réserves des Premières Nations Régions rurales,11,97.61
2021,Nouveau-Brunswick,Réserves des Premières Nations Régions rurales,13,94.45
2021,Territoires du Nord-Ouest,Réserves des Premières Nations Régions rurales,61,74.89
2021,Québec,Réserves des Premières Nations Régions rurales,24,50.45
2021,Colombie-Britannique,Réserves des Premières Nations Régions rurales,59,48.15
2021,Nouvelle-Écosse,Réserves des Premières Nations Régions rurales,12,42.77
2021,Ontario,Réserves des Premières Nations Régions rurales,35,35.13
2021,Alberta,Réserves des Premières Nations Régions rurales,48,26.91
2021,Terre-Neuve-et-Labrador,Réserves des Premières Nations Régions rurales,10,25.92
2021,Manitoba,Réserves des Premières Nations Régions rurales,46,15.3
2021,Saskatchewan,Réserves des Premières Nations Régions rurales,47,10.36
2021,Yukon,Réserves des Premières Nations Régions rurales,60,0.0
2022,Île-du-Prince-Édouard,Réserves des Premières Nations Régions rurales,11,
2022,Nouveau-Brunswick,Réserves des Premières Nations Régions rurales,13,
2022,Territoires du Nord-Ouest,Réserves des Premières Nations Régions rurales,61,
2022,Québec,Réserves des Premières Nations Régions rurales,24,
2022,Colombie-Britannique,Réserves des Premières Nations Régions rurales,59,
2022,Nouvelle-Écosse,Réserves des Premières Nations Régions rurales,12,
2022,Ontario,Réserves des Premières Nations Régions rurales,35,
2022,Alberta,Réserves des Premières Nations Régions rurales,48,
2022,Terre-Neuve-et-Labrador,Réserves des Premières Nations Régions rurales,10,
2022,Manitoba,Réserves des Premières Nations Régions rurales,46,
2022,Saskatchewan,Réserves des Premières Nations Régions rurales,47,
2022,Yukon,Réserves des Premières Nations Régions rurales,60,
2023,Île-du-Prince-Édouard,Réserves des Premières Nations Régions rurales,11,
2023,Nouveau-Brunswick,Réserves des Premières Nations Régions rurales,13,
2023,Territoires du Nord-Ouest,Réserves des Premières Nations Régions rurales,61,
2023,Québec,Réserves des Premières Nations Régions rurales,24,
2023,Colombie-Britannique,Réserves des Premières Nations Régions rurales,59,
2023,Nouvelle-Écosse,Réserves des Premières Nations Régions rurales,12,
2023,Ontario,Réserves des Premières Nations Régions rurales,35,
2023,Alberta,Réserves des Premières Nations Régions rurales,48,
2023,Terre-Neuve-et-Labrador,Réserves des Premières Nations Régions rurales,10,
2023,Manitoba,Réserves des Premières Nations Régions rurales,46,
2023,Saskatchewan,Réserves des Premières Nations Régions rurales,47,
2023,Yukon,Réserves des Premières Nations Régions rurales,60,
2024,Île-du-Prince-Édouard,Réserves des Premières Nations Régions rurales,11,
2024,Nouveau-Brunswick,Réserves des Premières Nations Régions rurales,13,
2024,Territoires du Nord-Ouest,Réserves des Premières Nations Régions rurales,61,
2024,Québec,Réserves des Premières Nations Régions rurales,24,
2024,Colombie-Britannique,Réserves des Premières Nations Régions rurales,59,
2024,Nouvelle-Écosse,Réserves des Premières Nations Régions rurales,12,
2024,Ontario,Réserves des Premières Nations Régions rurales,35,
2024,Alberta,Réserves des Premières Nations Régions rurales,48,
2024,Terre-Neuve-et-Labrador,Réserves des Premières Nations Régions rurales,10,
2024,Manitoba,Réserves des Premières Nations Régions rurales,46,
2024,Saskatchewan,Réserves des Premières Nations Régions rurales,47,
2024,Yukon,Réserves des Premières Nations Régions rurales,60,
2016,Canada,Régions urbaines,,96.4
2017,Canada,Régions urbaines,,96.6
2018,Canada,Régions urbaines,,97.4
2019,Canada,Régions urbaines,,98.6
2020,Canada,Régions urbaines,,99.2
2021,Canada,Régions urbaines,,99.2
2016,Canada,Régions rurales,,38.9
2017,Canada,Régions rurales,,37.2
2018,Canada,Régions rurales,,40.7
2019,Canada,Régions rurales,,45.6
2020,Canada,Régions rurales,,54.4
2021,Canada,Régions rurales,,62.0
2022,Canada,Régions rurales,,67.6
2023,Canada,Régions rurales,,80.5
2024,Canada,Régions rurales,,83.0
2018,Terre-Neuve-et-Labrador,Régions urbaines,10,94.1
2018,Île-du-Prince-Édouard,Régions urbaines,11,100.0
2018,Nouvelle-Écosse,Régions urbaines,12,99.3
2018,Nouveau-Brunswick,Régions urbaines,13,99.7
2018,Québec,Régions urbaines,24,98.6
2018,Ontario,Régions urbaines,35,98.3
2018,Manitoba,Régions urbaines,46,94.7
2018,Saskatchewan,Régions urbaines,47,75.2
2018,Alberta,Régions urbaines,48,97.6
2018,Colombie-Britannique,Régions urbaines,59,98.9
2018,Yukon,Régions urbaines,60,
2018,Territoires du Nord-Ouest,Régions urbaines,61,
2018,Nunavut,Régions urbaines,62,
2019,Terre-Neuve-et-Labrador,Régions urbaines,10,96.2
2019,Île-du-Prince-Édouard,Régions urbaines,11,100.0
2019,Nouvelle-Écosse,Régions urbaines,12,99.4
2019,Nouveau-Brunswick,Régions urbaines,13,99.7
2019,Québec,Régions urbaines,24,99.1
2019,Ontario,Régions urbaines,35,98.8
2019,Manitoba,Régions urbaines,46,95.5
2019,Saskatchewan,Régions urbaines,47,97.0
2019,Alberta,Régions urbaines,48,98.7
2019,Colombie-Britannique,Régions urbaines,59,99.3
2019,Yukon,Régions urbaines,60,
2019,Territoires du Nord-Ouest,Régions urbaines,61,
2019,Nunavut,Régions urbaines,62,
2020,Terre-Neuve-et-Labrador,Régions urbaines,10,97.9
2020,Île-du-Prince-Édouard,Régions urbaines,11,100.0
2020,Nouvelle-Écosse,Régions urbaines,12,99.4
2020,Nouveau-Brunswick,Régions urbaines,13,99.9
2020,Québec,Régions urbaines,24,99.7
2020,Ontario,Régions urbaines,35,99.2
2020,Manitoba,Régions urbaines,46,98.5
2020,Saskatchewan,Régions urbaines,47,98.3
2020,Alberta,Régions urbaines,48,98.5
2020,Colombie-Britannique,Régions urbaines,59,99.5
2020,Yukon,Régions urbaines,60,99.2
2020,Territoires du Nord-Ouest,Régions urbaines,61,84.8
2020,Nunavut,Régions urbaines,62,
2021,Terre-Neuve-et-Labrador,Régions urbaines,10,98.2
2021,Île-du-Prince-Édouard,Régions urbaines,11,100.0
2021,Nouvelle-Écosse,Régions urbaines,12,99.3
2021,Nouveau-Brunswick,Régions urbaines,13,99.8
2021,Québec,Régions urbaines,24,99.7
2021,Ontario,Régions urbaines,35,99.2
2021,Manitoba,Régions urbaines,46,97.4
2021,Saskatchewan,Régions urbaines,47,99.0
2021,Alberta,Régions urbaines,48,98.6
2021,Colombie-Britannique,Régions urbaines,59,99.4
2021,Yukon,Régions urbaines,60,99.2
2021,Territoires du Nord-Ouest,Régions urbaines,61,97.9
2021,Nunavut,Régions urbaines,62,
2022,Terre-Neuve-et-Labrador,Régions urbaines,10,99.5
2022,Île-du-Prince-Édouard,Régions urbaines,11,100.0
2022,Nouvelle-Écosse,Régions urbaines,12,99.8
2022,Nouveau-Brunswick,Régions urbaines,13,100.0
2022,Québec,Régions urbaines,24,99.7
2022,Ontario,Régions urbaines,35,99.6
2022,Manitoba,Régions urbaines,46,98.1
2022,Saskatchewan,Régions urbaines,47,98.6
2022,Alberta,Régions urbaines,48,99.3
2022,Colombie-Britannique,Régions urbaines,59,99.5
2022,Yukon,Régions urbaines,60,98.7
2022,Territoires du Nord-Ouest,Régions urbaines,61,99.5
2022,Nunavut,Régions urbaines,62,
2023,Terre-Neuve-et-Labrador,Régions urbaines,10,99.9
2023,Île-du-Prince-Édouard,Régions urbaines,11,100.0
2023,Nouvelle-Écosse,Régions urbaines,12,99.8
2023,Nouveau-Brunswick,Régions urbaines,13,100.0
2023,Québec,Régions urbaines,24,99.8
2023,Ontario,Régions urbaines,35,99.7
2023,Manitoba,Régions urbaines,46,98.6
2023,Saskatchewan,Régions urbaines,47,99.3
2023,Alberta,Régions urbaines,48,99.7
2023,Colombie-Britannique,Régions urbaines,59,99.7
2023,Yukon,Régions urbaines,60,99.7
2023,Territoires du Nord-Ouest,Régions urbaines,61,99.5
2023,Nunavut,Régions urbaines,62,
2024,Terre-Neuve-et-Labrador,Régions urbaines,10,100.0
2024,Île-du-Prince-Édouard,Régions urbaines,11,100.0
2024,Nouvelle-Écosse,Régions urbaines,12,99.8
2024,Nouveau-Brunswick,Régions urbaines,13,100.0
2024,Québec,Régions urbaines,24,99.9
2024,Ontario,Régions urbaines,35,99.7
2024,Manitoba,Régions urbaines,46,99.2
2024,Saskatchewan,Régions urbaines,47,99.6
2024,Alberta,Régions urbaines,48,99.9
2024,Colombie-Britannique,Régions urbaines,59,99.9
2024,Yukon,Régions urbaines,60,99.7
2024,Territoires du Nord-Ouest,Régions urbaines,61,99.5
2024,Nunavut,Régions urbaines,62,
2018,Terre-Neuve-et-Labrador,Régions rurales,10,46.1
2018,Île-du-Prince-Édouard,Régions rurales,11,31.4
2018,Nouvelle-Écosse,Régions rurales,12,51.6
2018,Nouveau-Brunswick,Régions rurales,13,63.4
2018,Québec,Régions rurales,24,58.7
2018,Ontario,Régions rurales,35,29.5
2018,Manitoba,Régions rurales,46,13.0
2018,Saskatchewan,Régions rurales,47,1.5
2018,Alberta,Régions rurales,48,21.1
2018,Colombie-Britannique,Régions rurales,59,58.4
2018,Yukon,Régions rurales,60,
2018,Territoires du Nord-Ouest,Régions rurales,61,
2018,Nunavut,Régions rurales,62,
2019,Terre-Neuve-et-Labrador,Régions rurales,10,49.6
2019,Île-du-Prince-Édouard,Régions rurales,11,33.3
2019,Nouvelle-Écosse,Régions rurales,12,52.4
2019,Nouveau-Brunswick,Régions rurales,13,63.6
2019,Québec,Régions rurales,24,65.2
2019,Ontario,Régions rurales,35,30.5
2019,Manitoba,Régions rurales,46,14.4
2019,Saskatchewan,Régions rurales,47,23.9
2019,Alberta,Régions rurales,48,33.2
2019,Colombie-Britannique,Régions rurales,59,62.5
2019,Yukon,Régions rurales,60,
2019,Territoires du Nord-Ouest,Régions rurales,61,
2019,Nunavut,Régions rurales,62,
2020,Terre-Neuve-et-Labrador,Régions rurales,10,48.8
2020,Île-du-Prince-Édouard,Régions rurales,11,64.2
2020,Nouvelle-Écosse,Régions rurales,12,58.4
2020,Nouveau-Brunswick,Régions rurales,13,85.8
2020,Québec,Régions rurales,24,73.4
2020,Ontario,Régions rurales,35,41.3
2020,Manitoba,Régions rurales,46,28.1
2020,Saskatchewan,Régions rurales,47,39.0
2020,Alberta,Régions rurales,48,33.7
2020,Colombie-Britannique,Régions rurales,59,63.2
2020,Yukon,Régions rurales,60,12.5
2020,Territoires du Nord-Ouest,Régions rurales,61,16.9
2020,Nunavut,Régions rurales,62,
2021,Terre-Neuve-et-Labrador,Régions rurales,10,54.0
2021,Île-du-Prince-Édouard,Régions rurales,11,79.1
2021,Nouvelle-Écosse,Régions rurales,12,65.6
2021,Nouveau-Brunswick,Régions rurales,13,78.9
2021,Québec,Régions rurales,24,76.9
2021,Ontario,Régions rurales,35,57.1
2021,Manitoba,Régions rurales,46,38.8
2021,Saskatchewan,Régions rurales,47,48.1
2021,Alberta,Régions rurales,48,40.7
2021,Colombie-Britannique,Régions rurales,59,65.8
2021,Yukon,Régions rurales,60,24.0
2021,Territoires du Nord-Ouest,Régions rurales,61,17.7
2021,Nunavut,Régions rurales,62,
2022,Terre-Neuve-et-Labrador,Régions rurales,10,63.3
2022,Île-du-Prince-Édouard,Régions rurales,11,84.1
2022,Nouvelle-Écosse,Régions rurales,12,79.0
2022,Nouveau-Brunswick,Régions rurales,13,82.4
2022,Québec,Régions rurales,24,84.9
2022,Ontario,Régions rurales,35,63.2
2022,Manitoba,Régions rurales,46,46.7
2022,Saskatchewan,Régions rurales,47,43.2
2022,Alberta,Régions rurales,48,42.2
2022,Colombie-Britannique,Régions rurales,59,66.0
2022,Yukon,Régions rurales,60,34.2
2022,Territoires du Nord-Ouest,Régions rurales,61,50.4
2022,Nunavut,Régions rurales,62,
2023,Terre-Neuve-et-Labrador,Régions rurales,10,73.1
2023,Île-du-Prince-Édouard,Régions rurales,11,94.7
2023,Nouvelle-Écosse,Régions rurales,12,90.1
2023,Nouveau-Brunswick,Régions rurales,13,91.1
2023,Québec,Régions rurales,24,92.9
2023,Ontario,Régions rurales,35,75.9
2023,Manitoba,Régions rurales,46,70.4
2023,Saskatchewan,Régions rurales,47,59.2
2023,Alberta,Régions rurales,48,71.5
2023,Colombie-Britannique,Régions rurales,59,76.2
2023,Yukon,Régions rurales,60,80.0
2023,Territoires du Nord-Ouest,Régions rurales,61,62.2
2023,Nunavut,Régions rurales,62,
2024,Terre-Neuve-et-Labrador,Régions rurales,10,73.6
2024,Île-du-Prince-Édouard,Régions rurales,11,94.8
2024,Nouvelle-Écosse,Régions rurales,12,92.4
2024,Nouveau-Brunswick,Régions rurales,13,91.6
2024,Québec,Régions rurales,24,94.6
2024,Ontario,Régions rurales,35,77.5
2024,Manitoba,Régions rurales,46,75.0
2024,Saskatchewan,Régions rurales,47,63.3
2024,Alberta,Régions rurales,48,79.5
2024,Colombie-Britannique,Régions rurales,59,78.2
2024,Yukon,Régions rurales,60,82.9
2024,Territoires du Nord-Ouest,Régions rurales,61,75.8
2024,Nunavut,Régions rurales,62,
2018,Terre-Neuve-et-Labrador,Total centre de population,10,71.2
2018,Île-du-Prince-Édouard,Total centre de population,11,60.2
2018,Nouvelle-Écosse,Total centre de population,12,78.0
2018,Nouveau-Brunswick,Total centre de population,13,81.1
2018,Québec,Total centre de population,24,90.0
2018,Ontario,Total centre de population,35,87.2
2018,Manitoba,Total centre de population,46,72.0
2018,Saskatchewan,Total centre de population,47,49.1
2018,Alberta,Total centre de population,48,84.9
2018,Colombie-Britannique,Total centre de population,59,92.6
2018,Yukon,Total centre de population,60,
2018,Territoires du Nord-Ouest,Total centre de population,61,
2018,Nunavut,Total centre de population,62,
2019,Terre-Neuve-et-Labrador,Total centre de population,10,73.9
2019,Île-du-Prince-Édouard,Total centre de population,11,61.3
2019,Nouvelle-Écosse,Total centre de population,12,78.4
2019,Nouveau-Brunswick,Total centre de population,13,81.2
2019,Québec,Total centre de population,24,91.8
2019,Ontario,Total centre de population,35,87.7
2019,Manitoba,Total centre de population,46,73.0
2019,Saskatchewan,Total centre de population,47,71.1
2019,Alberta,Total centre de population,48,87.8
2019,Colombie-Britannique,Total centre de population,59,93.5
2019,Yukon,Total centre de population,60,
2019,Territoires du Nord-Ouest,Total centre de population,61,
2019,Nunavut,Total centre de population,62,
2020,Terre-Neuve-et-Labrador,Total centre de population,10,74.4
2020,Île-du-Prince-Édouard,Total centre de population,11,79.2
2020,Nouvelle-Écosse,Total centre de population,12,81.1
2020,Nouveau-Brunswick,Total centre de population,13,92.7
2020,Québec,Total centre de population,24,94.0
2020,Ontario,Total centre de population,35,89.8
2020,Manitoba,Total centre de population,46,79.0
2020,Saskatchewan,Total centre de population,47,77.3
2020,Alberta,Total centre de population,48,87.7
2020,Colombie-Britannique,Total centre de population,59,93.8
2020,Yukon,Total centre de population,60,57.6
2020,Territoires du Nord-Ouest,Total centre de population,61,58.9
2020,Nunavut,Total centre de population,62,
2021,Terre-Neuve-et-Labrador,Total centre de population,10,77.1
2021,Île-du-Prince-Édouard,Total centre de population,11,87.9
2021,Nouvelle-Écosse,Total centre de population,12,84.2
2021,Nouveau-Brunswick,Total centre de population,13,89.1
2021,Québec,Total centre de population,24,94.8
2021,Ontario,Total centre de population,35,92.4
2021,Manitoba,Total centre de population,46,81.1
2021,Saskatchewan,Total centre de population,47,81.0
2021,Alberta,Total centre de population,48,89.0
2021,Colombie-Britannique,Total centre de population,59,94.1
2021,Yukon,Total centre de population,60,63.1
2021,Territoires du Nord-Ouest,Total centre de population,61,67.3
2021,Nunavut,Total centre de population,62,
2022,Terre-Neuve-et-Labrador,Total centre de population,10,82.7
2022,Île-du-Prince-Édouard,Total centre de population,11,91.1
2022,Nouvelle-Écosse,Total centre de population,12,90.8
2022,Nouveau-Brunswick,Total centre de population,13,91.3
2022,Québec,Total centre de population,24,96.7
2022,Ontario,Total centre de population,35,94.0
2022,Manitoba,Total centre de population,46,84.6
2022,Saskatchewan,Total centre de population,47,79.8
2022,Alberta,Total centre de population,48,90.5
2022,Colombie-Britannique,Total centre de population,59,94.6
2022,Yukon,Total centre de population,60,70.4
2022,Territoires du Nord-Ouest,Total centre de population,61,81.3
2022,Nunavut,Total centre de population,62,
2023,Terre-Neuve-et-Labrador,Total centre de population,10,87.5
2023,Île-du-Prince-Édouard,Total centre de population,11,97.0
2023,Nouvelle-Écosse,Total centre de population,12,95.6
2023,Nouveau-Brunswick,Total centre de population,13,95.6
2023,Québec,Total centre de population,24,98.4
2023,Ontario,Total centre de population,35,96.0
2023,Manitoba,Total centre de population,46,91.1
2023,Saskatchewan,Total centre de population,47,85.7
2023,Alberta,Total centre de population,48,95.3
2023,Colombie-Britannique,Total centre de population,59,96.4
2023,Yukon,Total centre de population,60,91.1
2023,Territoires du Nord-Ouest,Total centre de population,61,85.7
2023,Nunavut,Total centre de population,62,
2024,Terre-Neuve-et-Labrador,Total centre de population,10,87.7
2024,Île-du-Prince-Édouard,Total centre de population,11,97.1
2024,Nouvelle-Écosse,Total centre de population,12,96.6
2024,Nouveau-Brunswick,Total centre de population,13,95.8
2024,Québec,Total centre de population,24,98.8
2024,Ontario,Total centre de population,35,96.3
2024,Manitoba,Total centre de population,46,92.8
2024,Saskatchewan,Total centre de population,47,87.3
2024,Alberta,Total centre de population,48,96.7
2024,Colombie-Britannique,Total centre de population,59,96.7
2024,Yukon,Total centre de population,60,92.4
2024,Territoires du Nord-Ouest,Total centre de population,61,90.7
2024,Nunavut,Total centre de population,62,
