Year,Géographie,Type de poste de recharge ou de ravitaillement,GeoCode,Value
2010,,,,108
2011,,,,124
2012,,,,158
2013,,,,235
2014,,,,350
2015,,,,682
2016,,,,869
2017,,,,1361
2018,,,,1810
2019,,,,3814
2020,,,,4612
2021,,,,5917
2022,,,,8173
2023,,,,11342
2024,,,,13767
2025,,,,16098
2026,,,,16140
2010,Alberta,Stations de recharge et de stations de ravitaillement en carburants de remplacement total,48,26
2010,Alberta,Propane,48,26
2011,Alberta,Stations de recharge et de stations de ravitaillement en carburants de remplacement total,48,27
2011,Alberta,Propane,48,27
2012,Alberta,Stations de recharge et de stations de ravitaillement en carburants de remplacement total,48,32
2012,Alberta,Électrique,48,2
2012,Alberta,Propane,48,30
2013,Alberta,Stations de recharge et de stations de ravitaillement en carburants de remplacement total,48,39
2013,Alberta,Électrique,48,8
2013,Alberta,Propane,48,31
2014,Alberta,Stations de recharge et de stations de ravitaillement en carburants de remplacement total,48,44
2014,Alberta,Électrique,48,13
2015,Alberta,Stations de recharge et de stations de ravitaillement en carburants de remplacement total,48,73
2015,Alberta,Électrique,48,41
2015,Alberta,Propane,48,32
2016,Alberta,Stations de recharge et de stations de ravitaillement en carburants de remplacement total,48,84
2016,Alberta,Électrique,48,51
2016,Alberta,Propane,48,33
2017,Alberta,Stations de recharge et de stations de ravitaillement en carburants de remplacement total,48,134
2017,Alberta,Gaz naturel comprimé,48,1
2017,Alberta,Électrique,48,65
2017,Alberta,Propane,48,68
2018,Alberta,Stations de recharge et de stations de ravitaillement en carburants de remplacement total,48,218
2018,Alberta,Gaz naturel comprimé,48,10
2018,Alberta,Électrique,48,75
2018,Alberta,Propane,48,133
2019,Alberta,Stations de recharge et de stations de ravitaillement en carburants de remplacement total,48,248
2019,Alberta,Électrique,48,104
2019,Alberta,Propane,48,134
2020,Alberta,Stations de recharge et de stations de ravitaillement en carburants de remplacement total,48,275
2020,Alberta,Gaz naturel comprimé,48,11
2020,Alberta,Électrique,48,127
2020,Alberta,Propane,48,137
2021,Alberta,Stations de recharge et de stations de ravitaillement en carburants de remplacement total,48,332
2021,Alberta,Électrique,48,181
2021,Alberta,Propane,48,140
2022,Alberta,Stations de recharge et de stations de ravitaillement en carburants de remplacement total,48,503
2022,Alberta,Gaz naturel comprimé,48,12
2022,Alberta,Électrique,48,351
2023,Alberta,Stations de recharge et de stations de ravitaillement en carburants de remplacement total,48,727
2023,Alberta,Gaz naturel comprimé,48,13
2023,Alberta,Électrique,48,573
2023,Alberta,Propane,48,141
2024,Alberta,Stations de recharge et de stations de ravitaillement en carburants de remplacement total,48,901
2024,Alberta,Électrique,48,744
2024,Alberta,Propane,48,144
2025,Alberta,Stations de recharge et de stations de ravitaillement en carburants de remplacement total,48,1067
2025,Alberta,Électrique,48,910
2026,Alberta,Stations de recharge et de stations de ravitaillement en carburants de remplacement total,48,1081
2026,Alberta,Électrique,48,924
2010,Colombie-Britannique,Stations de recharge et de stations de ravitaillement en carburants de remplacement total,59,36
2010,Colombie-Britannique,Biodiesel,59,1
2010,Colombie-Britannique,Propane,59,35
2011,Colombie-Britannique,Stations de recharge et de stations de ravitaillement en carburants de remplacement total,59,41
2011,Colombie-Britannique,Électrique,59,5
2012,Colombie-Britannique,Stations de recharge et de stations de ravitaillement en carburants de remplacement total,59,46
2012,Colombie-Britannique,Électrique,59,9
2012,Colombie-Britannique,Propane,59,36
2013,Colombie-Britannique,Stations de recharge et de stations de ravitaillement en carburants de remplacement total,59,62
2013,Colombie-Britannique,Électrique,59,25
2014,Colombie-Britannique,Stations de recharge et de stations de ravitaillement en carburants de remplacement total,59,82
2014,Colombie-Britannique,Électrique,59,45
2015,Colombie-Britannique,Stations de recharge et de stations de ravitaillement en carburants de remplacement total,59,171
2015,Colombie-Britannique,Gaz naturel comprimé,59,2
2015,Colombie-Britannique,Électrique,59,131
2015,Colombie-Britannique,Propane,59,37
2016,Colombie-Britannique,Stations de recharge et de stations de ravitaillement en carburants de remplacement total,59,193
2016,Colombie-Britannique,Électrique,59,152
2016,Colombie-Britannique,Propane,59,38
2017,Colombie-Britannique,Stations de recharge et de stations de ravitaillement en carburants de remplacement total,59,273
2017,Colombie-Britannique,Gaz naturel comprimé,59,4
2017,Colombie-Britannique,Électrique,59,197
2017,Colombie-Britannique,Propane,59,71
2018,Colombie-Britannique,Stations de recharge et de stations de ravitaillement en carburants de remplacement total,59,371
2018,Colombie-Britannique,Électrique,59,261
2018,Colombie-Britannique,Hydrogène,59,1
2018,Colombie-Britannique,Propane,59,104
2019,Colombie-Britannique,Stations de recharge et de stations de ravitaillement en carburants de remplacement total,59,577
2019,Colombie-Britannique,Électrique,59,463
2019,Colombie-Britannique,Hydrogène,59,2
2019,Colombie-Britannique,Propane,59,107
2020,Colombie-Britannique,Stations de recharge et de stations de ravitaillement en carburants de remplacement total,59,716
2020,Colombie-Britannique,Électrique,59,599
2020,Colombie-Britannique,Hydrogène,59,3
2020,Colombie-Britannique,Propane,59,109
2021,Colombie-Britannique,Stations de recharge et de stations de ravitaillement en carburants de remplacement total,59,1004
2021,Colombie-Britannique,Gaz naturel comprimé,59,5
2021,Colombie-Britannique,Électrique,59,884
2021,Colombie-Britannique,Hydrogène,59,4
2021,Colombie-Britannique,Propane,59,110
2022,Colombie-Britannique,Stations de recharge et de stations de ravitaillement en carburants de remplacement total,59,1456
2022,Colombie-Britannique,Électrique,59,1332
2022,Colombie-Britannique,Hydrogène,59,5
2022,Colombie-Britannique,Propane,59,113
2023,Colombie-Britannique,Stations de recharge et de stations de ravitaillement en carburants de remplacement total,59,1962
2023,Colombie-Britannique,Gaz naturel comprimé,59,7
2023,Colombie-Britannique,Électrique,59,1834
2023,Colombie-Britannique,Éthanol,59,1
2023,Colombie-Britannique,Hydrogène,59,6
2024,Colombie-Britannique,Stations de recharge et de stations de ravitaillement en carburants de remplacement total,59,2415
2024,Colombie-Britannique,Électrique,59,2282
2024,Colombie-Britannique,Propane,59,118
2025,Colombie-Britannique,Stations de recharge et de stations de ravitaillement en carburants de remplacement total,59,2846
2025,Colombie-Britannique,Électrique,59,2707
2025,Colombie-Britannique,Hydrogène,59,9
2025,Colombie-Britannique,Propane,59,121
2026,Colombie-Britannique,Stations de recharge et de stations de ravitaillement en carburants de remplacement total,59,2855
2026,Colombie-Britannique,Électrique,59,2716
2010,Canada,Biodiesel,,1
2010,Canada,Électrique,,5
2010,Canada,Propane,,102
2011,Canada,Électrique,,20
2011,Canada,Propane,,103
2012,Canada,Électrique,,50
2012,Canada,Propane,,107
2013,Canada,Gaz naturel comprimé,,2
2013,Canada,Électrique,,121
2013,Canada,Propane,,111
2014,Canada,Gaz naturel comprimé,,3
2014,Canada,Électrique,,232
2014,Canada,Propane,,114
2015,Canada,Gaz naturel comprimé,,7
2015,Canada,Électrique,,547
2015,Canada,Propane,,127
2016,Canada,Électrique,,729
2016,Canada,Hydrogène,,1
2016,Canada,Propane,,131
2017,Canada,Gaz naturel comprimé,,13
2017,Canada,Électrique,,982
2017,Canada,Propane,,364
2018,Canada,Gaz naturel comprimé,,26
2018,Canada,Électrique,,1201
2018,Canada,Hydrogène,,3
2018,Canada,Propane,,579
2019,Canada,Gaz naturel comprimé,,29
2019,Canada,Électrique,,3183
2019,Canada,Hydrogène,,4
2019,Canada,Propane,,597
2020,Canada,Gaz naturel comprimé,,30
2020,Canada,Électrique,,3966
2020,Canada,Hydrogène,,5
2020,Canada,Propane,,610
2021,Canada,Gaz naturel comprimé,,32
2021,Canada,Électrique,,5260
2021,Canada,Hydrogène,,6
2021,Canada,Propane,,618
2022,Canada,Gaz naturel comprimé,,40
2022,Canada,Électrique,,7486
2022,Canada,Hydrogène,,8
2022,Canada,Propane,,638
2023,Canada,Gaz naturel comprimé,,44
2023,Canada,Électrique,,10641
2023,Canada,Éthanol,,1
2023,Canada,Hydrogène,,10
2023,Canada,Propane,,645
2024,Canada,Électrique,,13033
2024,Canada,Hydrogène,,11
2024,Canada,Propane,,677
2025,Canada,Gaz naturel comprimé,,47
2025,Canada,Électrique,,15350
2025,Canada,Hydrogène,,16
2025,Canada,Propane,,683
2026,Canada,Électrique,,15392
2010,Manitoba,Stations de recharge et de stations de ravitaillement en carburants de remplacement total,46,3
2010,Manitoba,Électrique,46,1
2013,Manitoba,Stations de recharge et de stations de ravitaillement en carburants de remplacement total,46,8
2013,Manitoba,Électrique,46,6
2014,Manitoba,Stations de recharge et de stations de ravitaillement en carburants de remplacement total,46,9
2014,Manitoba,Électrique,46,7
2015,Manitoba,Stations de recharge et de stations de ravitaillement en carburants de remplacement total,46,14
2015,Manitoba,Électrique,46,12
2016,Manitoba,Stations de recharge et de stations de ravitaillement en carburants de remplacement total,46,15
2016,Manitoba,Électrique,46,13
2017,Manitoba,Stations de recharge et de stations de ravitaillement en carburants de remplacement total,46,24
2017,Manitoba,Électrique,46,18
2017,Manitoba,Propane,46,6
2018,Manitoba,Stations de recharge et de stations de ravitaillement en carburants de remplacement total,46,67
2018,Manitoba,Propane,46,49
2019,Manitoba,Stations de recharge et de stations de ravitaillement en carburants de remplacement total,46,76
2019,Manitoba,Électrique,46,26
2019,Manitoba,Propane,46,50
2020,Manitoba,Stations de recharge et de stations de ravitaillement en carburants de remplacement total,46,80
2020,Manitoba,Électrique,46,30
2021,Manitoba,Stations de recharge et de stations de ravitaillement en carburants de remplacement total,46,98
2021,Manitoba,Électrique,46,48
2022,Manitoba,Stations de recharge et de stations de ravitaillement en carburants de remplacement total,46,154
2022,Manitoba,Gaz naturel comprimé,46,1
2022,Manitoba,Électrique,46,103
2023,Manitoba,Stations de recharge et de stations de ravitaillement en carburants de remplacement total,46,240
2023,Manitoba,Électrique,46,189
2024,Manitoba,Stations de recharge et de stations de ravitaillement en carburants de remplacement total,46,315
2024,Manitoba,Électrique,46,261
2024,Manitoba,Propane,46,53
2025,Manitoba,Stations de recharge et de stations de ravitaillement en carburants de remplacement total,46,374
2025,Manitoba,Électrique,46,320
2026,Manitoba,Stations de recharge et de stations de ravitaillement en carburants de remplacement total,46,377
2026,Manitoba,Électrique,46,323
2011,Nouveau-Brunswick,Stations de recharge et de stations de ravitaillement en carburants de remplacement total,13,1
2011,Nouveau-Brunswick,Électrique,13,1
2012,Nouveau-Brunswick,Stations de recharge et de stations de ravitaillement en carburants de remplacement total,13,4
2012,Nouveau-Brunswick,Électrique,13,4
2013,Nouveau-Brunswick,Stations de recharge et de stations de ravitaillement en carburants de remplacement total,13,8
2013,Nouveau-Brunswick,Électrique,13,8
2014,Nouveau-Brunswick,Stations de recharge et de stations de ravitaillement en carburants de remplacement total,13,11
2014,Nouveau-Brunswick,Électrique,13,11
2015,Nouveau-Brunswick,Stations de recharge et de stations de ravitaillement en carburants de remplacement total,13,17
2015,Nouveau-Brunswick,Électrique,13,17
2016,Nouveau-Brunswick,Stations de recharge et de stations de ravitaillement en carburants de remplacement total,13,21
2016,Nouveau-Brunswick,Électrique,13,21
2017,Nouveau-Brunswick,Stations de recharge et de stations de ravitaillement en carburants de remplacement total,13,41
2017,Nouveau-Brunswick,Électrique,13,41
2018,Nouveau-Brunswick,Stations de recharge et de stations de ravitaillement en carburants de remplacement total,13,46
2018,Nouveau-Brunswick,Électrique,13,45
2018,Nouveau-Brunswick,Propane,13,1
2019,Nouveau-Brunswick,Stations de recharge et de stations de ravitaillement en carburants de remplacement total,13,63
2019,Nouveau-Brunswick,Électrique,13,62
2020,Nouveau-Brunswick,Stations de recharge et de stations de ravitaillement en carburants de remplacement total,13,81
2020,Nouveau-Brunswick,Électrique,13,79
2020,Nouveau-Brunswick,Propane,13,2
2021,Nouveau-Brunswick,Stations de recharge et de stations de ravitaillement en carburants de remplacement total,13,103
2021,Nouveau-Brunswick,Électrique,13,101
2022,Nouveau-Brunswick,Stations de recharge et de stations de ravitaillement en carburants de remplacement total,13,138
2022,Nouveau-Brunswick,Électrique,13,134
2022,Nouveau-Brunswick,Propane,13,4
2023,Nouveau-Brunswick,Stations de recharge et de stations de ravitaillement en carburants de remplacement total,13,210
2023,Nouveau-Brunswick,Électrique,13,206
2024,Nouveau-Brunswick,Stations de recharge et de stations de ravitaillement en carburants de remplacement total,13,245
2024,Nouveau-Brunswick,Électrique,13,240
2024,Nouveau-Brunswick,Propane,13,5
2025,Nouveau-Brunswick,Stations de recharge et de stations de ravitaillement en carburants de remplacement total,13,290
2025,Nouveau-Brunswick,Électrique,13,285
2026,Nouveau-Brunswick,Stations de recharge et de stations de ravitaillement en carburants de remplacement total,13,292
2026,Nouveau-Brunswick,Électrique,13,287
2012,Terre-Neuve-et-Labrador,Stations de recharge et de stations de ravitaillement en carburants de remplacement total,10,1
2012,Terre-Neuve-et-Labrador,Électrique,10,1
2013,Terre-Neuve-et-Labrador,Stations de recharge et de stations de ravitaillement en carburants de remplacement total,10,5
2013,Terre-Neuve-et-Labrador,Électrique,10,5
2014,Terre-Neuve-et-Labrador,Stations de recharge et de stations de ravitaillement en carburants de remplacement total,10,7
2014,Terre-Neuve-et-Labrador,Électrique,10,7
2015,Terre-Neuve-et-Labrador,Stations de recharge et de stations de ravitaillement en carburants de remplacement total,10,8
2015,Terre-Neuve-et-Labrador,Électrique,10,8
2016,Terre-Neuve-et-Labrador,Stations de recharge et de stations de ravitaillement en carburants de remplacement total,10,14
2016,Terre-Neuve-et-Labrador,Électrique,10,14
2018,Terre-Neuve-et-Labrador,Stations de recharge et de stations de ravitaillement en carburants de remplacement total,10,17
2018,Terre-Neuve-et-Labrador,Électrique,10,17
2019,Terre-Neuve-et-Labrador,Stations de recharge et de stations de ravitaillement en carburants de remplacement total,10,18
2019,Terre-Neuve-et-Labrador,Électrique,10,18
2021,Terre-Neuve-et-Labrador,Stations de recharge et de stations de ravitaillement en carburants de remplacement total,10,50
2021,Terre-Neuve-et-Labrador,Électrique,10,50
2022,Terre-Neuve-et-Labrador,Stations de recharge et de stations de ravitaillement en carburants de remplacement total,10,100
2022,Terre-Neuve-et-Labrador,Électrique,10,100
2023,Terre-Neuve-et-Labrador,Stations de recharge et de stations de ravitaillement en carburants de remplacement total,10,122
2023,Terre-Neuve-et-Labrador,Électrique,10,121
2023,Terre-Neuve-et-Labrador,Propane,10,1
2024,Terre-Neuve-et-Labrador,Stations de recharge et de stations de ravitaillement en carburants de remplacement total,10,131
2024,Terre-Neuve-et-Labrador,Électrique,10,129
2024,Terre-Neuve-et-Labrador,Propane,10,2
2025,Terre-Neuve-et-Labrador,Stations de recharge et de stations de ravitaillement en carburants de remplacement total,10,156
2025,Terre-Neuve-et-Labrador,Électrique,10,154
2015,Territoires du Nord-Ouest,Stations de recharge et de stations de ravitaillement en carburants de remplacement total,61,1
2015,Territoires du Nord-Ouest,Propane,61,1
2020,Territoires du Nord-Ouest,Stations de recharge et de stations de ravitaillement en carburants de remplacement total,61,2
2020,Territoires du Nord-Ouest,Électrique,61,1
2023,Territoires du Nord-Ouest,Stations de recharge et de stations de ravitaillement en carburants de remplacement total,61,3
2023,Territoires du Nord-Ouest,Électrique,61,2
2024,Territoires du Nord-Ouest,Stations de recharge et de stations de ravitaillement en carburants de remplacement total,61,8
2024,Territoires du Nord-Ouest,Électrique,61,7
2025,Territoires du Nord-Ouest,Stations de recharge et de stations de ravitaillement en carburants de remplacement total,61,14
2025,Territoires du Nord-Ouest,Électrique,61,13
2012,Nouvelle-Écosse,Stations de recharge et de stations de ravitaillement en carburants de remplacement total,12,1
2012,Nouvelle-Écosse,Électrique,12,1
2013,Nouvelle-Écosse,Stations de recharge et de stations de ravitaillement en carburants de remplacement total,12,4
2013,Nouvelle-Écosse,Électrique,12,3
2013,Nouvelle-Écosse,Propane,12,1
2014,Nouvelle-Écosse,Stations de recharge et de stations de ravitaillement en carburants de remplacement total,12,10
2014,Nouvelle-Écosse,Électrique,12,9
2015,Nouvelle-Écosse,Stations de recharge et de stations de ravitaillement en carburants de remplacement total,12,22
2015,Nouvelle-Écosse,Électrique,12,20
2015,Nouvelle-Écosse,Propane,12,2
2016,Nouvelle-Écosse,Stations de recharge et de stations de ravitaillement en carburants de remplacement total,12,24
2016,Nouvelle-Écosse,Électrique,12,22
2017,Nouvelle-Écosse,Stations de recharge et de stations de ravitaillement en carburants de remplacement total,12,27
2017,Nouvelle-Écosse,Électrique,12,25
2018,Nouvelle-Écosse,Stations de recharge et de stations de ravitaillement en carburants de remplacement total,12,28
2018,Nouvelle-Écosse,Électrique,12,26
2019,Nouvelle-Écosse,Stations de recharge et de stations de ravitaillement en carburants de remplacement total,12,47
2019,Nouvelle-Écosse,Électrique,12,45
2020,Nouvelle-Écosse,Stations de recharge et de stations de ravitaillement en carburants de remplacement total,12,54
2020,Nouvelle-Écosse,Électrique,12,52
2021,Nouvelle-Écosse,Stations de recharge et de stations de ravitaillement en carburants de remplacement total,12,76
2021,Nouvelle-Écosse,Électrique,12,73
2021,Nouvelle-Écosse,Propane,12,3
2022,Nouvelle-Écosse,Stations de recharge et de stations de ravitaillement en carburants de remplacement total,12,148
2022,Nouvelle-Écosse,Électrique,12,144
2022,Nouvelle-Écosse,Propane,12,4
2023,Nouvelle-Écosse,Stations de recharge et de stations de ravitaillement en carburants de remplacement total,12,218
2023,Nouvelle-Écosse,Électrique,12,214
2024,Nouvelle-Écosse,Stations de recharge et de stations de ravitaillement en carburants de remplacement total,12,267
2024,Nouvelle-Écosse,Électrique,12,262
2024,Nouvelle-Écosse,Propane,12,5
2025,Nouvelle-Écosse,Stations de recharge et de stations de ravitaillement en carburants de remplacement total,12,316
2025,Nouvelle-Écosse,Électrique,12,311
2010,Ontario,Stations de recharge et de stations de ravitaillement en carburants de remplacement total,35,30
2010,Ontario,Électrique,35,2
2010,Ontario,Propane,35,28
2011,Ontario,Stations de recharge et de stations de ravitaillement en carburants de remplacement total,35,38
2011,Ontario,Électrique,35,10
2012,Ontario,Stations de recharge et de stations de ravitaillement en carburants de remplacement total,35,48
2012,Ontario,Électrique,35,20
2013,Ontario,Stations de recharge et de stations de ravitaillement en carburants de remplacement total,35,68
2013,Ontario,Électrique,35,38
2013,Ontario,Propane,35,30
2014,Ontario,Stations de recharge et de stations de ravitaillement en carburants de remplacement total,35,104
2014,Ontario,Gaz naturel comprimé,35,1
2014,Ontario,Électrique,35,72
2014,Ontario,Propane,35,31
2015,Ontario,Stations de recharge et de stations de ravitaillement en carburants de remplacement total,35,190
2015,Ontario,Gaz naturel comprimé,35,2
2015,Ontario,Électrique,35,156
2015,Ontario,Propane,35,32
2016,Ontario,Stations de recharge et de stations de ravitaillement en carburants de remplacement total,35,236
2016,Ontario,Électrique,35,200
2016,Ontario,Hydrogène,35,1
2016,Ontario,Propane,35,33
2017,Ontario,Stations de recharge et de stations de ravitaillement en carburants de remplacement total,35,380
2017,Ontario,Gaz naturel comprimé,35,4
2017,Ontario,Électrique,35,303
2017,Ontario,Propane,35,72
2018,Ontario,Stations de recharge et de stations de ravitaillement en carburants de remplacement total,35,488
2018,Ontario,Gaz naturel comprimé,35,7
2018,Ontario,Électrique,35,405
2018,Ontario,Propane,35,75
2019,Ontario,Stations de recharge et de stations de ravitaillement en carburants de remplacement total,35,772
2019,Ontario,Gaz naturel comprimé,35,8
2019,Ontario,Électrique,35,683
2019,Ontario,Propane,35,80
2020,Ontario,Stations de recharge et de stations de ravitaillement en carburants de remplacement total,35,983
2020,Ontario,Électrique,35,887
2020,Ontario,Propane,35,87
2021,Ontario,Stations de recharge et de stations de ravitaillement en carburants de remplacement total,35,1429
2021,Ontario,Gaz naturel comprimé,35,9
2021,Ontario,Électrique,35,1331
2021,Ontario,Propane,35,88
2022,Ontario,Stations de recharge et de stations de ravitaillement en carburants de remplacement total,35,2232
2022,Ontario,Gaz naturel comprimé,35,12
2022,Ontario,Électrique,35,2118
2022,Ontario,Propane,35,101
2023,Ontario,Stations de recharge et de stations de ravitaillement en carburants de remplacement total,35,3519
2023,Ontario,Électrique,35,3401
2023,Ontario,Propane,35,105
2024,Ontario,Stations de recharge et de stations de ravitaillement en carburants de remplacement total,35,4403
2024,Ontario,Électrique,35,4268
2024,Ontario,Hydrogène,35,2
2024,Ontario,Propane,35,121
2025,Ontario,Stations de recharge et de stations de ravitaillement en carburants de remplacement total,35,5158
2025,Ontario,Électrique,35,5021
2025,Ontario,Propane,35,123
2026,Ontario,Stations de recharge et de stations de ravitaillement en carburants de remplacement total,35,5167
2026,Ontario,Électrique,35,5030
2013,Île-du-Prince-Édouard,Stations de recharge et de stations de ravitaillement en carburants de remplacement total,11,1
2013,Île-du-Prince-Édouard,Électrique,11,1
2014,Île-du-Prince-Édouard,Stations de recharge et de stations de ravitaillement en carburants de remplacement total,11,5
2014,Île-du-Prince-Édouard,Électrique,11,5
2015,Île-du-Prince-Édouard,Stations de recharge et de stations de ravitaillement en carburants de remplacement total,11,11
2015,Île-du-Prince-Édouard,Électrique,11,11
2017,Île-du-Prince-Édouard,Stations de recharge et de stations de ravitaillement en carburants de remplacement total,11,15
2017,Île-du-Prince-Édouard,Électrique,11,15
2018,Île-du-Prince-Édouard,Stations de recharge et de stations de ravitaillement en carburants de remplacement total,11,17
2018,Île-du-Prince-Édouard,Électrique,11,17
2019,Île-du-Prince-Édouard,Stations de recharge et de stations de ravitaillement en carburants de remplacement total,11,18
2019,Île-du-Prince-Édouard,Électrique,11,18
2020,Île-du-Prince-Édouard,Stations de recharge et de stations de ravitaillement en carburants de remplacement total,11,25
2020,Île-du-Prince-Édouard,Électrique,11,25
2021,Île-du-Prince-Édouard,Stations de recharge et de stations de ravitaillement en carburants de remplacement total,11,52
2021,Île-du-Prince-Édouard,Électrique,11,52
2022,Île-du-Prince-Édouard,Stations de recharge et de stations de ravitaillement en carburants de remplacement total,11,88
2022,Île-du-Prince-Édouard,Électrique,11,87
2022,Île-du-Prince-Édouard,Propane,11,1
2023,Île-du-Prince-Édouard,Stations de recharge et de stations de ravitaillement en carburants de remplacement total,11,144
2023,Île-du-Prince-Édouard,Électrique,11,143
2024,Île-du-Prince-Édouard,Stations de recharge et de stations de ravitaillement en carburants de remplacement total,11,159
2024,Île-du-Prince-Édouard,Électrique,11,157
2024,Île-du-Prince-Édouard,Propane,11,2
2025,Île-du-Prince-Édouard,Stations de recharge et de stations de ravitaillement en carburants de remplacement total,11,175
2025,Île-du-Prince-Édouard,Électrique,11,173
2026,Île-du-Prince-Édouard,Stations de recharge et de stations de ravitaillement en carburants de remplacement total,11,176
2026,Île-du-Prince-Édouard,Électrique,11,174
2010,Québec,Stations de recharge et de stations de ravitaillement en carburants de remplacement total,24,9
2010,Québec,Électrique,24,2
2011,Québec,Stations de recharge et de stations de ravitaillement en carburants de remplacement total,24,10
2011,Québec,Électrique,24,3
2012,Québec,Stations de recharge et de stations de ravitaillement en carburants de remplacement total,24,19
2012,Québec,Électrique,24,12
2013,Québec,Stations de recharge et de stations de ravitaillement en carburants de remplacement total,24,36
2013,Québec,Gaz naturel comprimé,24,2
2013,Québec,Électrique,24,27
2014,Québec,Stations de recharge et de stations de ravitaillement en carburants de remplacement total,24,70
2014,Québec,Électrique,24,60
2014,Québec,Propane,24,8
2015,Québec,Stations de recharge et de stations de ravitaillement en carburants de remplacement total,24,159
2015,Québec,Gaz naturel comprimé,24,3
2015,Québec,Électrique,24,141
2015,Québec,Propane,24,15
2016,Québec,Stations de recharge et de stations de ravitaillement en carburants de remplacement total,24,250
2016,Québec,Électrique,24,231
2016,Québec,Propane,24,16
2017,Québec,Stations de recharge et de stations de ravitaillement en carburants de remplacement total,24,427
2017,Québec,Gaz naturel comprimé,24,4
2017,Québec,Électrique,24,285
2017,Québec,Propane,24,138
2018,Québec,Stations de recharge et de stations de ravitaillement en carburants de remplacement total,24,464
2018,Québec,Gaz naturel comprimé,24,5
2018,Québec,Électrique,24,316
2018,Québec,Hydrogène,24,1
2018,Québec,Propane,24,142
2019,Québec,Stations de recharge et de stations de ravitaillement en carburants de remplacement total,24,1891
2019,Québec,Gaz naturel comprimé,24,7
2019,Québec,Électrique,24,1737
2019,Québec,Propane,24,146
2020,Québec,Stations de recharge et de stations de ravitaillement en carburants de remplacement total,24,2264
2020,Québec,Électrique,24,2110
2021,Québec,Stations de recharge et de stations de ravitaillement en carburants de remplacement total,24,2637
2021,Québec,Électrique,24,2481
2021,Québec,Propane,24,148
2022,Québec,Stations de recharge et de stations de ravitaillement en carburants de remplacement total,24,3170
2022,Québec,Gaz naturel comprimé,24,9
2022,Québec,Électrique,24,3011
2022,Québec,Hydrogène,24,2
2023,Québec,Stations de recharge et de stations de ravitaillement en carburants de remplacement total,24,3952
2023,Québec,Gaz naturel comprimé,24,10
2023,Québec,Électrique,24,3790
2023,Québec,Hydrogène,24,3
2023,Québec,Propane,24,149
2024,Québec,Stations de recharge et de stations de ravitaillement en carburants de remplacement total,24,4638
2024,Québec,Électrique,24,4475
2024,Québec,Propane,24,150
2025,Québec,Stations de recharge et de stations de ravitaillement en carburants de remplacement total,24,5369
2025,Québec,Gaz naturel comprimé,24,13
2025,Québec,Électrique,24,5200
2025,Québec,Hydrogène,24,5
2025,Québec,Propane,24,151
2026,Québec,Stations de recharge et de stations de ravitaillement en carburants de remplacement total,24,5372
2026,Québec,Électrique,24,5203
2014,Saskatchewan,Stations de recharge et de stations de ravitaillement en carburants de remplacement total,47,8
2014,Saskatchewan,Électrique,47,3
2014,Saskatchewan,Propane,47,5
2015,Saskatchewan,Stations de recharge et de stations de ravitaillement en carburants de remplacement total,47,16
2015,Saskatchewan,Électrique,47,10
2015,Saskatchewan,Propane,47,6
2016,Saskatchewan,Stations de recharge et de stations de ravitaillement en carburants de remplacement total,47,20
2016,Saskatchewan,Électrique,47,14
2017,Saskatchewan,Stations de recharge et de stations de ravitaillement en carburants de remplacement total,47,25
2017,Saskatchewan,Électrique,47,19
2018,Saskatchewan,Stations de recharge et de stations de ravitaillement en carburants de remplacement total,47,93
2018,Saskatchewan,Électrique,47,21
2018,Saskatchewan,Propane,47,72
2019,Saskatchewan,Stations de recharge et de stations de ravitaillement en carburants de remplacement total,47,99
2019,Saskatchewan,Électrique,47,25
2019,Saskatchewan,Propane,47,74
2020,Saskatchewan,Stations de recharge et de stations de ravitaillement en carburants de remplacement total,47,107
2020,Saskatchewan,Électrique,47,33
2021,Saskatchewan,Stations de recharge et de stations de ravitaillement en carburants de remplacement total,47,127
2021,Saskatchewan,Électrique,47,53
2022,Saskatchewan,Stations de recharge et de stations de ravitaillement en carburants de remplacement total,47,167
2022,Saskatchewan,Gaz naturel comprimé,47,1
2022,Saskatchewan,Électrique,47,92
2023,Saskatchewan,Stations de recharge et de stations de ravitaillement en carburants de remplacement total,47,209
2023,Saskatchewan,Électrique,47,134
2024,Saskatchewan,Stations de recharge et de stations de ravitaillement en carburants de remplacement total,47,244
2024,Saskatchewan,Électrique,47,169
2025,Saskatchewan,Stations de recharge et de stations de ravitaillement en carburants de remplacement total,47,284
2025,Saskatchewan,Électrique,47,209
2026,Saskatchewan,Stations de recharge et de stations de ravitaillement en carburants de remplacement total,47,285
2026,Saskatchewan,Électrique,47,210
2019,Yukon,Stations de recharge et de stations de ravitaillement en carburants de remplacement total,60,4
2019,Yukon,Électrique,60,2
2019,Yukon,Propane,60,2
2020,Yukon,Stations de recharge et de stations de ravitaillement en carburants de remplacement total,60,7
2020,Yukon,Électrique,60,5
2022,Yukon,Stations de recharge et de stations de ravitaillement en carburants de remplacement total,60,15
2022,Yukon,Électrique,60,13
2023,Yukon,Stations de recharge et de stations de ravitaillement en carburants de remplacement total,60,36
2023,Yukon,Électrique,60,34
2024,Yukon,Stations de recharge et de stations de ravitaillement en carburants de remplacement total,60,41
2024,Yukon,Électrique,60,39
2025,Yukon,Stations de recharge et de stations de ravitaillement en carburants de remplacement total,60,49
2025,Yukon,Électrique,60,47
