Year,Géographie,Type de poste de recharge ou de ravitaillement,GeoCode,Value
2010,,,,108
2011,,,,124
2012,,,,162
2013,,,,251
2014,,,,371
2015,,,,719
2016,,,,919
2017,,,,1460
2018,,,,1929
2019,,,,4041
2020,,,,4900
2021,,,,6211
2022,,,,8559
2023,,,,12032
2024,,,,14446
2025,,,,14864
2010,Alberta,Stations de recharge et de stations de ravitaillement en carburants de remplacement total,48,26
2010,Alberta,Propane,48,26
2011,Alberta,Stations de recharge et de stations de ravitaillement en carburants de remplacement total,48,27
2011,Alberta,Propane,48,27
2012,Alberta,Stations de recharge et de stations de ravitaillement en carburants de remplacement total,48,32
2012,Alberta,Électrique,48,2
2012,Alberta,Propane,48,30
2013,Alberta,Stations de recharge et de stations de ravitaillement en carburants de remplacement total,48,39
2013,Alberta,Électrique,48,8
2013,Alberta,Propane,48,31
2014,Alberta,Stations de recharge et de stations de ravitaillement en carburants de remplacement total,48,44
2014,Alberta,Électrique,48,13
2015,Alberta,Stations de recharge et de stations de ravitaillement en carburants de remplacement total,48,73
2015,Alberta,Électrique,48,41
2015,Alberta,Propane,48,32
2016,Alberta,Stations de recharge et de stations de ravitaillement en carburants de remplacement total,48,84
2016,Alberta,Électrique,48,51
2016,Alberta,Propane,48,33
2017,Alberta,Stations de recharge et de stations de ravitaillement en carburants de remplacement total,48,152
2017,Alberta,Gaz naturel comprimé,48,1
2017,Alberta,Électrique,48,81
2017,Alberta,Propane,48,70
2018,Alberta,Stations de recharge et de stations de ravitaillement en carburants de remplacement total,48,236
2018,Alberta,Gaz naturel comprimé,48,10
2018,Alberta,Électrique,48,91
2018,Alberta,Propane,48,135
2019,Alberta,Stations de recharge et de stations de ravitaillement en carburants de remplacement total,48,272
2019,Alberta,Électrique,48,126
2019,Alberta,Propane,48,136
2020,Alberta,Stations de recharge et de stations de ravitaillement en carburants de remplacement total,48,301
2020,Alberta,Gaz naturel comprimé,48,11
2020,Alberta,Électrique,48,151
2020,Alberta,Propane,48,139
2021,Alberta,Stations de recharge et de stations de ravitaillement en carburants de remplacement total,48,355
2021,Alberta,Électrique,48,202
2021,Alberta,Propane,48,142
2022,Alberta,Stations de recharge et de stations de ravitaillement en carburants de remplacement total,48,531
2022,Alberta,Gaz naturel comprimé,48,12
2022,Alberta,Électrique,48,377
2023,Alberta,Stations de recharge et de stations de ravitaillement en carburants de remplacement total,48,751
2023,Alberta,Gaz naturel comprimé,48,13
2023,Alberta,Électrique,48,595
2023,Alberta,Propane,48,143
2024,Alberta,Stations de recharge et de stations de ravitaillement en carburants de remplacement total,48,927
2024,Alberta,Électrique,48,771
2025,Alberta,Stations de recharge et de stations de ravitaillement en carburants de remplacement total,48,938
2025,Alberta,Électrique,48,780
2025,Alberta,Propane,48,145
2010,Colombie-Britannique,Stations de recharge et de stations de ravitaillement en carburants de remplacement total,59,39
2010,Colombie-Britannique,Biodiesel,59,1
2010,Colombie-Britannique,Propane,59,38
2011,Colombie-Britannique,Stations de recharge et de stations de ravitaillement en carburants de remplacement total,59,43
2011,Colombie-Britannique,Électrique,59,4
2012,Colombie-Britannique,Stations de recharge et de stations de ravitaillement en carburants de remplacement total,59,49
2012,Colombie-Britannique,Électrique,59,9
2012,Colombie-Britannique,Propane,59,39
2013,Colombie-Britannique,Stations de recharge et de stations de ravitaillement en carburants de remplacement total,59,71
2013,Colombie-Britannique,Électrique,59,29
2013,Colombie-Britannique,Propane,59,41
2014,Colombie-Britannique,Stations de recharge et de stations de ravitaillement en carburants de remplacement total,59,92
2014,Colombie-Britannique,Électrique,59,49
2014,Colombie-Britannique,Propane,59,42
2015,Colombie-Britannique,Stations de recharge et de stations de ravitaillement en carburants de remplacement total,59,181
2015,Colombie-Britannique,Gaz naturel comprimé,59,2
2015,Colombie-Britannique,Électrique,59,135
2015,Colombie-Britannique,Propane,59,43
2016,Colombie-Britannique,Stations de recharge et de stations de ravitaillement en carburants de remplacement total,59,206
2016,Colombie-Britannique,Électrique,59,157
2016,Colombie-Britannique,Propane,59,46
2017,Colombie-Britannique,Stations de recharge et de stations de ravitaillement en carburants de remplacement total,59,296
2017,Colombie-Britannique,Gaz naturel comprimé,59,4
2017,Colombie-Britannique,Électrique,59,206
2017,Colombie-Britannique,Propane,59,85
2018,Colombie-Britannique,Stations de recharge et de stations de ravitaillement en carburants de remplacement total,59,400
2018,Colombie-Britannique,Électrique,59,275
2018,Colombie-Britannique,Hydrogène,59,1
2018,Colombie-Britannique,Propane,59,119
2019,Colombie-Britannique,Stations de recharge et de stations de ravitaillement en carburants de remplacement total,59,623
2019,Colombie-Britannique,Électrique,59,494
2019,Colombie-Britannique,Hydrogène,59,2
2019,Colombie-Britannique,Propane,59,122
2020,Colombie-Britannique,Stations de recharge et de stations de ravitaillement en carburants de remplacement total,59,775
2020,Colombie-Britannique,Électrique,59,643
2020,Colombie-Britannique,Hydrogène,59,3
2020,Colombie-Britannique,Propane,59,124
2021,Colombie-Britannique,Stations de recharge et de stations de ravitaillement en carburants de remplacement total,59,1060
2021,Colombie-Britannique,Gaz naturel comprimé,59,5
2021,Colombie-Britannique,Électrique,59,925
2021,Colombie-Britannique,Hydrogène,59,4
2021,Colombie-Britannique,Propane,59,125
2022,Colombie-Britannique,Stations de recharge et de stations de ravitaillement en carburants de remplacement total,59,1543
2022,Colombie-Britannique,Électrique,59,1404
2022,Colombie-Britannique,Hydrogène,59,5
2022,Colombie-Britannique,Propane,59,128
2023,Colombie-Britannique,Stations de recharge et de stations de ravitaillement en carburants de remplacement total,59,2160
2023,Colombie-Britannique,Gaz naturel comprimé,59,7
2023,Colombie-Britannique,Électrique,59,2014
2023,Colombie-Britannique,Éthanol,59,1
2023,Colombie-Britannique,Hydrogène,59,9
2024,Colombie-Britannique,Stations de recharge et de stations de ravitaillement en carburants de remplacement total,59,2608
2024,Colombie-Britannique,Électrique,59,2459
2024,Colombie-Britannique,Hydrogène,59,10
2024,Colombie-Britannique,Propane,59,130
2025,Colombie-Britannique,Stations de recharge et de stations de ravitaillement en carburants de remplacement total,59,2675
2025,Colombie-Britannique,Électrique,59,2524
2025,Colombie-Britannique,Propane,59,132
2010,Canada,Biodiesel,,1
2010,Canada,Électrique,,6
2010,Canada,Propane,,100
2011,Canada,Électrique,,21
2011,Canada,Propane,,101
2012,Canada,Électrique,,55
2012,Canada,Propane,,105
2013,Canada,Gaz naturel comprimé,,2
2013,Canada,Électrique,,136
2013,Canada,Propane,,111
2014,Canada,Gaz naturel comprimé,,3
2014,Canada,Électrique,,251
2014,Canada,Propane,,115
2015,Canada,Gaz naturel comprimé,,7
2015,Canada,Électrique,,582
2015,Canada,Propane,,128
2016,Canada,Électrique,,776
2016,Canada,Hydrogène,,1
2016,Canada,Propane,,133
2017,Canada,Gaz naturel comprimé,,13
2017,Canada,Électrique,,1063
2017,Canada,Propane,,381
2018,Canada,Gaz naturel comprimé,,27
2018,Canada,Électrique,,1299
2018,Canada,Hydrogène,,3
2018,Canada,Propane,,598
2019,Canada,Gaz naturel comprimé,,30
2019,Canada,Électrique,,3388
2019,Canada,Hydrogène,,4
2019,Canada,Gaz naturel liquéfié,,1
2019,Canada,Propane,,616
2020,Canada,Gaz naturel comprimé,,31
2020,Canada,Électrique,,4232
2020,Canada,Hydrogène,,5
2020,Canada,Propane,,629
2021,Canada,Gaz naturel comprimé,,33
2021,Canada,Électrique,,5532
2021,Canada,Hydrogène,,6
2021,Canada,Propane,,637
2022,Canada,Gaz naturel comprimé,,41
2022,Canada,Électrique,,7849
2022,Canada,Hydrogène,,8
2022,Canada,Propane,,658
2023,Canada,Gaz naturel comprimé,,46
2023,Canada,Électrique,,11301
2023,Canada,Éthanol,,2
2023,Canada,Hydrogène,,16
2023,Canada,Propane,,665
2024,Canada,Gaz naturel comprimé,,47
2024,Canada,Électrique,,13702
2024,Canada,Hydrogène,,17
2024,Canada,Propane,,676
2025,Canada,Électrique,,14101
2025,Canada,Propane,,695
2010,Manitoba,Stations de recharge et de stations de ravitaillement en carburants de remplacement total,46,3
2010,Manitoba,Électrique,46,1
2013,Manitoba,Stations de recharge et de stations de ravitaillement en carburants de remplacement total,46,8
2013,Manitoba,Électrique,46,6
2014,Manitoba,Stations de recharge et de stations de ravitaillement en carburants de remplacement total,46,9
2014,Manitoba,Électrique,46,7
2015,Manitoba,Stations de recharge et de stations de ravitaillement en carburants de remplacement total,46,14
2015,Manitoba,Électrique,46,12
2016,Manitoba,Stations de recharge et de stations de ravitaillement en carburants de remplacement total,46,15
2016,Manitoba,Électrique,46,13
2017,Manitoba,Stations de recharge et de stations de ravitaillement en carburants de remplacement total,46,24
2017,Manitoba,Électrique,46,18
2017,Manitoba,Propane,46,6
2018,Manitoba,Stations de recharge et de stations de ravitaillement en carburants de remplacement total,46,67
2018,Manitoba,Propane,46,49
2019,Manitoba,Stations de recharge et de stations de ravitaillement en carburants de remplacement total,46,79
2019,Manitoba,Électrique,46,29
2019,Manitoba,Propane,46,50
2020,Manitoba,Stations de recharge et de stations de ravitaillement en carburants de remplacement total,46,84
2020,Manitoba,Électrique,46,34
2021,Manitoba,Stations de recharge et de stations de ravitaillement en carburants de remplacement total,46,96
2021,Manitoba,Électrique,46,46
2022,Manitoba,Stations de recharge et de stations de ravitaillement en carburants de remplacement total,46,160
2022,Manitoba,Gaz naturel comprimé,46,1
2022,Manitoba,Électrique,46,109
2023,Manitoba,Stations de recharge et de stations de ravitaillement en carburants de remplacement total,46,248
2023,Manitoba,Électrique,46,197
2024,Manitoba,Stations de recharge et de stations de ravitaillement en carburants de remplacement total,46,346
2024,Manitoba,Électrique,46,294
2024,Manitoba,Propane,46,51
2025,Manitoba,Stations de recharge et de stations de ravitaillement en carburants de remplacement total,46,355
2025,Manitoba,Électrique,46,301
2025,Manitoba,Propane,46,53
2011,Nouveau-Brunswick,Stations de recharge et de stations de ravitaillement en carburants de remplacement total,13,2
2011,Nouveau-Brunswick,Électrique,13,1
2012,Nouveau-Brunswick,Stations de recharge et de stations de ravitaillement en carburants de remplacement total,13,5
2012,Nouveau-Brunswick,Électrique,13,4
2013,Nouveau-Brunswick,Stations de recharge et de stations de ravitaillement en carburants de remplacement total,13,9
2013,Nouveau-Brunswick,Électrique,13,8
2014,Nouveau-Brunswick,Stations de recharge et de stations de ravitaillement en carburants de remplacement total,13,12
2014,Nouveau-Brunswick,Électrique,13,11
2015,Nouveau-Brunswick,Stations de recharge et de stations de ravitaillement en carburants de remplacement total,13,18
2015,Nouveau-Brunswick,Électrique,13,17
2016,Nouveau-Brunswick,Stations de recharge et de stations de ravitaillement en carburants de remplacement total,13,22
2016,Nouveau-Brunswick,Électrique,13,21
2017,Nouveau-Brunswick,Stations de recharge et de stations de ravitaillement en carburants de remplacement total,13,43
2017,Nouveau-Brunswick,Électrique,13,42
2018,Nouveau-Brunswick,Stations de recharge et de stations de ravitaillement en carburants de remplacement total,13,48
2018,Nouveau-Brunswick,Électrique,13,46
2018,Nouveau-Brunswick,Propane,13,2
2019,Nouveau-Brunswick,Stations de recharge et de stations de ravitaillement en carburants de remplacement total,13,67
2019,Nouveau-Brunswick,Électrique,13,65
2020,Nouveau-Brunswick,Stations de recharge et de stations de ravitaillement en carburants de remplacement total,13,86
2020,Nouveau-Brunswick,Électrique,13,83
2020,Nouveau-Brunswick,Propane,13,3
2021,Nouveau-Brunswick,Stations de recharge et de stations de ravitaillement en carburants de remplacement total,13,111
2021,Nouveau-Brunswick,Électrique,13,108
2022,Nouveau-Brunswick,Stations de recharge et de stations de ravitaillement en carburants de remplacement total,13,145
2022,Nouveau-Brunswick,Électrique,13,140
2022,Nouveau-Brunswick,Propane,13,5
2023,Nouveau-Brunswick,Stations de recharge et de stations de ravitaillement en carburants de remplacement total,13,222
2023,Nouveau-Brunswick,Électrique,13,217
2024,Nouveau-Brunswick,Stations de recharge et de stations de ravitaillement en carburants de remplacement total,13,254
2024,Nouveau-Brunswick,Électrique,13,249
2025,Nouveau-Brunswick,Stations de recharge et de stations de ravitaillement en carburants de remplacement total,13,261
2025,Nouveau-Brunswick,Électrique,13,255
2025,Nouveau-Brunswick,Propane,13,6
2012,Terre-Neuve-et-Labrador,Stations de recharge et de stations de ravitaillement en carburants de remplacement total,10,1
2012,Terre-Neuve-et-Labrador,Électrique,10,1
2013,Terre-Neuve-et-Labrador,Stations de recharge et de stations de ravitaillement en carburants de remplacement total,10,5
2013,Terre-Neuve-et-Labrador,Électrique,10,5
2014,Terre-Neuve-et-Labrador,Stations de recharge et de stations de ravitaillement en carburants de remplacement total,10,7
2014,Terre-Neuve-et-Labrador,Électrique,10,7
2015,Terre-Neuve-et-Labrador,Stations de recharge et de stations de ravitaillement en carburants de remplacement total,10,8
2015,Terre-Neuve-et-Labrador,Électrique,10,8
2016,Terre-Neuve-et-Labrador,Stations de recharge et de stations de ravitaillement en carburants de remplacement total,10,14
2016,Terre-Neuve-et-Labrador,Électrique,10,14
2018,Terre-Neuve-et-Labrador,Stations de recharge et de stations de ravitaillement en carburants de remplacement total,10,18
2018,Terre-Neuve-et-Labrador,Électrique,10,18
2019,Terre-Neuve-et-Labrador,Stations de recharge et de stations de ravitaillement en carburants de remplacement total,10,19
2019,Terre-Neuve-et-Labrador,Électrique,10,19
2021,Terre-Neuve-et-Labrador,Stations de recharge et de stations de ravitaillement en carburants de remplacement total,10,49
2021,Terre-Neuve-et-Labrador,Électrique,10,49
2022,Terre-Neuve-et-Labrador,Stations de recharge et de stations de ravitaillement en carburants de remplacement total,10,96
2022,Terre-Neuve-et-Labrador,Électrique,10,96
2023,Terre-Neuve-et-Labrador,Stations de recharge et de stations de ravitaillement en carburants de remplacement total,10,137
2023,Terre-Neuve-et-Labrador,Électrique,10,136
2023,Terre-Neuve-et-Labrador,Propane,10,1
2024,Terre-Neuve-et-Labrador,Stations de recharge et de stations de ravitaillement en carburants de remplacement total,10,144
2024,Terre-Neuve-et-Labrador,Électrique,10,143
2025,Terre-Neuve-et-Labrador,Stations de recharge et de stations de ravitaillement en carburants de remplacement total,10,147
2025,Terre-Neuve-et-Labrador,Électrique,10,145
2025,Terre-Neuve-et-Labrador,Propane,10,2
2015,Territoires du Nord-Ouest,Stations de recharge et de stations de ravitaillement en carburants de remplacement total,61,1
2015,Territoires du Nord-Ouest,Propane,61,1
2020,Territoires du Nord-Ouest,Stations de recharge et de stations de ravitaillement en carburants de remplacement total,61,2
2020,Territoires du Nord-Ouest,Électrique,61,1
2023,Territoires du Nord-Ouest,Stations de recharge et de stations de ravitaillement en carburants de remplacement total,61,3
2023,Territoires du Nord-Ouest,Électrique,61,2
2024,Territoires du Nord-Ouest,Stations de recharge et de stations de ravitaillement en carburants de remplacement total,61,8
2024,Territoires du Nord-Ouest,Électrique,61,7
2025,Territoires du Nord-Ouest,Stations de recharge et de stations de ravitaillement en carburants de remplacement total,61,12
2025,Territoires du Nord-Ouest,Électrique,61,11
2012,Nouvelle-Écosse,Stations de recharge et de stations de ravitaillement en carburants de remplacement total,12,1
2012,Nouvelle-Écosse,Électrique,12,1
2013,Nouvelle-Écosse,Stations de recharge et de stations de ravitaillement en carburants de remplacement total,12,5
2013,Nouvelle-Écosse,Électrique,12,4
2013,Nouvelle-Écosse,Propane,12,1
2014,Nouvelle-Écosse,Stations de recharge et de stations de ravitaillement en carburants de remplacement total,12,11
2014,Nouvelle-Écosse,Électrique,12,10
2015,Nouvelle-Écosse,Stations de recharge et de stations de ravitaillement en carburants de remplacement total,12,23
2015,Nouvelle-Écosse,Électrique,12,21
2015,Nouvelle-Écosse,Propane,12,2
2016,Nouvelle-Écosse,Stations de recharge et de stations de ravitaillement en carburants de remplacement total,12,25
2016,Nouvelle-Écosse,Électrique,12,23
2017,Nouvelle-Écosse,Stations de recharge et de stations de ravitaillement en carburants de remplacement total,12,28
2017,Nouvelle-Écosse,Électrique,12,26
2018,Nouvelle-Écosse,Stations de recharge et de stations de ravitaillement en carburants de remplacement total,12,30
2018,Nouvelle-Écosse,Électrique,12,28
2019,Nouvelle-Écosse,Stations de recharge et de stations de ravitaillement en carburants de remplacement total,12,51
2019,Nouvelle-Écosse,Électrique,12,49
2020,Nouvelle-Écosse,Stations de recharge et de stations de ravitaillement en carburants de remplacement total,12,59
2020,Nouvelle-Écosse,Électrique,12,57
2021,Nouvelle-Écosse,Stations de recharge et de stations de ravitaillement en carburants de remplacement total,12,81
2021,Nouvelle-Écosse,Électrique,12,78
2021,Nouvelle-Écosse,Propane,12,3
2022,Nouvelle-Écosse,Stations de recharge et de stations de ravitaillement en carburants de remplacement total,12,150
2022,Nouvelle-Écosse,Électrique,12,146
2022,Nouvelle-Écosse,Propane,12,4
2023,Nouvelle-Écosse,Stations de recharge et de stations de ravitaillement en carburants de remplacement total,12,218
2023,Nouvelle-Écosse,Électrique,12,214
2024,Nouvelle-Écosse,Stations de recharge et de stations de ravitaillement en carburants de remplacement total,12,258
2024,Nouvelle-Écosse,Électrique,12,254
2025,Nouvelle-Écosse,Stations de recharge et de stations de ravitaillement en carburants de remplacement total,12,270
2025,Nouvelle-Écosse,Électrique,12,265
2025,Nouvelle-Écosse,Propane,12,5
2010,Ontario,Stations de recharge et de stations de ravitaillement en carburants de remplacement total,35,27
2010,Ontario,Électrique,35,3
2010,Ontario,Propane,35,23
2011,Ontario,Stations de recharge et de stations de ravitaillement en carburants de remplacement total,35,36
2011,Ontario,Électrique,35,12
2012,Ontario,Stations de recharge et de stations de ravitaillement en carburants de remplacement total,35,46
2012,Ontario,Électrique,35,22
2013,Ontario,Stations de recharge et de stations de ravitaillement en carburants de remplacement total,35,69
2013,Ontario,Électrique,35,43
2013,Ontario,Propane,35,25
2014,Ontario,Stations de recharge et de stations de ravitaillement en carburants de remplacement total,35,104
2014,Ontario,Gaz naturel comprimé,35,1
2014,Ontario,Électrique,35,76
2014,Ontario,Propane,35,26
2015,Ontario,Stations de recharge et de stations de ravitaillement en carburants de remplacement total,35,202
2015,Ontario,Gaz naturel comprimé,35,2
2015,Ontario,Électrique,35,172
2015,Ontario,Propane,35,27
2016,Ontario,Stations de recharge et de stations de ravitaillement en carburants de remplacement total,35,255
2016,Ontario,Électrique,35,223
2016,Ontario,Hydrogène,35,1
2016,Ontario,Propane,35,28
2017,Ontario,Stations de recharge et de stations de ravitaillement en carburants de remplacement total,35,413
2017,Ontario,Gaz naturel comprimé,35,4
2017,Ontario,Électrique,35,339
2017,Ontario,Propane,35,68
2018,Ontario,Stations de recharge et de stations de ravitaillement en carburants de remplacement total,35,532
2018,Ontario,Gaz naturel comprimé,35,7
2018,Ontario,Électrique,35,451
2018,Ontario,Propane,35,72
2019,Ontario,Stations de recharge et de stations de ravitaillement en carburants de remplacement total,35,831
2019,Ontario,Gaz naturel comprimé,35,8
2019,Ontario,Électrique,35,744
2019,Ontario,Propane,35,77
2020,Ontario,Stations de recharge et de stations de ravitaillement en carburants de remplacement total,35,1066
2020,Ontario,Électrique,35,972
2020,Ontario,Propane,35,84
2021,Ontario,Stations de recharge et de stations de ravitaillement en carburants de remplacement total,35,1519
2021,Ontario,Gaz naturel comprimé,35,9
2021,Ontario,Électrique,35,1423
2021,Ontario,Propane,35,85
2022,Ontario,Stations de recharge et de stations de ravitaillement en carburants de remplacement total,35,2350
2022,Ontario,Gaz naturel comprimé,35,12
2022,Ontario,Électrique,35,2237
2022,Ontario,Propane,35,99
2023,Ontario,Stations de recharge et de stations de ravitaillement en carburants de remplacement total,35,3697
2023,Ontario,Électrique,35,3579
2023,Ontario,Hydrogène,35,2
2023,Ontario,Propane,35,103
2024,Ontario,Stations de recharge et de stations de ravitaillement en carburants de remplacement total,35,4553
2024,Ontario,Électrique,35,4428
2024,Ontario,Propane,35,110
2025,Ontario,Stations de recharge et de stations de ravitaillement en carburants de remplacement total,35,4720
2025,Ontario,Électrique,35,4586
2025,Ontario,Propane,35,119
2012,Île-du-Prince-Édouard,Stations de recharge et de stations de ravitaillement en carburants de remplacement total,11,2
2012,Île-du-Prince-Édouard,Électrique,11,2
2013,Île-du-Prince-Édouard,Stations de recharge et de stations de ravitaillement en carburants de remplacement total,11,4
2013,Île-du-Prince-Édouard,Électrique,11,4
2014,Île-du-Prince-Édouard,Stations de recharge et de stations de ravitaillement en carburants de remplacement total,11,8
2014,Île-du-Prince-Édouard,Électrique,11,8
2015,Île-du-Prince-Édouard,Stations de recharge et de stations de ravitaillement en carburants de remplacement total,11,14
2015,Île-du-Prince-Édouard,Électrique,11,14
2017,Île-du-Prince-Édouard,Stations de recharge et de stations de ravitaillement en carburants de remplacement total,11,17
2017,Île-du-Prince-Édouard,Électrique,11,17
2018,Île-du-Prince-Édouard,Stations de recharge et de stations de ravitaillement en carburants de remplacement total,11,19
2018,Île-du-Prince-Édouard,Électrique,11,19
2019,Île-du-Prince-Édouard,Stations de recharge et de stations de ravitaillement en carburants de remplacement total,11,20
2019,Île-du-Prince-Édouard,Électrique,11,20
2020,Île-du-Prince-Édouard,Stations de recharge et de stations de ravitaillement en carburants de remplacement total,11,27
2020,Île-du-Prince-Édouard,Électrique,11,27
2021,Île-du-Prince-Édouard,Stations de recharge et de stations de ravitaillement en carburants de remplacement total,11,52
2021,Île-du-Prince-Édouard,Électrique,11,52
2022,Île-du-Prince-Édouard,Stations de recharge et de stations de ravitaillement en carburants de remplacement total,11,90
2022,Île-du-Prince-Édouard,Électrique,11,89
2022,Île-du-Prince-Édouard,Propane,11,1
2023,Île-du-Prince-Édouard,Stations de recharge et de stations de ravitaillement en carburants de remplacement total,11,150
2023,Île-du-Prince-Édouard,Électrique,11,149
2024,Île-du-Prince-Édouard,Stations de recharge et de stations de ravitaillement en carburants de remplacement total,11,164
2024,Île-du-Prince-Édouard,Électrique,11,163
2025,Île-du-Prince-Édouard,Stations de recharge et de stations de ravitaillement en carburants de remplacement total,11,167
2025,Île-du-Prince-Édouard,Électrique,11,165
2025,Île-du-Prince-Édouard,Propane,11,2
2010,Québec,Stations de recharge et de stations de ravitaillement en carburants de remplacement total,24,8
2010,Québec,Électrique,24,2
2011,Québec,Stations de recharge et de stations de ravitaillement en carburants de remplacement total,24,9
2011,Québec,Électrique,24,3
2012,Québec,Stations de recharge et de stations de ravitaillement en carburants de remplacement total,24,19
2012,Québec,Électrique,24,13
2013,Québec,Stations de recharge et de stations de ravitaillement en carburants de remplacement total,24,37
2013,Québec,Gaz naturel comprimé,24,2
2013,Québec,Électrique,24,29
2014,Québec,Stations de recharge et de stations de ravitaillement en carburants de remplacement total,24,74
2014,Québec,Électrique,24,65
2014,Québec,Propane,24,7
2015,Québec,Stations de recharge et de stations de ravitaillement en carburants de remplacement total,24,167
2015,Québec,Gaz naturel comprimé,24,3
2015,Québec,Électrique,24,150
2015,Québec,Propane,24,14
2016,Québec,Stations de recharge et de stations de ravitaillement en carburants de remplacement total,24,261
2016,Québec,Électrique,24,244
2017,Québec,Stations de recharge et de stations de ravitaillement en carburants de remplacement total,24,445
2017,Québec,Gaz naturel comprimé,24,4
2017,Québec,Électrique,24,299
2017,Québec,Propane,24,142
2018,Québec,Stations de recharge et de stations de ravitaillement en carburants de remplacement total,24,483
2018,Québec,Gaz naturel comprimé,24,6
2018,Québec,Électrique,24,330
2018,Québec,Hydrogène,24,1
2018,Québec,Propane,24,146
2019,Québec,Stations de recharge et de stations de ravitaillement en carburants de remplacement total,24,1969
2019,Québec,Gaz naturel comprimé,24,8
2019,Québec,Électrique,24,1809
2019,Québec,Gaz naturel liquéfié,24,1
2019,Québec,Propane,24,150
2020,Québec,Stations de recharge et de stations de ravitaillement en carburants de remplacement total,24,2361
2020,Québec,Électrique,24,2201
2021,Québec,Stations de recharge et de stations de ravitaillement en carburants de remplacement total,24,2752
2021,Québec,Électrique,24,2590
2021,Québec,Propane,24,152
2022,Québec,Stations de recharge et de stations de ravitaillement en carburants de remplacement total,24,3305
2022,Québec,Gaz naturel comprimé,24,10
2022,Québec,Électrique,24,3140
2022,Québec,Hydrogène,24,2
2023,Québec,Stations de recharge et de stations de ravitaillement en carburants de remplacement total,24,4193
2023,Québec,Gaz naturel comprimé,24,12
2023,Québec,Électrique,24,4022
2023,Québec,Hydrogène,24,5
2023,Québec,Propane,24,153
2024,Québec,Stations de recharge et de stations de ravitaillement en carburants de remplacement total,24,4887
2024,Québec,Gaz naturel comprimé,24,13
2024,Québec,Électrique,24,4714
2024,Québec,Propane,24,154
2025,Québec,Stations de recharge et de stations de ravitaillement en carburants de remplacement total,24,5010
2025,Québec,Électrique,24,4837
2014,Saskatchewan,Stations de recharge et de stations de ravitaillement en carburants de remplacement total,47,10
2014,Saskatchewan,Électrique,47,5
2014,Saskatchewan,Propane,47,5
2015,Saskatchewan,Stations de recharge et de stations de ravitaillement en carburants de remplacement total,47,18
2015,Saskatchewan,Électrique,47,12
2015,Saskatchewan,Propane,47,6
2016,Saskatchewan,Stations de recharge et de stations de ravitaillement en carburants de remplacement total,47,22
2016,Saskatchewan,Électrique,47,16
2017,Saskatchewan,Stations de recharge et de stations de ravitaillement en carburants de remplacement total,47,27
2017,Saskatchewan,Électrique,47,21
2018,Saskatchewan,Stations de recharge et de stations de ravitaillement en carburants de remplacement total,47,95
2018,Saskatchewan,Électrique,47,23
2018,Saskatchewan,Propane,47,72
2019,Saskatchewan,Stations de recharge et de stations de ravitaillement en carburants de remplacement total,47,105
2019,Saskatchewan,Électrique,47,31
2019,Saskatchewan,Propane,47,74
2020,Saskatchewan,Stations de recharge et de stations de ravitaillement en carburants de remplacement total,47,113
2020,Saskatchewan,Électrique,47,39
2021,Saskatchewan,Stations de recharge et de stations de ravitaillement en carburants de remplacement total,47,127
2021,Saskatchewan,Électrique,47,53
2022,Saskatchewan,Stations de recharge et de stations de ravitaillement en carburants de remplacement total,47,173
2022,Saskatchewan,Gaz naturel comprimé,47,1
2022,Saskatchewan,Électrique,47,98
2023,Saskatchewan,Stations de recharge et de stations de ravitaillement en carburants de remplacement total,47,214
2023,Saskatchewan,Électrique,47,139
2024,Saskatchewan,Stations de recharge et de stations de ravitaillement en carburants de remplacement total,47,255
2024,Saskatchewan,Électrique,47,180
2025,Saskatchewan,Stations de recharge et de stations de ravitaillement en carburants de remplacement total,47,267
2025,Saskatchewan,Électrique,47,192
2019,Yukon,Stations de recharge et de stations de ravitaillement en carburants de remplacement total,60,4
2019,Yukon,Électrique,60,2
2019,Yukon,Propane,60,2
2020,Yukon,Stations de recharge et de stations de ravitaillement en carburants de remplacement total,60,7
2020,Yukon,Électrique,60,5
2022,Yukon,Stations de recharge et de stations de ravitaillement en carburants de remplacement total,60,14
2022,Yukon,Électrique,60,12
2023,Yukon,Stations de recharge et de stations de ravitaillement en carburants de remplacement total,60,39
2023,Yukon,Électrique,60,37
2024,Yukon,Stations de recharge et de stations de ravitaillement en carburants de remplacement total,60,42
2024,Yukon,Électrique,60,40
