Year,Géographie,Type de poste de recharge ou de ravitaillement,GeoCode,Value
2010,,,,114
2011,,,,134
2012,,,,177
2013,,,,277
2014,,,,404
2015,,,,761
2016,,,,975
2017,,,,1547
2018,,,,2025
2019,,,,4168
2020,,,,5041
2021,,,,6371
2022,,,,8781
2023,,,,12340
2024,,,,14396
2010,Alberta,Stations de recharge et de stations de ravitaillement en carburants de remplacement total,48,29
2010,Alberta,Propane,48,29
2011,Alberta,Stations de recharge et de stations de ravitaillement en carburants de remplacement total,48,30
2011,Alberta,Propane,48,30
2012,Alberta,Stations de recharge et de stations de ravitaillement en carburants de remplacement total,48,35
2012,Alberta,Électrique,48,2
2012,Alberta,Propane,48,33
2013,Alberta,Stations de recharge et de stations de ravitaillement en carburants de remplacement total,48,44
2013,Alberta,Électrique,48,10
2013,Alberta,Propane,48,34
2014,Alberta,Stations de recharge et de stations de ravitaillement en carburants de remplacement total,48,49
2014,Alberta,Électrique,48,15
2015,Alberta,Stations de recharge et de stations de ravitaillement en carburants de remplacement total,48,78
2015,Alberta,Électrique,48,43
2015,Alberta,Propane,48,35
2016,Alberta,Stations de recharge et de stations de ravitaillement en carburants de remplacement total,48,91
2016,Alberta,Électrique,48,55
2016,Alberta,Propane,48,36
2017,Alberta,Stations de recharge et de stations de ravitaillement en carburants de remplacement total,48,165
2017,Alberta,Gaz naturel comprimé,48,1
2017,Alberta,Électrique,48,86
2017,Alberta,Propane,48,78
2018,Alberta,Stations de recharge et de stations de ravitaillement en carburants de remplacement total,48,249
2018,Alberta,Gaz naturel comprimé,48,10
2018,Alberta,Électrique,48,96
2018,Alberta,Propane,48,143
2019,Alberta,Stations de recharge et de stations de ravitaillement en carburants de remplacement total,48,285
2019,Alberta,Électrique,48,131
2019,Alberta,Propane,48,144
2020,Alberta,Stations de recharge et de stations de ravitaillement en carburants de remplacement total,48,314
2020,Alberta,Gaz naturel comprimé,48,11
2020,Alberta,Électrique,48,156
2020,Alberta,Propane,48,147
2021,Alberta,Stations de recharge et de stations de ravitaillement en carburants de remplacement total,48,370
2021,Alberta,Électrique,48,209
2021,Alberta,Propane,48,150
2022,Alberta,Stations de recharge et de stations de ravitaillement en carburants de remplacement total,48,549
2022,Alberta,Gaz naturel comprimé,48,12
2022,Alberta,Électrique,48,387
2023,Alberta,Stations de recharge et de stations de ravitaillement en carburants de remplacement total,48,770
2023,Alberta,Électrique,48,607
2023,Alberta,Propane,48,151
2024,Alberta,Stations de recharge et de stations de ravitaillement en carburants de remplacement total,48,925
2024,Alberta,Électrique,48,762
2010,Colombie-Britannique,Stations de recharge et de stations de ravitaillement en carburants de remplacement total,59,39
2010,Colombie-Britannique,Biodiesel,59,1
2010,Colombie-Britannique,Propane,59,38
2011,Colombie-Britannique,Stations de recharge et de stations de ravitaillement en carburants de remplacement total,59,43
2011,Colombie-Britannique,Électrique,59,4
2012,Colombie-Britannique,Stations de recharge et de stations de ravitaillement en carburants de remplacement total,59,49
2012,Colombie-Britannique,Électrique,59,9
2012,Colombie-Britannique,Propane,59,39
2013,Colombie-Britannique,Stations de recharge et de stations de ravitaillement en carburants de remplacement total,59,72
2013,Colombie-Britannique,Électrique,59,30
2013,Colombie-Britannique,Propane,59,41
2014,Colombie-Britannique,Stations de recharge et de stations de ravitaillement en carburants de remplacement total,59,94
2014,Colombie-Britannique,Électrique,59,51
2014,Colombie-Britannique,Propane,59,42
2015,Colombie-Britannique,Stations de recharge et de stations de ravitaillement en carburants de remplacement total,59,184
2015,Colombie-Britannique,Gaz naturel comprimé,59,2
2015,Colombie-Britannique,Électrique,59,138
2015,Colombie-Britannique,Propane,59,43
2016,Colombie-Britannique,Stations de recharge et de stations de ravitaillement en carburants de remplacement total,59,210
2016,Colombie-Britannique,Électrique,59,161
2016,Colombie-Britannique,Propane,59,46
2017,Colombie-Britannique,Stations de recharge et de stations de ravitaillement en carburants de remplacement total,59,302
2017,Colombie-Britannique,Gaz naturel comprimé,59,4
2017,Colombie-Britannique,Électrique,59,212
2017,Colombie-Britannique,Propane,59,85
2018,Colombie-Britannique,Stations de recharge et de stations de ravitaillement en carburants de remplacement total,59,407
2018,Colombie-Britannique,Électrique,59,282
2018,Colombie-Britannique,Hydrogène,59,1
2018,Colombie-Britannique,Propane,59,119
2019,Colombie-Britannique,Stations de recharge et de stations de ravitaillement en carburants de remplacement total,59,632
2019,Colombie-Britannique,Électrique,59,503
2019,Colombie-Britannique,Hydrogène,59,2
2019,Colombie-Britannique,Propane,59,122
2020,Colombie-Britannique,Stations de recharge et de stations de ravitaillement en carburants de remplacement total,59,787
2020,Colombie-Britannique,Électrique,59,655
2020,Colombie-Britannique,Hydrogène,59,3
2020,Colombie-Britannique,Propane,59,124
2021,Colombie-Britannique,Stations de recharge et de stations de ravitaillement en carburants de remplacement total,59,1073
2021,Colombie-Britannique,Gaz naturel comprimé,59,5
2021,Colombie-Britannique,Électrique,59,938
2021,Colombie-Britannique,Hydrogène,59,4
2021,Colombie-Britannique,Propane,59,125
2022,Colombie-Britannique,Stations de recharge et de stations de ravitaillement en carburants de remplacement total,59,1575
2022,Colombie-Britannique,Électrique,59,1435
2022,Colombie-Britannique,Hydrogène,59,5
2022,Colombie-Britannique,Propane,59,129
2023,Colombie-Britannique,Stations de recharge et de stations de ravitaillement en carburants de remplacement total,59,2207
2023,Colombie-Britannique,Gaz naturel comprimé,59,7
2023,Colombie-Britannique,Électrique,59,2060
2023,Colombie-Britannique,Éthanol,59,1
2023,Colombie-Britannique,Hydrogène,59,9
2024,Colombie-Britannique,Stations de recharge et de stations de ravitaillement en carburants de remplacement total,59,2575
2024,Colombie-Britannique,Électrique,59,2425
2024,Colombie-Britannique,Hydrogène,59,10
2024,Colombie-Britannique,Propane,59,131
2010,Canada,Biodiesel,,1
2010,Canada,Électrique,,8
2010,Canada,Propane,,105
2011,Canada,Électrique,,27
2011,Canada,Propane,,106
2012,Canada,Électrique,,66
2012,Canada,Propane,,110
2013,Canada,Gaz naturel comprimé,,2
2013,Canada,Électrique,,158
2013,Canada,Propane,,116
2014,Canada,Gaz naturel comprimé,,3
2014,Canada,Électrique,,280
2014,Canada,Propane,,120
2015,Canada,Gaz naturel comprimé,,7
2015,Canada,Électrique,,620
2015,Canada,Propane,,133
2016,Canada,Électrique,,827
2016,Canada,Hydrogène,,1
2016,Canada,Propane,,139
2017,Canada,Gaz naturel comprimé,,13
2017,Canada,Électrique,,1134
2017,Canada,Propane,,398
2018,Canada,Gaz naturel comprimé,,27
2018,Canada,Électrique,,1379
2018,Canada,Hydrogène,,3
2018,Canada,Propane,,615
2019,Canada,Gaz naturel comprimé,,30
2019,Canada,Électrique,,3499
2019,Canada,Hydrogène,,4
2019,Canada,Gaz naturel liquéfié,,1
2019,Canada,Propane,,633
2020,Canada,Gaz naturel comprimé,,31
2020,Canada,Électrique,,4357
2020,Canada,Hydrogène,,5
2020,Canada,Propane,,646
2021,Canada,Gaz naturel comprimé,,33
2021,Canada,Électrique,,5675
2021,Canada,Hydrogène,,6
2021,Canada,Propane,,655
2022,Canada,Gaz naturel comprimé,,41
2022,Canada,Électrique,,8052
2022,Canada,Hydrogène,,8
2022,Canada,Propane,,678
2023,Canada,Gaz naturel comprimé,,45
2023,Canada,Électrique,,11591
2023,Canada,Éthanol,,1
2023,Canada,Hydrogène,,16
2023,Canada,Propane,,685
2024,Canada,Gaz naturel comprimé,,46
2024,Canada,Électrique,,13635
2024,Canada,Hydrogène,,17
2024,Canada,Propane,,695
2010,Manitoba,Stations de recharge et de stations de ravitaillement en carburants de remplacement total,46,3
2010,Manitoba,Électrique,46,1
2013,Manitoba,Stations de recharge et de stations de ravitaillement en carburants de remplacement total,46,8
2013,Manitoba,Électrique,46,6
2014,Manitoba,Stations de recharge et de stations de ravitaillement en carburants de remplacement total,46,9
2014,Manitoba,Électrique,46,7
2015,Manitoba,Stations de recharge et de stations de ravitaillement en carburants de remplacement total,46,14
2015,Manitoba,Électrique,46,12
2016,Manitoba,Stations de recharge et de stations de ravitaillement en carburants de remplacement total,46,15
2016,Manitoba,Électrique,46,13
2017,Manitoba,Stations de recharge et de stations de ravitaillement en carburants de remplacement total,46,24
2017,Manitoba,Électrique,46,18
2017,Manitoba,Propane,46,6
2018,Manitoba,Stations de recharge et de stations de ravitaillement en carburants de remplacement total,46,67
2018,Manitoba,Propane,46,49
2019,Manitoba,Stations de recharge et de stations de ravitaillement en carburants de remplacement total,46,79
2019,Manitoba,Électrique,46,29
2019,Manitoba,Propane,46,50
2020,Manitoba,Stations de recharge et de stations de ravitaillement en carburants de remplacement total,46,84
2020,Manitoba,Électrique,46,34
2021,Manitoba,Stations de recharge et de stations de ravitaillement en carburants de remplacement total,46,97
2021,Manitoba,Électrique,46,47
2022,Manitoba,Stations de recharge et de stations de ravitaillement en carburants de remplacement total,46,161
2022,Manitoba,Gaz naturel comprimé,46,1
2022,Manitoba,Électrique,46,110
2023,Manitoba,Stations de recharge et de stations de ravitaillement en carburants de remplacement total,46,256
2023,Manitoba,Électrique,46,205
2024,Manitoba,Stations de recharge et de stations de ravitaillement en carburants de remplacement total,46,352
2024,Manitoba,Électrique,46,300
2024,Manitoba,Propane,46,51
2011,Nouveau-Brunswick,Stations de recharge et de stations de ravitaillement en carburants de remplacement total,13,3
2011,Nouveau-Brunswick,Électrique,13,2
2012,Nouveau-Brunswick,Stations de recharge et de stations de ravitaillement en carburants de remplacement total,13,7
2012,Nouveau-Brunswick,Électrique,13,6
2013,Nouveau-Brunswick,Stations de recharge et de stations de ravitaillement en carburants de remplacement total,13,11
2013,Nouveau-Brunswick,Électrique,13,10
2014,Nouveau-Brunswick,Stations de recharge et de stations de ravitaillement en carburants de remplacement total,13,14
2014,Nouveau-Brunswick,Électrique,13,13
2015,Nouveau-Brunswick,Stations de recharge et de stations de ravitaillement en carburants de remplacement total,13,20
2015,Nouveau-Brunswick,Électrique,13,19
2016,Nouveau-Brunswick,Stations de recharge et de stations de ravitaillement en carburants de remplacement total,13,25
2016,Nouveau-Brunswick,Électrique,13,24
2017,Nouveau-Brunswick,Stations de recharge et de stations de ravitaillement en carburants de remplacement total,13,46
2017,Nouveau-Brunswick,Électrique,13,45
2018,Nouveau-Brunswick,Stations de recharge et de stations de ravitaillement en carburants de remplacement total,13,51
2018,Nouveau-Brunswick,Électrique,13,49
2018,Nouveau-Brunswick,Propane,13,2
2019,Nouveau-Brunswick,Stations de recharge et de stations de ravitaillement en carburants de remplacement total,13,73
2019,Nouveau-Brunswick,Électrique,13,71
2020,Nouveau-Brunswick,Stations de recharge et de stations de ravitaillement en carburants de remplacement total,13,93
2020,Nouveau-Brunswick,Électrique,13,90
2020,Nouveau-Brunswick,Propane,13,3
2021,Nouveau-Brunswick,Stations de recharge et de stations de ravitaillement en carburants de remplacement total,13,118
2021,Nouveau-Brunswick,Électrique,13,115
2022,Nouveau-Brunswick,Stations de recharge et de stations de ravitaillement en carburants de remplacement total,13,152
2022,Nouveau-Brunswick,Électrique,13,147
2022,Nouveau-Brunswick,Propane,13,5
2023,Nouveau-Brunswick,Stations de recharge et de stations de ravitaillement en carburants de remplacement total,13,230
2023,Nouveau-Brunswick,Électrique,13,225
2024,Nouveau-Brunswick,Stations de recharge et de stations de ravitaillement en carburants de remplacement total,13,259
2024,Nouveau-Brunswick,Électrique,13,254
2012,Terre-Neuve-et-Labrador,Stations de recharge et de stations de ravitaillement en carburants de remplacement total,10,1
2012,Terre-Neuve-et-Labrador,Électrique,10,1
2013,Terre-Neuve-et-Labrador,Stations de recharge et de stations de ravitaillement en carburants de remplacement total,10,5
2013,Terre-Neuve-et-Labrador,Électrique,10,5
2014,Terre-Neuve-et-Labrador,Stations de recharge et de stations de ravitaillement en carburants de remplacement total,10,8
2014,Terre-Neuve-et-Labrador,Électrique,10,8
2015,Terre-Neuve-et-Labrador,Stations de recharge et de stations de ravitaillement en carburants de remplacement total,10,9
2015,Terre-Neuve-et-Labrador,Électrique,10,9
2016,Terre-Neuve-et-Labrador,Stations de recharge et de stations de ravitaillement en carburants de remplacement total,10,15
2016,Terre-Neuve-et-Labrador,Électrique,10,15
2018,Terre-Neuve-et-Labrador,Stations de recharge et de stations de ravitaillement en carburants de remplacement total,10,19
2018,Terre-Neuve-et-Labrador,Électrique,10,19
2019,Terre-Neuve-et-Labrador,Stations de recharge et de stations de ravitaillement en carburants de remplacement total,10,20
2019,Terre-Neuve-et-Labrador,Électrique,10,20
2021,Terre-Neuve-et-Labrador,Stations de recharge et de stations de ravitaillement en carburants de remplacement total,10,50
2021,Terre-Neuve-et-Labrador,Électrique,10,50
2022,Terre-Neuve-et-Labrador,Stations de recharge et de stations de ravitaillement en carburants de remplacement total,10,97
2022,Terre-Neuve-et-Labrador,Électrique,10,97
2023,Terre-Neuve-et-Labrador,Stations de recharge et de stations de ravitaillement en carburants de remplacement total,10,139
2023,Terre-Neuve-et-Labrador,Électrique,10,138
2023,Terre-Neuve-et-Labrador,Propane,10,1
2024,Terre-Neuve-et-Labrador,Stations de recharge et de stations de ravitaillement en carburants de remplacement total,10,142
2024,Terre-Neuve-et-Labrador,Électrique,10,141
2015,Territoires du Nord-Ouest,Stations de recharge et de stations de ravitaillement en carburants de remplacement total,61,1
2015,Territoires du Nord-Ouest,Propane,61,1
2020,Territoires du Nord-Ouest,Stations de recharge et de stations de ravitaillement en carburants de remplacement total,61,2
2020,Territoires du Nord-Ouest,Électrique,61,1
2023,Territoires du Nord-Ouest,Stations de recharge et de stations de ravitaillement en carburants de remplacement total,61,3
2023,Territoires du Nord-Ouest,Électrique,61,2
2024,Territoires du Nord-Ouest,Stations de recharge et de stations de ravitaillement en carburants de remplacement total,61,6
2024,Territoires du Nord-Ouest,Électrique,61,5
2012,Nouvelle-Écosse,Stations de recharge et de stations de ravitaillement en carburants de remplacement total,12,2
2012,Nouvelle-Écosse,Électrique,12,2
2013,Nouvelle-Écosse,Stations de recharge et de stations de ravitaillement en carburants de remplacement total,12,6
2013,Nouvelle-Écosse,Électrique,12,5
2013,Nouvelle-Écosse,Propane,12,1
2014,Nouvelle-Écosse,Stations de recharge et de stations de ravitaillement en carburants de remplacement total,12,13
2014,Nouvelle-Écosse,Électrique,12,12
2015,Nouvelle-Écosse,Stations de recharge et de stations de ravitaillement en carburants de remplacement total,12,26
2015,Nouvelle-Écosse,Électrique,12,24
2015,Nouvelle-Écosse,Propane,12,2
2016,Nouvelle-Écosse,Stations de recharge et de stations de ravitaillement en carburants de remplacement total,12,29
2016,Nouvelle-Écosse,Électrique,12,27
2017,Nouvelle-Écosse,Stations de recharge et de stations de ravitaillement en carburants de remplacement total,12,33
2017,Nouvelle-Écosse,Électrique,12,31
2018,Nouvelle-Écosse,Stations de recharge et de stations de ravitaillement en carburants de remplacement total,12,35
2018,Nouvelle-Écosse,Électrique,12,33
2019,Nouvelle-Écosse,Stations de recharge et de stations de ravitaillement en carburants de remplacement total,12,56
2019,Nouvelle-Écosse,Électrique,12,54
2020,Nouvelle-Écosse,Stations de recharge et de stations de ravitaillement en carburants de remplacement total,12,65
2020,Nouvelle-Écosse,Électrique,12,63
2021,Nouvelle-Écosse,Stations de recharge et de stations de ravitaillement en carburants de remplacement total,12,87
2021,Nouvelle-Écosse,Électrique,12,84
2021,Nouvelle-Écosse,Propane,12,3
2022,Nouvelle-Écosse,Stations de recharge et de stations de ravitaillement en carburants de remplacement total,12,156
2022,Nouvelle-Écosse,Électrique,12,152
2022,Nouvelle-Écosse,Propane,12,4
2023,Nouvelle-Écosse,Stations de recharge et de stations de ravitaillement en carburants de remplacement total,12,225
2023,Nouvelle-Écosse,Électrique,12,221
2024,Nouvelle-Écosse,Stations de recharge et de stations de ravitaillement en carburants de remplacement total,12,254
2024,Nouvelle-Écosse,Électrique,12,250
2010,Ontario,Stations de recharge et de stations de ravitaillement en carburants de remplacement total,35,30
2010,Ontario,Électrique,35,5
2010,Ontario,Propane,35,25
2011,Ontario,Stations de recharge et de stations de ravitaillement en carburants de remplacement total,35,42
2011,Ontario,Électrique,35,17
2012,Ontario,Stations de recharge et de stations de ravitaillement en carburants de remplacement total,35,55
2012,Ontario,Électrique,35,30
2013,Ontario,Stations de recharge et de stations de ravitaillement en carburants de remplacement total,35,84
2013,Ontario,Électrique,35,57
2013,Ontario,Propane,35,27
2014,Ontario,Stations de recharge et de stations de ravitaillement en carburants de remplacement total,35,123
2014,Ontario,Gaz naturel comprimé,35,1
2014,Ontario,Électrique,35,94
2014,Ontario,Propane,35,28
2015,Ontario,Stations de recharge et de stations de ravitaillement en carburants de remplacement total,35,227
2015,Ontario,Gaz naturel comprimé,35,2
2015,Ontario,Électrique,35,196
2015,Ontario,Propane,35,29
2016,Ontario,Stations de recharge et de stations de ravitaillement en carburants de remplacement total,35,287
2016,Ontario,Électrique,35,253
2016,Ontario,Hydrogène,35,1
2016,Ontario,Propane,35,31
2017,Ontario,Stations de recharge et de stations de ravitaillement en carburants de remplacement total,35,462
2017,Ontario,Gaz naturel comprimé,35,4
2017,Ontario,Électrique,35,385
2017,Ontario,Propane,35,72
2018,Ontario,Stations de recharge et de stations de ravitaillement en carburants de remplacement total,35,587
2018,Ontario,Gaz naturel comprimé,35,7
2018,Ontario,Électrique,35,503
2018,Ontario,Propane,35,76
2019,Ontario,Stations de recharge et de stations de ravitaillement en carburants de remplacement total,35,893
2019,Ontario,Gaz naturel comprimé,35,8
2019,Ontario,Électrique,35,803
2019,Ontario,Propane,35,81
2020,Ontario,Stations de recharge et de stations de ravitaillement en carburants de remplacement total,35,1132
2020,Ontario,Électrique,35,1035
2020,Ontario,Propane,35,88
2021,Ontario,Stations de recharge et de stations de ravitaillement en carburants de remplacement total,35,1596
2021,Ontario,Gaz naturel comprimé,35,9
2021,Ontario,Électrique,35,1497
2021,Ontario,Propane,35,89
2022,Ontario,Stations de recharge et de stations de ravitaillement en carburants de remplacement total,35,2452
2022,Ontario,Gaz naturel comprimé,35,12
2022,Ontario,Électrique,35,2335
2022,Ontario,Propane,35,104
2023,Ontario,Stations de recharge et de stations de ravitaillement en carburants de remplacement total,35,3833
2023,Ontario,Électrique,35,3711
2023,Ontario,Hydrogène,35,2
2023,Ontario,Propane,35,108
2024,Ontario,Stations de recharge et de stations de ravitaillement en carburants de remplacement total,35,4587
2024,Ontario,Électrique,35,4459
2024,Ontario,Propane,35,114
2012,Île-du-Prince-Édouard,Stations de recharge et de stations de ravitaillement en carburants de remplacement total,11,2
2012,Île-du-Prince-Édouard,Électrique,11,2
2013,Île-du-Prince-Édouard,Stations de recharge et de stations de ravitaillement en carburants de remplacement total,11,4
2013,Île-du-Prince-Édouard,Électrique,11,4
2014,Île-du-Prince-Édouard,Stations de recharge et de stations de ravitaillement en carburants de remplacement total,11,8
2014,Île-du-Prince-Édouard,Électrique,11,8
2015,Île-du-Prince-Édouard,Stations de recharge et de stations de ravitaillement en carburants de remplacement total,11,14
2015,Île-du-Prince-Édouard,Électrique,11,14
2017,Île-du-Prince-Édouard,Stations de recharge et de stations de ravitaillement en carburants de remplacement total,11,18
2017,Île-du-Prince-Édouard,Électrique,11,18
2018,Île-du-Prince-Édouard,Stations de recharge et de stations de ravitaillement en carburants de remplacement total,11,21
2018,Île-du-Prince-Édouard,Électrique,11,21
2019,Île-du-Prince-Édouard,Stations de recharge et de stations de ravitaillement en carburants de remplacement total,11,22
2019,Île-du-Prince-Édouard,Électrique,11,22
2020,Île-du-Prince-Édouard,Stations de recharge et de stations de ravitaillement en carburants de remplacement total,11,29
2020,Île-du-Prince-Édouard,Électrique,11,29
2021,Île-du-Prince-Édouard,Stations de recharge et de stations de ravitaillement en carburants de remplacement total,11,54
2021,Île-du-Prince-Édouard,Électrique,11,54
2022,Île-du-Prince-Édouard,Stations de recharge et de stations de ravitaillement en carburants de remplacement total,11,92
2022,Île-du-Prince-Édouard,Électrique,11,91
2022,Île-du-Prince-Édouard,Propane,11,1
2023,Île-du-Prince-Édouard,Stations de recharge et de stations de ravitaillement en carburants de remplacement total,11,155
2023,Île-du-Prince-Édouard,Électrique,11,154
2024,Île-du-Prince-Édouard,Stations de recharge et de stations de ravitaillement en carburants de remplacement total,11,169
2024,Île-du-Prince-Édouard,Électrique,11,168
2010,Québec,Stations de recharge et de stations de ravitaillement en carburants de remplacement total,24,8
2010,Québec,Électrique,24,2
2011,Québec,Stations de recharge et de stations de ravitaillement en carburants de remplacement total,24,9
2011,Québec,Électrique,24,3
2012,Québec,Stations de recharge et de stations de ravitaillement en carburants de remplacement total,24,19
2012,Québec,Électrique,24,13
2013,Québec,Stations de recharge et de stations de ravitaillement en carburants de remplacement total,24,39
2013,Québec,Gaz naturel comprimé,24,2
2013,Québec,Électrique,24,31
2014,Québec,Stations de recharge et de stations de ravitaillement en carburants de remplacement total,24,76
2014,Québec,Électrique,24,67
2014,Québec,Propane,24,7
2015,Québec,Stations de recharge et de stations de ravitaillement en carburants de remplacement total,24,170
2015,Québec,Gaz naturel comprimé,24,3
2015,Québec,Électrique,24,153
2015,Québec,Propane,24,14
2016,Québec,Stations de recharge et de stations de ravitaillement en carburants de remplacement total,24,266
2016,Québec,Électrique,24,249
2017,Québec,Stations de recharge et de stations de ravitaillement en carburants de remplacement total,24,454
2017,Québec,Gaz naturel comprimé,24,4
2017,Québec,Électrique,24,303
2017,Québec,Propane,24,147
2018,Québec,Stations de recharge et de stations de ravitaillement en carburants de remplacement total,24,493
2018,Québec,Gaz naturel comprimé,24,6
2018,Québec,Électrique,24,335
2018,Québec,Hydrogène,24,1
2018,Québec,Propane,24,151
2019,Québec,Stations de recharge et de stations de ravitaillement en carburants de remplacement total,24,1998
2019,Québec,Gaz naturel comprimé,24,8
2019,Québec,Électrique,24,1833
2019,Québec,Gaz naturel liquéfié,24,1
2019,Québec,Propane,24,155
2020,Québec,Stations de recharge et de stations de ravitaillement en carburants de remplacement total,24,2395
2020,Québec,Électrique,24,2230
2021,Québec,Stations de recharge et de stations de ravitaillement en carburants de remplacement total,24,2789
2021,Québec,Électrique,24,2621
2021,Québec,Propane,24,158
2022,Québec,Stations de recharge et de stations de ravitaillement en carburants de remplacement total,24,3357
2022,Québec,Gaz naturel comprimé,24,10
2022,Québec,Électrique,24,3186
2022,Québec,Hydrogène,24,2
2023,Québec,Stations de recharge et de stations de ravitaillement en carburants de remplacement total,24,4267
2023,Québec,Gaz naturel comprimé,24,12
2023,Québec,Électrique,24,4090
2023,Québec,Hydrogène,24,5
2023,Québec,Propane,24,159
2024,Québec,Stations de recharge et de stations de ravitaillement en carburants de remplacement total,24,4834
2024,Québec,Gaz naturel comprimé,24,13
2024,Québec,Électrique,24,4655
2024,Québec,Propane,24,160
2014,Saskatchewan,Stations de recharge et de stations de ravitaillement en carburants de remplacement total,47,10
2014,Saskatchewan,Électrique,47,5
2014,Saskatchewan,Propane,47,5
2015,Saskatchewan,Stations de recharge et de stations de ravitaillement en carburants de remplacement total,47,18
2015,Saskatchewan,Électrique,47,12
2015,Saskatchewan,Propane,47,6
2016,Saskatchewan,Stations de recharge et de stations de ravitaillement en carburants de remplacement total,47,22
2016,Saskatchewan,Électrique,47,16
2017,Saskatchewan,Stations de recharge et de stations de ravitaillement en carburants de remplacement total,47,27
2017,Saskatchewan,Électrique,47,21
2018,Saskatchewan,Stations de recharge et de stations de ravitaillement en carburants de remplacement total,47,95
2018,Saskatchewan,Électrique,47,23
2018,Saskatchewan,Propane,47,72
2019,Saskatchewan,Stations de recharge et de stations de ravitaillement en carburants de remplacement total,47,105
2019,Saskatchewan,Électrique,47,31
2019,Saskatchewan,Propane,47,74
2020,Saskatchewan,Stations de recharge et de stations de ravitaillement en carburants de remplacement total,47,113
2020,Saskatchewan,Électrique,47,39
2021,Saskatchewan,Stations de recharge et de stations de ravitaillement en carburants de remplacement total,47,128
2021,Saskatchewan,Électrique,47,54
2022,Saskatchewan,Stations de recharge et de stations de ravitaillement en carburants de remplacement total,47,174
2022,Saskatchewan,Gaz naturel comprimé,47,1
2022,Saskatchewan,Électrique,47,99
2023,Saskatchewan,Stations de recharge et de stations de ravitaillement en carburants de remplacement total,47,216
2023,Saskatchewan,Électrique,47,141
2024,Saskatchewan,Stations de recharge et de stations de ravitaillement en carburants de remplacement total,47,253
2024,Saskatchewan,Électrique,47,178
2019,Yukon,Stations de recharge et de stations de ravitaillement en carburants de remplacement total,60,4
2019,Yukon,Électrique,60,2
2019,Yukon,Propane,60,2
2020,Yukon,Stations de recharge et de stations de ravitaillement en carburants de remplacement total,60,7
2020,Yukon,Électrique,60,5
2022,Yukon,Stations de recharge et de stations de ravitaillement en carburants de remplacement total,60,14
2022,Yukon,Électrique,60,12
2023,Yukon,Stations de recharge et de stations de ravitaillement en carburants de remplacement total,60,39
2023,Yukon,Électrique,60,37
2024,Yukon,Stations de recharge et de stations de ravitaillement en carburants de remplacement total,60,40
2024,Yukon,Électrique,60,38
