Year,Géographie,Type de poste de recharge ou de ravitaillement,GeoCode,Value
2010,,,,112
2011,,,,132
2012,,,,175
2013,,,,271
2014,,,,398
2015,,,,754
2016,,,,965
2017,,,,1525
2018,,,,2000
2019,,,,4131
2020,,,,4999
2021,,,,6323
2022,,,,8719
2023,,,,12263
2024,,,,14567
2010,Alberta,Stations de recharge et de stations de ravitaillement en carburants de remplacement total,48,26
2010,Alberta,Propane,48,26
2011,Alberta,Stations de recharge et de stations de ravitaillement en carburants de remplacement total,48,27
2011,Alberta,Propane,48,27
2012,Alberta,Stations de recharge et de stations de ravitaillement en carburants de remplacement total,48,32
2012,Alberta,Électrique,48,2
2012,Alberta,Propane,48,30
2013,Alberta,Stations de recharge et de stations de ravitaillement en carburants de remplacement total,48,40
2013,Alberta,Électrique,48,9
2013,Alberta,Propane,48,31
2014,Alberta,Stations de recharge et de stations de ravitaillement en carburants de remplacement total,48,45
2014,Alberta,Électrique,48,14
2015,Alberta,Stations de recharge et de stations de ravitaillement en carburants de remplacement total,48,74
2015,Alberta,Électrique,48,42
2015,Alberta,Propane,48,32
2016,Alberta,Stations de recharge et de stations de ravitaillement en carburants de remplacement total,48,86
2016,Alberta,Électrique,48,53
2016,Alberta,Propane,48,33
2017,Alberta,Stations de recharge et de stations de ravitaillement en carburants de remplacement total,48,153
2017,Alberta,Gaz naturel comprimé,48,1
2017,Alberta,Électrique,48,83
2017,Alberta,Propane,48,69
2018,Alberta,Stations de recharge et de stations de ravitaillement en carburants de remplacement total,48,237
2018,Alberta,Gaz naturel comprimé,48,10
2018,Alberta,Électrique,48,93
2018,Alberta,Propane,48,134
2019,Alberta,Stations de recharge et de stations de ravitaillement en carburants de remplacement total,48,272
2019,Alberta,Électrique,48,127
2019,Alberta,Propane,48,135
2020,Alberta,Stations de recharge et de stations de ravitaillement en carburants de remplacement total,48,301
2020,Alberta,Gaz naturel comprimé,48,11
2020,Alberta,Électrique,48,152
2020,Alberta,Propane,48,138
2021,Alberta,Stations de recharge et de stations de ravitaillement en carburants de remplacement total,48,355
2021,Alberta,Électrique,48,203
2021,Alberta,Propane,48,141
2022,Alberta,Stations de recharge et de stations de ravitaillement en carburants de remplacement total,48,533
2022,Alberta,Gaz naturel comprimé,48,12
2022,Alberta,Électrique,48,380
2023,Alberta,Stations de recharge et de stations de ravitaillement en carburants de remplacement total,48,754
2023,Alberta,Gaz naturel comprimé,48,13
2023,Alberta,Électrique,48,599
2023,Alberta,Propane,48,142
2024,Alberta,Stations de recharge et de stations de ravitaillement en carburants de remplacement total,48,925
2024,Alberta,Électrique,48,770
2010,Colombie-Britannique,Stations de recharge et de stations de ravitaillement en carburants de remplacement total,59,39
2010,Colombie-Britannique,Biodiesel,59,1
2010,Colombie-Britannique,Propane,59,38
2011,Colombie-Britannique,Stations de recharge et de stations de ravitaillement en carburants de remplacement total,59,43
2011,Colombie-Britannique,Électrique,59,4
2012,Colombie-Britannique,Stations de recharge et de stations de ravitaillement en carburants de remplacement total,59,49
2012,Colombie-Britannique,Électrique,59,9
2012,Colombie-Britannique,Propane,59,39
2013,Colombie-Britannique,Stations de recharge et de stations de ravitaillement en carburants de remplacement total,59,71
2013,Colombie-Britannique,Électrique,59,29
2013,Colombie-Britannique,Propane,59,41
2014,Colombie-Britannique,Stations de recharge et de stations de ravitaillement en carburants de remplacement total,59,93
2014,Colombie-Britannique,Électrique,59,50
2014,Colombie-Britannique,Propane,59,42
2015,Colombie-Britannique,Stations de recharge et de stations de ravitaillement en carburants de remplacement total,59,183
2015,Colombie-Britannique,Gaz naturel comprimé,59,2
2015,Colombie-Britannique,Électrique,59,137
2015,Colombie-Britannique,Propane,59,43
2016,Colombie-Britannique,Stations de recharge et de stations de ravitaillement en carburants de remplacement total,59,209
2016,Colombie-Britannique,Électrique,59,160
2016,Colombie-Britannique,Propane,59,46
2017,Colombie-Britannique,Stations de recharge et de stations de ravitaillement en carburants de remplacement total,59,301
2017,Colombie-Britannique,Gaz naturel comprimé,59,4
2017,Colombie-Britannique,Électrique,59,211
2017,Colombie-Britannique,Propane,59,85
2018,Colombie-Britannique,Stations de recharge et de stations de ravitaillement en carburants de remplacement total,59,406
2018,Colombie-Britannique,Électrique,59,281
2018,Colombie-Britannique,Hydrogène,59,1
2018,Colombie-Britannique,Propane,59,119
2019,Colombie-Britannique,Stations de recharge et de stations de ravitaillement en carburants de remplacement total,59,629
2019,Colombie-Britannique,Électrique,59,500
2019,Colombie-Britannique,Hydrogène,59,2
2019,Colombie-Britannique,Propane,59,122
2020,Colombie-Britannique,Stations de recharge et de stations de ravitaillement en carburants de remplacement total,59,782
2020,Colombie-Britannique,Électrique,59,650
2020,Colombie-Britannique,Hydrogène,59,3
2020,Colombie-Britannique,Propane,59,124
2021,Colombie-Britannique,Stations de recharge et de stations de ravitaillement en carburants de remplacement total,59,1069
2021,Colombie-Britannique,Gaz naturel comprimé,59,5
2021,Colombie-Britannique,Électrique,59,934
2021,Colombie-Britannique,Hydrogène,59,4
2021,Colombie-Britannique,Propane,59,125
2022,Colombie-Britannique,Stations de recharge et de stations de ravitaillement en carburants de remplacement total,59,1569
2022,Colombie-Britannique,Électrique,59,1429
2022,Colombie-Britannique,Hydrogène,59,5
2022,Colombie-Britannique,Propane,59,129
2023,Colombie-Britannique,Stations de recharge et de stations de ravitaillement en carburants de remplacement total,59,2189
2023,Colombie-Britannique,Gaz naturel comprimé,59,7
2023,Colombie-Britannique,Électrique,59,2042
2023,Colombie-Britannique,Éthanol,59,1
2023,Colombie-Britannique,Hydrogène,59,9
2024,Colombie-Britannique,Stations de recharge et de stations de ravitaillement en carburants de remplacement total,59,2616
2024,Colombie-Britannique,Électrique,59,2466
2024,Colombie-Britannique,Hydrogène,59,10
2024,Colombie-Britannique,Propane,59,131
2010,Canada,Biodiesel,,1
2010,Canada,Électrique,,8
2010,Canada,Propane,,102
2011,Canada,Électrique,,27
2011,Canada,Propane,,103
2012,Canada,Électrique,,66
2012,Canada,Propane,,107
2013,Canada,Gaz naturel comprimé,,2
2013,Canada,Électrique,,154
2013,Canada,Propane,,113
2014,Canada,Gaz naturel comprimé,,3
2014,Canada,Électrique,,276
2014,Canada,Propane,,117
2015,Canada,Gaz naturel comprimé,,7
2015,Canada,Électrique,,615
2015,Canada,Propane,,130
2016,Canada,Électrique,,819
2016,Canada,Hydrogène,,1
2016,Canada,Propane,,136
2017,Canada,Gaz naturel comprimé,,13
2017,Canada,Électrique,,1125
2017,Canada,Propane,,384
2018,Canada,Gaz naturel comprimé,,27
2018,Canada,Électrique,,1367
2018,Canada,Hydrogène,,3
2018,Canada,Propane,,601
2019,Canada,Gaz naturel comprimé,,30
2019,Canada,Électrique,,3475
2019,Canada,Hydrogène,,4
2019,Canada,Gaz naturel liquéfié,,1
2019,Canada,Propane,,619
2020,Canada,Gaz naturel comprimé,,31
2020,Canada,Électrique,,4328
2020,Canada,Hydrogène,,5
2020,Canada,Propane,,632
2021,Canada,Gaz naturel comprimé,,33
2021,Canada,Électrique,,5641
2021,Canada,Hydrogène,,6
2021,Canada,Propane,,640
2022,Canada,Gaz naturel comprimé,,41
2022,Canada,Électrique,,8004
2022,Canada,Hydrogène,,8
2022,Canada,Propane,,663
2023,Canada,Gaz naturel comprimé,,46
2023,Canada,Électrique,,11526
2023,Canada,Éthanol,,2
2023,Canada,Hydrogène,,16
2023,Canada,Propane,,671
2024,Canada,Gaz naturel comprimé,,47
2024,Canada,Électrique,,13817
2024,Canada,Hydrogène,,17
2024,Canada,Propane,,682
2010,Manitoba,Stations de recharge et de stations de ravitaillement en carburants de remplacement total,46,3
2010,Manitoba,Électrique,46,1
2013,Manitoba,Stations de recharge et de stations de ravitaillement en carburants de remplacement total,46,8
2013,Manitoba,Électrique,46,6
2014,Manitoba,Stations de recharge et de stations de ravitaillement en carburants de remplacement total,46,9
2014,Manitoba,Électrique,46,7
2015,Manitoba,Stations de recharge et de stations de ravitaillement en carburants de remplacement total,46,14
2015,Manitoba,Électrique,46,12
2016,Manitoba,Stations de recharge et de stations de ravitaillement en carburants de remplacement total,46,15
2016,Manitoba,Électrique,46,13
2017,Manitoba,Stations de recharge et de stations de ravitaillement en carburants de remplacement total,46,24
2017,Manitoba,Électrique,46,18
2017,Manitoba,Propane,46,6
2018,Manitoba,Stations de recharge et de stations de ravitaillement en carburants de remplacement total,46,67
2018,Manitoba,Propane,46,49
2019,Manitoba,Stations de recharge et de stations de ravitaillement en carburants de remplacement total,46,79
2019,Manitoba,Électrique,46,29
2019,Manitoba,Propane,46,50
2020,Manitoba,Stations de recharge et de stations de ravitaillement en carburants de remplacement total,46,84
2020,Manitoba,Électrique,46,34
2021,Manitoba,Stations de recharge et de stations de ravitaillement en carburants de remplacement total,46,96
2021,Manitoba,Électrique,46,46
2022,Manitoba,Stations de recharge et de stations de ravitaillement en carburants de remplacement total,46,160
2022,Manitoba,Gaz naturel comprimé,46,1
2022,Manitoba,Électrique,46,109
2023,Manitoba,Stations de recharge et de stations de ravitaillement en carburants de remplacement total,46,250
2023,Manitoba,Électrique,46,199
2024,Manitoba,Stations de recharge et de stations de ravitaillement en carburants de remplacement total,46,348
2024,Manitoba,Électrique,46,296
2024,Manitoba,Propane,46,51
2011,Nouveau-Brunswick,Stations de recharge et de stations de ravitaillement en carburants de remplacement total,13,3
2011,Nouveau-Brunswick,Électrique,13,2
2012,Nouveau-Brunswick,Stations de recharge et de stations de ravitaillement en carburants de remplacement total,13,7
2012,Nouveau-Brunswick,Électrique,13,6
2013,Nouveau-Brunswick,Stations de recharge et de stations de ravitaillement en carburants de remplacement total,13,11
2013,Nouveau-Brunswick,Électrique,13,10
2014,Nouveau-Brunswick,Stations de recharge et de stations de ravitaillement en carburants de remplacement total,13,14
2014,Nouveau-Brunswick,Électrique,13,13
2015,Nouveau-Brunswick,Stations de recharge et de stations de ravitaillement en carburants de remplacement total,13,20
2015,Nouveau-Brunswick,Électrique,13,19
2016,Nouveau-Brunswick,Stations de recharge et de stations de ravitaillement en carburants de remplacement total,13,25
2016,Nouveau-Brunswick,Électrique,13,24
2017,Nouveau-Brunswick,Stations de recharge et de stations de ravitaillement en carburants de remplacement total,13,46
2017,Nouveau-Brunswick,Électrique,13,45
2018,Nouveau-Brunswick,Stations de recharge et de stations de ravitaillement en carburants de remplacement total,13,51
2018,Nouveau-Brunswick,Électrique,13,49
2018,Nouveau-Brunswick,Propane,13,2
2019,Nouveau-Brunswick,Stations de recharge et de stations de ravitaillement en carburants de remplacement total,13,72
2019,Nouveau-Brunswick,Électrique,13,70
2020,Nouveau-Brunswick,Stations de recharge et de stations de ravitaillement en carburants de remplacement total,13,92
2020,Nouveau-Brunswick,Électrique,13,89
2020,Nouveau-Brunswick,Propane,13,3
2021,Nouveau-Brunswick,Stations de recharge et de stations de ravitaillement en carburants de remplacement total,13,117
2021,Nouveau-Brunswick,Électrique,13,114
2022,Nouveau-Brunswick,Stations de recharge et de stations de ravitaillement en carburants de remplacement total,13,151
2022,Nouveau-Brunswick,Électrique,13,146
2022,Nouveau-Brunswick,Propane,13,5
2023,Nouveau-Brunswick,Stations de recharge et de stations de ravitaillement en carburants de remplacement total,13,229
2023,Nouveau-Brunswick,Électrique,13,224
2024,Nouveau-Brunswick,Stations de recharge et de stations de ravitaillement en carburants de remplacement total,13,259
2024,Nouveau-Brunswick,Électrique,13,254
2012,Terre-Neuve-et-Labrador,Stations de recharge et de stations de ravitaillement en carburants de remplacement total,10,1
2012,Terre-Neuve-et-Labrador,Électrique,10,1
2013,Terre-Neuve-et-Labrador,Stations de recharge et de stations de ravitaillement en carburants de remplacement total,10,5
2013,Terre-Neuve-et-Labrador,Électrique,10,5
2014,Terre-Neuve-et-Labrador,Stations de recharge et de stations de ravitaillement en carburants de remplacement total,10,8
2014,Terre-Neuve-et-Labrador,Électrique,10,8
2015,Terre-Neuve-et-Labrador,Stations de recharge et de stations de ravitaillement en carburants de remplacement total,10,9
2015,Terre-Neuve-et-Labrador,Électrique,10,9
2016,Terre-Neuve-et-Labrador,Stations de recharge et de stations de ravitaillement en carburants de remplacement total,10,15
2016,Terre-Neuve-et-Labrador,Électrique,10,15
2018,Terre-Neuve-et-Labrador,Stations de recharge et de stations de ravitaillement en carburants de remplacement total,10,19
2018,Terre-Neuve-et-Labrador,Électrique,10,19
2019,Terre-Neuve-et-Labrador,Stations de recharge et de stations de ravitaillement en carburants de remplacement total,10,20
2019,Terre-Neuve-et-Labrador,Électrique,10,20
2021,Terre-Neuve-et-Labrador,Stations de recharge et de stations de ravitaillement en carburants de remplacement total,10,50
2021,Terre-Neuve-et-Labrador,Électrique,10,50
2022,Terre-Neuve-et-Labrador,Stations de recharge et de stations de ravitaillement en carburants de remplacement total,10,97
2022,Terre-Neuve-et-Labrador,Électrique,10,97
2023,Terre-Neuve-et-Labrador,Stations de recharge et de stations de ravitaillement en carburants de remplacement total,10,139
2023,Terre-Neuve-et-Labrador,Électrique,10,138
2023,Terre-Neuve-et-Labrador,Propane,10,1
2024,Terre-Neuve-et-Labrador,Stations de recharge et de stations de ravitaillement en carburants de remplacement total,10,143
2024,Terre-Neuve-et-Labrador,Électrique,10,142
2015,Territoires du Nord-Ouest,Stations de recharge et de stations de ravitaillement en carburants de remplacement total,61,1
2015,Territoires du Nord-Ouest,Propane,61,1
2020,Territoires du Nord-Ouest,Stations de recharge et de stations de ravitaillement en carburants de remplacement total,61,2
2020,Territoires du Nord-Ouest,Électrique,61,1
2023,Territoires du Nord-Ouest,Stations de recharge et de stations de ravitaillement en carburants de remplacement total,61,3
2023,Territoires du Nord-Ouest,Électrique,61,2
2024,Territoires du Nord-Ouest,Stations de recharge et de stations de ravitaillement en carburants de remplacement total,61,8
2024,Territoires du Nord-Ouest,Électrique,61,7
2012,Nouvelle-Écosse,Stations de recharge et de stations de ravitaillement en carburants de remplacement total,12,2
2012,Nouvelle-Écosse,Électrique,12,2
2013,Nouvelle-Écosse,Stations de recharge et de stations de ravitaillement en carburants de remplacement total,12,6
2013,Nouvelle-Écosse,Électrique,12,5
2013,Nouvelle-Écosse,Propane,12,1
2014,Nouvelle-Écosse,Stations de recharge et de stations de ravitaillement en carburants de remplacement total,12,13
2014,Nouvelle-Écosse,Électrique,12,12
2015,Nouvelle-Écosse,Stations de recharge et de stations de ravitaillement en carburants de remplacement total,12,26
2015,Nouvelle-Écosse,Électrique,12,24
2015,Nouvelle-Écosse,Propane,12,2
2016,Nouvelle-Écosse,Stations de recharge et de stations de ravitaillement en carburants de remplacement total,12,29
2016,Nouvelle-Écosse,Électrique,12,27
2017,Nouvelle-Écosse,Stations de recharge et de stations de ravitaillement en carburants de remplacement total,12,33
2017,Nouvelle-Écosse,Électrique,12,31
2018,Nouvelle-Écosse,Stations de recharge et de stations de ravitaillement en carburants de remplacement total,12,35
2018,Nouvelle-Écosse,Électrique,12,33
2019,Nouvelle-Écosse,Stations de recharge et de stations de ravitaillement en carburants de remplacement total,12,56
2019,Nouvelle-Écosse,Électrique,12,54
2020,Nouvelle-Écosse,Stations de recharge et de stations de ravitaillement en carburants de remplacement total,12,64
2020,Nouvelle-Écosse,Électrique,12,62
2021,Nouvelle-Écosse,Stations de recharge et de stations de ravitaillement en carburants de remplacement total,12,86
2021,Nouvelle-Écosse,Électrique,12,83
2021,Nouvelle-Écosse,Propane,12,3
2022,Nouvelle-Écosse,Stations de recharge et de stations de ravitaillement en carburants de remplacement total,12,155
2022,Nouvelle-Écosse,Électrique,12,151
2022,Nouvelle-Écosse,Propane,12,4
2023,Nouvelle-Écosse,Stations de recharge et de stations de ravitaillement en carburants de remplacement total,12,224
2023,Nouvelle-Écosse,Électrique,12,220
2024,Nouvelle-Écosse,Stations de recharge et de stations de ravitaillement en carburants de remplacement total,12,264
2024,Nouvelle-Écosse,Électrique,12,259
2024,Nouvelle-Écosse,Propane,12,5
2010,Ontario,Stations de recharge et de stations de ravitaillement en carburants de remplacement total,35,31
2010,Ontario,Électrique,35,5
2010,Ontario,Propane,35,25
2011,Ontario,Stations de recharge et de stations de ravitaillement en carburants de remplacement total,35,43
2011,Ontario,Électrique,35,17
2012,Ontario,Stations de recharge et de stations de ravitaillement en carburants de remplacement total,35,56
2012,Ontario,Électrique,35,30
2013,Ontario,Stations de recharge et de stations de ravitaillement en carburants de remplacement total,35,85
2013,Ontario,Électrique,35,57
2013,Ontario,Propane,35,27
2014,Ontario,Stations de recharge et de stations de ravitaillement en carburants de remplacement total,35,124
2014,Ontario,Gaz naturel comprimé,35,1
2014,Ontario,Électrique,35,94
2014,Ontario,Propane,35,28
2015,Ontario,Stations de recharge et de stations de ravitaillement en carburants de remplacement total,35,228
2015,Ontario,Gaz naturel comprimé,35,2
2015,Ontario,Électrique,35,196
2015,Ontario,Propane,35,29
2016,Ontario,Stations de recharge et de stations de ravitaillement en carburants de remplacement total,35,288
2016,Ontario,Électrique,35,253
2016,Ontario,Hydrogène,35,1
2016,Ontario,Propane,35,31
2017,Ontario,Stations de recharge et de stations de ravitaillement en carburants de remplacement total,35,462
2017,Ontario,Gaz naturel comprimé,35,4
2017,Ontario,Électrique,35,384
2017,Ontario,Propane,35,72
2018,Ontario,Stations de recharge et de stations de ravitaillement en carburants de remplacement total,35,585
2018,Ontario,Gaz naturel comprimé,35,7
2018,Ontario,Électrique,35,500
2018,Ontario,Propane,35,76
2019,Ontario,Stations de recharge et de stations de ravitaillement en carburants de remplacement total,35,891
2019,Ontario,Gaz naturel comprimé,35,8
2019,Ontario,Électrique,35,800
2019,Ontario,Propane,35,81
2020,Ontario,Stations de recharge et de stations de ravitaillement en carburants de remplacement total,35,1130
2020,Ontario,Électrique,35,1032
2020,Ontario,Propane,35,88
2021,Ontario,Stations de recharge et de stations de ravitaillement en carburants de remplacement total,35,1592
2021,Ontario,Gaz naturel comprimé,35,9
2021,Ontario,Électrique,35,1492
2021,Ontario,Propane,35,89
2022,Ontario,Stations de recharge et de stations de ravitaillement en carburants de remplacement total,35,2442
2022,Ontario,Gaz naturel comprimé,35,12
2022,Ontario,Électrique,35,2324
2022,Ontario,Propane,35,104
2023,Ontario,Stations de recharge et de stations de ravitaillement en carburants de remplacement total,35,3826
2023,Ontario,Électrique,35,3702
2023,Ontario,Hydrogène,35,2
2023,Ontario,Propane,35,109
2024,Ontario,Stations de recharge et de stations de ravitaillement en carburants de remplacement total,35,4654
2024,Ontario,Électrique,35,4524
2024,Ontario,Propane,35,115
2012,Île-du-Prince-Édouard,Stations de recharge et de stations de ravitaillement en carburants de remplacement total,11,2
2012,Île-du-Prince-Édouard,Électrique,11,2
2013,Île-du-Prince-Édouard,Stations de recharge et de stations de ravitaillement en carburants de remplacement total,11,4
2013,Île-du-Prince-Édouard,Électrique,11,4
2014,Île-du-Prince-Édouard,Stations de recharge et de stations de ravitaillement en carburants de remplacement total,11,8
2014,Île-du-Prince-Édouard,Électrique,11,8
2015,Île-du-Prince-Édouard,Stations de recharge et de stations de ravitaillement en carburants de remplacement total,11,14
2015,Île-du-Prince-Édouard,Électrique,11,14
2017,Île-du-Prince-Édouard,Stations de recharge et de stations de ravitaillement en carburants de remplacement total,11,18
2017,Île-du-Prince-Édouard,Électrique,11,18
2018,Île-du-Prince-Édouard,Stations de recharge et de stations de ravitaillement en carburants de remplacement total,11,21
2018,Île-du-Prince-Édouard,Électrique,11,21
2019,Île-du-Prince-Édouard,Stations de recharge et de stations de ravitaillement en carburants de remplacement total,11,22
2019,Île-du-Prince-Édouard,Électrique,11,22
2020,Île-du-Prince-Édouard,Stations de recharge et de stations de ravitaillement en carburants de remplacement total,11,29
2020,Île-du-Prince-Édouard,Électrique,11,29
2021,Île-du-Prince-Édouard,Stations de recharge et de stations de ravitaillement en carburants de remplacement total,11,54
2021,Île-du-Prince-Édouard,Électrique,11,54
2022,Île-du-Prince-Édouard,Stations de recharge et de stations de ravitaillement en carburants de remplacement total,11,92
2022,Île-du-Prince-Édouard,Électrique,11,91
2022,Île-du-Prince-Édouard,Propane,11,1
2023,Île-du-Prince-Édouard,Stations de recharge et de stations de ravitaillement en carburants de remplacement total,11,155
2023,Île-du-Prince-Édouard,Électrique,11,154
2024,Île-du-Prince-Édouard,Stations de recharge et de stations de ravitaillement en carburants de remplacement total,11,169
2024,Île-du-Prince-Édouard,Électrique,11,168
2010,Québec,Stations de recharge et de stations de ravitaillement en carburants de remplacement total,24,8
2010,Québec,Électrique,24,2
2011,Québec,Stations de recharge et de stations de ravitaillement en carburants de remplacement total,24,9
2011,Québec,Électrique,24,3
2012,Québec,Stations de recharge et de stations de ravitaillement en carburants de remplacement total,24,19
2012,Québec,Électrique,24,13
2013,Québec,Stations de recharge et de stations de ravitaillement en carburants de remplacement total,24,37
2013,Québec,Gaz naturel comprimé,24,2
2013,Québec,Électrique,24,29
2014,Québec,Stations de recharge et de stations de ravitaillement en carburants de remplacement total,24,74
2014,Québec,Électrique,24,65
2014,Québec,Propane,24,7
2015,Québec,Stations de recharge et de stations de ravitaillement en carburants de remplacement total,24,167
2015,Québec,Gaz naturel comprimé,24,3
2015,Québec,Électrique,24,150
2015,Québec,Propane,24,14
2016,Québec,Stations de recharge et de stations de ravitaillement en carburants de remplacement total,24,261
2016,Québec,Électrique,24,244
2017,Québec,Stations de recharge et de stations de ravitaillement en carburants de remplacement total,24,445
2017,Québec,Gaz naturel comprimé,24,4
2017,Québec,Électrique,24,299
2017,Québec,Propane,24,142
2018,Québec,Stations de recharge et de stations de ravitaillement en carburants de remplacement total,24,483
2018,Québec,Gaz naturel comprimé,24,6
2018,Québec,Électrique,24,330
2018,Québec,Hydrogène,24,1
2018,Québec,Propane,24,146
2019,Québec,Stations de recharge et de stations de ravitaillement en carburants de remplacement total,24,1980
2019,Québec,Gaz naturel comprimé,24,8
2019,Québec,Électrique,24,1820
2019,Québec,Gaz naturel liquéfié,24,1
2019,Québec,Propane,24,150
2020,Québec,Stations de recharge et de stations de ravitaillement en carburants de remplacement total,24,2375
2020,Québec,Électrique,24,2215
2021,Québec,Stations de recharge et de stations de ravitaillement en carburants de remplacement total,24,2768
2021,Québec,Électrique,24,2606
2021,Québec,Propane,24,152
2022,Québec,Stations de recharge et de stations de ravitaillement en carburants de remplacement total,24,3331
2022,Québec,Gaz naturel comprimé,24,10
2022,Québec,Électrique,24,3166
2022,Québec,Hydrogène,24,2
2023,Québec,Stations de recharge et de stations de ravitaillement en carburants de remplacement total,24,4240
2023,Québec,Gaz naturel comprimé,24,12
2023,Québec,Électrique,24,4069
2023,Québec,Hydrogène,24,5
2023,Québec,Propane,24,153
2024,Québec,Stations de recharge et de stations de ravitaillement en carburants de remplacement total,24,4884
2024,Québec,Gaz naturel comprimé,24,13
2024,Québec,Électrique,24,4711
2024,Québec,Propane,24,154
2014,Saskatchewan,Stations de recharge et de stations de ravitaillement en carburants de remplacement total,47,10
2014,Saskatchewan,Électrique,47,5
2014,Saskatchewan,Propane,47,5
2015,Saskatchewan,Stations de recharge et de stations de ravitaillement en carburants de remplacement total,47,18
2015,Saskatchewan,Électrique,47,12
2015,Saskatchewan,Propane,47,6
2016,Saskatchewan,Stations de recharge et de stations de ravitaillement en carburants de remplacement total,47,22
2016,Saskatchewan,Électrique,47,16
2017,Saskatchewan,Stations de recharge et de stations de ravitaillement en carburants de remplacement total,47,27
2017,Saskatchewan,Électrique,47,21
2018,Saskatchewan,Stations de recharge et de stations de ravitaillement en carburants de remplacement total,47,95
2018,Saskatchewan,Électrique,47,23
2018,Saskatchewan,Propane,47,72
2019,Saskatchewan,Stations de recharge et de stations de ravitaillement en carburants de remplacement total,47,105
2019,Saskatchewan,Électrique,47,31
2019,Saskatchewan,Propane,47,74
2020,Saskatchewan,Stations de recharge et de stations de ravitaillement en carburants de remplacement total,47,113
2020,Saskatchewan,Électrique,47,39
2021,Saskatchewan,Stations de recharge et de stations de ravitaillement en carburants de remplacement total,47,127
2021,Saskatchewan,Électrique,47,53
2022,Saskatchewan,Stations de recharge et de stations de ravitaillement en carburants de remplacement total,47,173
2022,Saskatchewan,Gaz naturel comprimé,47,1
2022,Saskatchewan,Électrique,47,98
2023,Saskatchewan,Stations de recharge et de stations de ravitaillement en carburants de remplacement total,47,215
2023,Saskatchewan,Électrique,47,140
2024,Saskatchewan,Stations de recharge et de stations de ravitaillement en carburants de remplacement total,47,255
2024,Saskatchewan,Électrique,47,180
2019,Yukon,Stations de recharge et de stations de ravitaillement en carburants de remplacement total,60,4
2019,Yukon,Électrique,60,2
2019,Yukon,Propane,60,2
2020,Yukon,Stations de recharge et de stations de ravitaillement en carburants de remplacement total,60,7
2020,Yukon,Électrique,60,5
2022,Yukon,Stations de recharge et de stations de ravitaillement en carburants de remplacement total,60,14
2022,Yukon,Électrique,60,12
2023,Yukon,Stations de recharge et de stations de ravitaillement en carburants de remplacement total,60,39
2023,Yukon,Électrique,60,37
2024,Yukon,Stations de recharge et de stations de ravitaillement en carburants de remplacement total,60,42
2024,Yukon,Électrique,60,40
