Year,Géographie,Type de poste de recharge ou de ravitaillement,GeoCode,Value
2010,,,,109
2011,,,,125
2012,,,,159
2013,,,,237
2014,,,,352
2015,,,,685
2016,,,,872
2017,,,,1366
2018,,,,1822
2019,,,,3848
2020,,,,4653
2021,,,,5961
2022,,,,8225
2023,,,,11447
2024,,,,13870
2025,,,,15979
2010,Alberta,Stations de recharge et de stations de ravitaillement en carburants de remplacement total,48,26
2010,Alberta,Propane,48,26
2011,Alberta,Stations de recharge et de stations de ravitaillement en carburants de remplacement total,48,27
2011,Alberta,Propane,48,27
2012,Alberta,Stations de recharge et de stations de ravitaillement en carburants de remplacement total,48,32
2012,Alberta,Électrique,48,2
2012,Alberta,Propane,48,30
2013,Alberta,Stations de recharge et de stations de ravitaillement en carburants de remplacement total,48,39
2013,Alberta,Électrique,48,8
2013,Alberta,Propane,48,31
2014,Alberta,Stations de recharge et de stations de ravitaillement en carburants de remplacement total,48,44
2014,Alberta,Électrique,48,13
2015,Alberta,Stations de recharge et de stations de ravitaillement en carburants de remplacement total,48,73
2015,Alberta,Électrique,48,41
2015,Alberta,Propane,48,32
2016,Alberta,Stations de recharge et de stations de ravitaillement en carburants de remplacement total,48,84
2016,Alberta,Électrique,48,51
2016,Alberta,Propane,48,33
2017,Alberta,Stations de recharge et de stations de ravitaillement en carburants de remplacement total,48,135
2017,Alberta,Gaz naturel comprimé,48,1
2017,Alberta,Électrique,48,65
2017,Alberta,Propane,48,69
2018,Alberta,Stations de recharge et de stations de ravitaillement en carburants de remplacement total,48,219
2018,Alberta,Gaz naturel comprimé,48,10
2018,Alberta,Électrique,48,75
2018,Alberta,Propane,48,134
2019,Alberta,Stations de recharge et de stations de ravitaillement en carburants de remplacement total,48,250
2019,Alberta,Électrique,48,105
2019,Alberta,Propane,48,135
2020,Alberta,Stations de recharge et de stations de ravitaillement en carburants de remplacement total,48,277
2020,Alberta,Gaz naturel comprimé,48,11
2020,Alberta,Électrique,48,128
2020,Alberta,Propane,48,138
2021,Alberta,Stations de recharge et de stations de ravitaillement en carburants de remplacement total,48,333
2021,Alberta,Électrique,48,181
2021,Alberta,Propane,48,141
2022,Alberta,Stations de recharge et de stations de ravitaillement en carburants de remplacement total,48,504
2022,Alberta,Gaz naturel comprimé,48,12
2022,Alberta,Électrique,48,351
2023,Alberta,Stations de recharge et de stations de ravitaillement en carburants de remplacement total,48,731
2023,Alberta,Gaz naturel comprimé,48,13
2023,Alberta,Électrique,48,576
2023,Alberta,Propane,48,142
2024,Alberta,Stations de recharge et de stations de ravitaillement en carburants de remplacement total,48,906
2024,Alberta,Électrique,48,748
2024,Alberta,Propane,48,145
2025,Alberta,Stations de recharge et de stations de ravitaillement en carburants de remplacement total,48,1048
2025,Alberta,Électrique,48,890
2010,Colombie-Britannique,Stations de recharge et de stations de ravitaillement en carburants de remplacement total,59,37
2010,Colombie-Britannique,Biodiesel,59,1
2010,Colombie-Britannique,Propane,59,36
2011,Colombie-Britannique,Stations de recharge et de stations de ravitaillement en carburants de remplacement total,59,42
2011,Colombie-Britannique,Électrique,59,5
2012,Colombie-Britannique,Stations de recharge et de stations de ravitaillement en carburants de remplacement total,59,47
2012,Colombie-Britannique,Électrique,59,9
2012,Colombie-Britannique,Propane,59,37
2013,Colombie-Britannique,Stations de recharge et de stations de ravitaillement en carburants de remplacement total,59,64
2013,Colombie-Britannique,Électrique,59,26
2014,Colombie-Britannique,Stations de recharge et de stations de ravitaillement en carburants de remplacement total,59,84
2014,Colombie-Britannique,Électrique,59,46
2015,Colombie-Britannique,Stations de recharge et de stations de ravitaillement en carburants de remplacement total,59,173
2015,Colombie-Britannique,Gaz naturel comprimé,59,2
2015,Colombie-Britannique,Électrique,59,132
2015,Colombie-Britannique,Propane,59,38
2016,Colombie-Britannique,Stations de recharge et de stations de ravitaillement en carburants de remplacement total,59,195
2016,Colombie-Britannique,Électrique,59,153
2016,Colombie-Britannique,Propane,59,39
2017,Colombie-Britannique,Stations de recharge et de stations de ravitaillement en carburants de remplacement total,59,275
2017,Colombie-Britannique,Gaz naturel comprimé,59,4
2017,Colombie-Britannique,Électrique,59,198
2017,Colombie-Britannique,Propane,59,72
2018,Colombie-Britannique,Stations de recharge et de stations de ravitaillement en carburants de remplacement total,59,379
2018,Colombie-Britannique,Électrique,59,268
2018,Colombie-Britannique,Hydrogène,59,1
2018,Colombie-Britannique,Propane,59,105
2019,Colombie-Britannique,Stations de recharge et de stations de ravitaillement en carburants de remplacement total,59,590
2019,Colombie-Britannique,Électrique,59,475
2019,Colombie-Britannique,Hydrogène,59,2
2019,Colombie-Britannique,Propane,59,108
2020,Colombie-Britannique,Stations de recharge et de stations de ravitaillement en carburants de remplacement total,59,732
2020,Colombie-Britannique,Électrique,59,614
2020,Colombie-Britannique,Hydrogène,59,3
2020,Colombie-Britannique,Propane,59,110
2021,Colombie-Britannique,Stations de recharge et de stations de ravitaillement en carburants de remplacement total,59,1022
2021,Colombie-Britannique,Gaz naturel comprimé,59,5
2021,Colombie-Britannique,Électrique,59,901
2021,Colombie-Britannique,Hydrogène,59,4
2021,Colombie-Britannique,Propane,59,111
2022,Colombie-Britannique,Stations de recharge et de stations de ravitaillement en carburants de remplacement total,59,1487
2022,Colombie-Britannique,Électrique,59,1362
2022,Colombie-Britannique,Hydrogène,59,5
2022,Colombie-Britannique,Propane,59,114
2023,Colombie-Britannique,Stations de recharge et de stations de ravitaillement en carburants de remplacement total,59,2000
2023,Colombie-Britannique,Gaz naturel comprimé,59,7
2023,Colombie-Britannique,Électrique,59,1871
2023,Colombie-Britannique,Éthanol,59,1
2023,Colombie-Britannique,Hydrogène,59,6
2024,Colombie-Britannique,Stations de recharge et de stations de ravitaillement en carburants de remplacement total,59,2454
2024,Colombie-Britannique,Électrique,59,2319
2024,Colombie-Britannique,Hydrogène,59,7
2024,Colombie-Britannique,Propane,59,119
2025,Colombie-Britannique,Stations de recharge et de stations de ravitaillement en carburants de remplacement total,59,2830
2025,Colombie-Britannique,Électrique,59,2691
2025,Colombie-Britannique,Hydrogène,59,9
2025,Colombie-Britannique,Propane,59,121
2010,Canada,Biodiesel,,1
2010,Canada,Électrique,,5
2010,Canada,Propane,,103
2011,Canada,Électrique,,20
2011,Canada,Propane,,104
2012,Canada,Électrique,,50
2012,Canada,Propane,,108
2013,Canada,Gaz naturel comprimé,,2
2013,Canada,Électrique,,122
2013,Canada,Propane,,112
2014,Canada,Gaz naturel comprimé,,3
2014,Canada,Électrique,,233
2014,Canada,Propane,,115
2015,Canada,Gaz naturel comprimé,,7
2015,Canada,Électrique,,549
2015,Canada,Propane,,128
2016,Canada,Électrique,,731
2016,Canada,Hydrogène,,1
2016,Canada,Propane,,132
2017,Canada,Gaz naturel comprimé,,13
2017,Canada,Électrique,,985
2017,Canada,Propane,,366
2018,Canada,Gaz naturel comprimé,,26
2018,Canada,Électrique,,1211
2018,Canada,Hydrogène,,3
2018,Canada,Propane,,581
2019,Canada,Gaz naturel comprimé,,29
2019,Canada,Électrique,,3215
2019,Canada,Hydrogène,,4
2019,Canada,Propane,,599
2020,Canada,Gaz naturel comprimé,,30
2020,Canada,Électrique,,4005
2020,Canada,Hydrogène,,5
2020,Canada,Propane,,612
2021,Canada,Gaz naturel comprimé,,32
2021,Canada,Électrique,,5302
2021,Canada,Hydrogène,,6
2021,Canada,Propane,,620
2022,Canada,Gaz naturel comprimé,,40
2022,Canada,Électrique,,7536
2022,Canada,Hydrogène,,8
2022,Canada,Propane,,640
2023,Canada,Gaz naturel comprimé,,44
2023,Canada,Électrique,,10744
2023,Canada,Éthanol,,1
2023,Canada,Hydrogène,,10
2023,Canada,Propane,,647
2024,Canada,Électrique,,13142
2024,Canada,Hydrogène,,12
2024,Canada,Propane,,670
2025,Canada,Gaz naturel comprimé,,47
2025,Canada,Électrique,,15229
2025,Canada,Hydrogène,,16
2025,Canada,Propane,,685
2010,Manitoba,Stations de recharge et de stations de ravitaillement en carburants de remplacement total,46,3
2010,Manitoba,Électrique,46,1
2013,Manitoba,Stations de recharge et de stations de ravitaillement en carburants de remplacement total,46,8
2013,Manitoba,Électrique,46,6
2014,Manitoba,Stations de recharge et de stations de ravitaillement en carburants de remplacement total,46,9
2014,Manitoba,Électrique,46,7
2015,Manitoba,Stations de recharge et de stations de ravitaillement en carburants de remplacement total,46,14
2015,Manitoba,Électrique,46,12
2016,Manitoba,Stations de recharge et de stations de ravitaillement en carburants de remplacement total,46,15
2016,Manitoba,Électrique,46,13
2017,Manitoba,Stations de recharge et de stations de ravitaillement en carburants de remplacement total,46,24
2017,Manitoba,Électrique,46,18
2017,Manitoba,Propane,46,6
2018,Manitoba,Stations de recharge et de stations de ravitaillement en carburants de remplacement total,46,67
2018,Manitoba,Propane,46,49
2019,Manitoba,Stations de recharge et de stations de ravitaillement en carburants de remplacement total,46,77
2019,Manitoba,Électrique,46,27
2019,Manitoba,Propane,46,50
2020,Manitoba,Stations de recharge et de stations de ravitaillement en carburants de remplacement total,46,82
2020,Manitoba,Électrique,46,32
2021,Manitoba,Stations de recharge et de stations de ravitaillement en carburants de remplacement total,46,100
2021,Manitoba,Électrique,46,50
2022,Manitoba,Stations de recharge et de stations de ravitaillement en carburants de remplacement total,46,157
2022,Manitoba,Gaz naturel comprimé,46,1
2022,Manitoba,Électrique,46,106
2023,Manitoba,Stations de recharge et de stations de ravitaillement en carburants de remplacement total,46,240
2023,Manitoba,Électrique,46,189
2024,Manitoba,Stations de recharge et de stations de ravitaillement en carburants de remplacement total,46,315
2024,Manitoba,Électrique,46,261
2024,Manitoba,Propane,46,53
2025,Manitoba,Stations de recharge et de stations de ravitaillement en carburants de remplacement total,46,366
2025,Manitoba,Électrique,46,312
2011,Nouveau-Brunswick,Stations de recharge et de stations de ravitaillement en carburants de remplacement total,13,1
2011,Nouveau-Brunswick,Électrique,13,1
2012,Nouveau-Brunswick,Stations de recharge et de stations de ravitaillement en carburants de remplacement total,13,4
2012,Nouveau-Brunswick,Électrique,13,4
2013,Nouveau-Brunswick,Stations de recharge et de stations de ravitaillement en carburants de remplacement total,13,8
2013,Nouveau-Brunswick,Électrique,13,8
2014,Nouveau-Brunswick,Stations de recharge et de stations de ravitaillement en carburants de remplacement total,13,11
2014,Nouveau-Brunswick,Électrique,13,11
2015,Nouveau-Brunswick,Stations de recharge et de stations de ravitaillement en carburants de remplacement total,13,17
2015,Nouveau-Brunswick,Électrique,13,17
2016,Nouveau-Brunswick,Stations de recharge et de stations de ravitaillement en carburants de remplacement total,13,21
2016,Nouveau-Brunswick,Électrique,13,21
2017,Nouveau-Brunswick,Stations de recharge et de stations de ravitaillement en carburants de remplacement total,13,42
2017,Nouveau-Brunswick,Électrique,13,42
2018,Nouveau-Brunswick,Stations de recharge et de stations de ravitaillement en carburants de remplacement total,13,47
2018,Nouveau-Brunswick,Électrique,13,46
2018,Nouveau-Brunswick,Propane,13,1
2019,Nouveau-Brunswick,Stations de recharge et de stations de ravitaillement en carburants de remplacement total,13,64
2019,Nouveau-Brunswick,Électrique,13,63
2020,Nouveau-Brunswick,Stations de recharge et de stations de ravitaillement en carburants de remplacement total,13,82
2020,Nouveau-Brunswick,Électrique,13,80
2020,Nouveau-Brunswick,Propane,13,2
2021,Nouveau-Brunswick,Stations de recharge et de stations de ravitaillement en carburants de remplacement total,13,104
2021,Nouveau-Brunswick,Électrique,13,102
2022,Nouveau-Brunswick,Stations de recharge et de stations de ravitaillement en carburants de remplacement total,13,139
2022,Nouveau-Brunswick,Électrique,13,135
2022,Nouveau-Brunswick,Propane,13,4
2023,Nouveau-Brunswick,Stations de recharge et de stations de ravitaillement en carburants de remplacement total,13,211
2023,Nouveau-Brunswick,Électrique,13,207
2024,Nouveau-Brunswick,Stations de recharge et de stations de ravitaillement en carburants de remplacement total,13,248
2024,Nouveau-Brunswick,Électrique,13,243
2024,Nouveau-Brunswick,Propane,13,5
2025,Nouveau-Brunswick,Stations de recharge et de stations de ravitaillement en carburants de remplacement total,13,288
2025,Nouveau-Brunswick,Électrique,13,283
2012,Terre-Neuve-et-Labrador,Stations de recharge et de stations de ravitaillement en carburants de remplacement total,10,1
2012,Terre-Neuve-et-Labrador,Électrique,10,1
2013,Terre-Neuve-et-Labrador,Stations de recharge et de stations de ravitaillement en carburants de remplacement total,10,5
2013,Terre-Neuve-et-Labrador,Électrique,10,5
2014,Terre-Neuve-et-Labrador,Stations de recharge et de stations de ravitaillement en carburants de remplacement total,10,7
2014,Terre-Neuve-et-Labrador,Électrique,10,7
2015,Terre-Neuve-et-Labrador,Stations de recharge et de stations de ravitaillement en carburants de remplacement total,10,8
2015,Terre-Neuve-et-Labrador,Électrique,10,8
2016,Terre-Neuve-et-Labrador,Stations de recharge et de stations de ravitaillement en carburants de remplacement total,10,14
2016,Terre-Neuve-et-Labrador,Électrique,10,14
2018,Terre-Neuve-et-Labrador,Stations de recharge et de stations de ravitaillement en carburants de remplacement total,10,17
2018,Terre-Neuve-et-Labrador,Électrique,10,17
2019,Terre-Neuve-et-Labrador,Stations de recharge et de stations de ravitaillement en carburants de remplacement total,10,18
2019,Terre-Neuve-et-Labrador,Électrique,10,18
2021,Terre-Neuve-et-Labrador,Stations de recharge et de stations de ravitaillement en carburants de remplacement total,10,50
2021,Terre-Neuve-et-Labrador,Électrique,10,50
2022,Terre-Neuve-et-Labrador,Stations de recharge et de stations de ravitaillement en carburants de remplacement total,10,100
2022,Terre-Neuve-et-Labrador,Électrique,10,100
2023,Terre-Neuve-et-Labrador,Stations de recharge et de stations de ravitaillement en carburants de remplacement total,10,122
2023,Terre-Neuve-et-Labrador,Électrique,10,121
2023,Terre-Neuve-et-Labrador,Propane,10,1
2024,Terre-Neuve-et-Labrador,Stations de recharge et de stations de ravitaillement en carburants de remplacement total,10,131
2024,Terre-Neuve-et-Labrador,Électrique,10,129
2024,Terre-Neuve-et-Labrador,Propane,10,2
2025,Terre-Neuve-et-Labrador,Stations de recharge et de stations de ravitaillement en carburants de remplacement total,10,156
2025,Terre-Neuve-et-Labrador,Électrique,10,154
2015,Territoires du Nord-Ouest,Stations de recharge et de stations de ravitaillement en carburants de remplacement total,61,1
2015,Territoires du Nord-Ouest,Propane,61,1
2020,Territoires du Nord-Ouest,Stations de recharge et de stations de ravitaillement en carburants de remplacement total,61,2
2020,Territoires du Nord-Ouest,Électrique,61,1
2023,Territoires du Nord-Ouest,Stations de recharge et de stations de ravitaillement en carburants de remplacement total,61,3
2023,Territoires du Nord-Ouest,Électrique,61,2
2024,Territoires du Nord-Ouest,Stations de recharge et de stations de ravitaillement en carburants de remplacement total,61,8
2024,Territoires du Nord-Ouest,Électrique,61,7
2025,Territoires du Nord-Ouest,Stations de recharge et de stations de ravitaillement en carburants de remplacement total,61,14
2025,Territoires du Nord-Ouest,Électrique,61,13
2012,Nouvelle-Écosse,Stations de recharge et de stations de ravitaillement en carburants de remplacement total,12,1
2012,Nouvelle-Écosse,Électrique,12,1
2013,Nouvelle-Écosse,Stations de recharge et de stations de ravitaillement en carburants de remplacement total,12,4
2013,Nouvelle-Écosse,Électrique,12,3
2013,Nouvelle-Écosse,Propane,12,1
2014,Nouvelle-Écosse,Stations de recharge et de stations de ravitaillement en carburants de remplacement total,12,10
2014,Nouvelle-Écosse,Électrique,12,9
2015,Nouvelle-Écosse,Stations de recharge et de stations de ravitaillement en carburants de remplacement total,12,22
2015,Nouvelle-Écosse,Électrique,12,20
2015,Nouvelle-Écosse,Propane,12,2
2016,Nouvelle-Écosse,Stations de recharge et de stations de ravitaillement en carburants de remplacement total,12,24
2016,Nouvelle-Écosse,Électrique,12,22
2017,Nouvelle-Écosse,Stations de recharge et de stations de ravitaillement en carburants de remplacement total,12,27
2017,Nouvelle-Écosse,Électrique,12,25
2018,Nouvelle-Écosse,Stations de recharge et de stations de ravitaillement en carburants de remplacement total,12,28
2018,Nouvelle-Écosse,Électrique,12,26
2019,Nouvelle-Écosse,Stations de recharge et de stations de ravitaillement en carburants de remplacement total,12,47
2019,Nouvelle-Écosse,Électrique,12,45
2020,Nouvelle-Écosse,Stations de recharge et de stations de ravitaillement en carburants de remplacement total,12,55
2020,Nouvelle-Écosse,Électrique,12,53
2021,Nouvelle-Écosse,Stations de recharge et de stations de ravitaillement en carburants de remplacement total,12,77
2021,Nouvelle-Écosse,Électrique,12,74
2021,Nouvelle-Écosse,Propane,12,3
2022,Nouvelle-Écosse,Stations de recharge et de stations de ravitaillement en carburants de remplacement total,12,149
2022,Nouvelle-Écosse,Électrique,12,145
2022,Nouvelle-Écosse,Propane,12,4
2023,Nouvelle-Écosse,Stations de recharge et de stations de ravitaillement en carburants de remplacement total,12,219
2023,Nouvelle-Écosse,Électrique,12,215
2024,Nouvelle-Écosse,Stations de recharge et de stations de ravitaillement en carburants de remplacement total,12,268
2024,Nouvelle-Écosse,Électrique,12,263
2024,Nouvelle-Écosse,Propane,12,5
2025,Nouvelle-Écosse,Stations de recharge et de stations de ravitaillement en carburants de remplacement total,12,319
2025,Nouvelle-Écosse,Électrique,12,314
2010,Ontario,Stations de recharge et de stations de ravitaillement en carburants de remplacement total,35,30
2010,Ontario,Électrique,35,2
2010,Ontario,Propane,35,28
2011,Ontario,Stations de recharge et de stations de ravitaillement en carburants de remplacement total,35,38
2011,Ontario,Électrique,35,10
2012,Ontario,Stations de recharge et de stations de ravitaillement en carburants de remplacement total,35,48
2012,Ontario,Électrique,35,20
2013,Ontario,Stations de recharge et de stations de ravitaillement en carburants de remplacement total,35,68
2013,Ontario,Électrique,35,38
2013,Ontario,Propane,35,30
2014,Ontario,Stations de recharge et de stations de ravitaillement en carburants de remplacement total,35,104
2014,Ontario,Gaz naturel comprimé,35,1
2014,Ontario,Électrique,35,72
2014,Ontario,Propane,35,31
2015,Ontario,Stations de recharge et de stations de ravitaillement en carburants de remplacement total,35,191
2015,Ontario,Gaz naturel comprimé,35,2
2015,Ontario,Électrique,35,157
2015,Ontario,Propane,35,32
2016,Ontario,Stations de recharge et de stations de ravitaillement en carburants de remplacement total,35,237
2016,Ontario,Électrique,35,201
2016,Ontario,Hydrogène,35,1
2016,Ontario,Propane,35,33
2017,Ontario,Stations de recharge et de stations de ravitaillement en carburants de remplacement total,35,381
2017,Ontario,Gaz naturel comprimé,35,4
2017,Ontario,Électrique,35,304
2017,Ontario,Propane,35,72
2018,Ontario,Stations de recharge et de stations de ravitaillement en carburants de remplacement total,35,490
2018,Ontario,Gaz naturel comprimé,35,7
2018,Ontario,Électrique,35,407
2018,Ontario,Propane,35,75
2019,Ontario,Stations de recharge et de stations de ravitaillement en carburants de remplacement total,35,778
2019,Ontario,Gaz naturel comprimé,35,8
2019,Ontario,Électrique,35,689
2019,Ontario,Propane,35,80
2020,Ontario,Stations de recharge et de stations de ravitaillement en carburants de remplacement total,35,992
2020,Ontario,Électrique,35,896
2020,Ontario,Propane,35,87
2021,Ontario,Stations de recharge et de stations de ravitaillement en carburants de remplacement total,35,1435
2021,Ontario,Gaz naturel comprimé,35,9
2021,Ontario,Électrique,35,1337
2021,Ontario,Propane,35,88
2022,Ontario,Stations de recharge et de stations de ravitaillement en carburants de remplacement total,35,2231
2022,Ontario,Gaz naturel comprimé,35,12
2022,Ontario,Électrique,35,2117
2022,Ontario,Propane,35,101
2023,Ontario,Stations de recharge et de stations de ravitaillement en carburants de remplacement total,35,3566
2023,Ontario,Électrique,35,3448
2023,Ontario,Propane,35,105
2024,Ontario,Stations de recharge et de stations de ravitaillement en carburants de remplacement total,35,4438
2024,Ontario,Électrique,35,4311
2024,Ontario,Hydrogène,35,2
2024,Ontario,Propane,35,113
2025,Ontario,Stations de recharge et de stations de ravitaillement en carburants de remplacement total,35,5133
2025,Ontario,Électrique,35,4995
2025,Ontario,Propane,35,124
2013,Île-du-Prince-Édouard,Stations de recharge et de stations de ravitaillement en carburants de remplacement total,11,1
2013,Île-du-Prince-Édouard,Électrique,11,1
2014,Île-du-Prince-Édouard,Stations de recharge et de stations de ravitaillement en carburants de remplacement total,11,5
2014,Île-du-Prince-Édouard,Électrique,11,5
2015,Île-du-Prince-Édouard,Stations de recharge et de stations de ravitaillement en carburants de remplacement total,11,11
2015,Île-du-Prince-Édouard,Électrique,11,11
2017,Île-du-Prince-Édouard,Stations de recharge et de stations de ravitaillement en carburants de remplacement total,11,15
2017,Île-du-Prince-Édouard,Électrique,11,15
2018,Île-du-Prince-Édouard,Stations de recharge et de stations de ravitaillement en carburants de remplacement total,11,17
2018,Île-du-Prince-Édouard,Électrique,11,17
2019,Île-du-Prince-Édouard,Stations de recharge et de stations de ravitaillement en carburants de remplacement total,11,18
2019,Île-du-Prince-Édouard,Électrique,11,18
2020,Île-du-Prince-Édouard,Stations de recharge et de stations de ravitaillement en carburants de remplacement total,11,25
2020,Île-du-Prince-Édouard,Électrique,11,25
2021,Île-du-Prince-Édouard,Stations de recharge et de stations de ravitaillement en carburants de remplacement total,11,54
2021,Île-du-Prince-Édouard,Électrique,11,54
2022,Île-du-Prince-Édouard,Stations de recharge et de stations de ravitaillement en carburants de remplacement total,11,90
2022,Île-du-Prince-Édouard,Électrique,11,89
2022,Île-du-Prince-Édouard,Propane,11,1
2023,Île-du-Prince-Édouard,Stations de recharge et de stations de ravitaillement en carburants de remplacement total,11,146
2023,Île-du-Prince-Édouard,Électrique,11,145
2024,Île-du-Prince-Édouard,Stations de recharge et de stations de ravitaillement en carburants de remplacement total,11,162
2024,Île-du-Prince-Édouard,Électrique,11,161
2025,Île-du-Prince-Édouard,Stations de recharge et de stations de ravitaillement en carburants de remplacement total,11,178
2025,Île-du-Prince-Édouard,Électrique,11,176
2025,Île-du-Prince-Édouard,Propane,11,2
2010,Québec,Stations de recharge et de stations de ravitaillement en carburants de remplacement total,24,9
2010,Québec,Électrique,24,2
2011,Québec,Stations de recharge et de stations de ravitaillement en carburants de remplacement total,24,10
2011,Québec,Électrique,24,3
2012,Québec,Stations de recharge et de stations de ravitaillement en carburants de remplacement total,24,19
2012,Québec,Électrique,24,12
2013,Québec,Stations de recharge et de stations de ravitaillement en carburants de remplacement total,24,36
2013,Québec,Gaz naturel comprimé,24,2
2013,Québec,Électrique,24,27
2014,Québec,Stations de recharge et de stations de ravitaillement en carburants de remplacement total,24,70
2014,Québec,Électrique,24,60
2014,Québec,Propane,24,8
2015,Québec,Stations de recharge et de stations de ravitaillement en carburants de remplacement total,24,159
2015,Québec,Gaz naturel comprimé,24,3
2015,Québec,Électrique,24,141
2015,Québec,Propane,24,15
2016,Québec,Stations de recharge et de stations de ravitaillement en carburants de remplacement total,24,250
2016,Québec,Électrique,24,231
2016,Québec,Propane,24,16
2017,Québec,Stations de recharge et de stations de ravitaillement en carburants de remplacement total,24,427
2017,Québec,Gaz naturel comprimé,24,4
2017,Québec,Électrique,24,285
2017,Québec,Propane,24,138
2018,Québec,Stations de recharge et de stations de ravitaillement en carburants de remplacement total,24,464
2018,Québec,Gaz naturel comprimé,24,5
2018,Québec,Électrique,24,316
2018,Québec,Hydrogène,24,1
2018,Québec,Propane,24,142
2019,Québec,Stations de recharge et de stations de ravitaillement en carburants de remplacement total,24,1900
2019,Québec,Gaz naturel comprimé,24,7
2019,Québec,Électrique,24,1746
2019,Québec,Propane,24,146
2020,Québec,Stations de recharge et de stations de ravitaillement en carburants de remplacement total,24,2273
2020,Québec,Électrique,24,2119
2021,Québec,Stations de recharge et de stations de ravitaillement en carburants de remplacement total,24,2649
2021,Québec,Électrique,24,2493
2021,Québec,Propane,24,148
2022,Québec,Stations de recharge et de stations de ravitaillement en carburants de remplacement total,24,3183
2022,Québec,Gaz naturel comprimé,24,9
2022,Québec,Électrique,24,3024
2022,Québec,Hydrogène,24,2
2023,Québec,Stations de recharge et de stations de ravitaillement en carburants de remplacement total,24,3963
2023,Québec,Gaz naturel comprimé,24,10
2023,Québec,Électrique,24,3801
2023,Québec,Hydrogène,24,3
2023,Québec,Propane,24,149
2024,Québec,Stations de recharge et de stations de ravitaillement en carburants de remplacement total,24,4653
2024,Québec,Électrique,24,4490
2024,Québec,Propane,24,150
2025,Québec,Stations de recharge et de stations de ravitaillement en carburants de remplacement total,24,5317
2025,Québec,Gaz naturel comprimé,24,13
2025,Québec,Électrique,24,5148
2025,Québec,Hydrogène,24,5
2025,Québec,Propane,24,151
2014,Saskatchewan,Stations de recharge et de stations de ravitaillement en carburants de remplacement total,47,8
2014,Saskatchewan,Électrique,47,3
2014,Saskatchewan,Propane,47,5
2015,Saskatchewan,Stations de recharge et de stations de ravitaillement en carburants de remplacement total,47,16
2015,Saskatchewan,Électrique,47,10
2015,Saskatchewan,Propane,47,6
2016,Saskatchewan,Stations de recharge et de stations de ravitaillement en carburants de remplacement total,47,20
2016,Saskatchewan,Électrique,47,14
2017,Saskatchewan,Stations de recharge et de stations de ravitaillement en carburants de remplacement total,47,25
2017,Saskatchewan,Électrique,47,19
2018,Saskatchewan,Stations de recharge et de stations de ravitaillement en carburants de remplacement total,47,93
2018,Saskatchewan,Électrique,47,21
2018,Saskatchewan,Propane,47,72
2019,Saskatchewan,Stations de recharge et de stations de ravitaillement en carburants de remplacement total,47,101
2019,Saskatchewan,Électrique,47,27
2019,Saskatchewan,Propane,47,74
2020,Saskatchewan,Stations de recharge et de stations de ravitaillement en carburants de remplacement total,47,109
2020,Saskatchewan,Électrique,47,35
2021,Saskatchewan,Stations de recharge et de stations de ravitaillement en carburants de remplacement total,47,129
2021,Saskatchewan,Électrique,47,55
2022,Saskatchewan,Stations de recharge et de stations de ravitaillement en carburants de remplacement total,47,169
2022,Saskatchewan,Gaz naturel comprimé,47,1
2022,Saskatchewan,Électrique,47,94
2023,Saskatchewan,Stations de recharge et de stations de ravitaillement en carburants de remplacement total,47,211
2023,Saskatchewan,Électrique,47,136
2024,Saskatchewan,Stations de recharge et de stations de ravitaillement en carburants de remplacement total,47,247
2024,Saskatchewan,Électrique,47,172
2025,Saskatchewan,Stations de recharge et de stations de ravitaillement en carburants de remplacement total,47,282
2025,Saskatchewan,Électrique,47,207
2019,Yukon,Stations de recharge et de stations de ravitaillement en carburants de remplacement total,60,4
2019,Yukon,Électrique,60,2
2019,Yukon,Propane,60,2
2020,Yukon,Stations de recharge et de stations de ravitaillement en carburants de remplacement total,60,6
2020,Yukon,Électrique,60,4
2022,Yukon,Stations de recharge et de stations de ravitaillement en carburants de remplacement total,60,14
2022,Yukon,Électrique,60,12
2023,Yukon,Stations de recharge et de stations de ravitaillement en carburants de remplacement total,60,35
2023,Yukon,Électrique,60,33
2024,Yukon,Stations de recharge et de stations de ravitaillement en carburants de remplacement total,60,40
2024,Yukon,Électrique,60,38
2025,Yukon,Stations de recharge et de stations de ravitaillement en carburants de remplacement total,60,48
2025,Yukon,Électrique,60,46
