Year,data.Geography,data.Reporting entity,data.Offence,Value
2016,,,,3.9
2016,Newfoundland and Labrador,data.Police-reported,data.Hate crime,0.4
2016,Prince Edward Island,data.Police-reported,data.Hate crime,2.0
2016,Nova Scotia,data.Police-reported,data.Hate crime,2.2
2016,New Brunswick,data.Police-reported,data.Hate crime,2.4
2016,Quebec,data.Police-reported,data.Hate crime,4.0
2016,Ontario,data.Police-reported,data.Hate crime,4.4
2016,Manitoba,data.Police-reported,data.Hate crime,2.8
2016,Saskatchewan,data.Police-reported,data.Hate crime,2.6
2016,Alberta,data.Police-reported,data.Hate crime,3.3
2016,British Columbia,data.Police-reported,data.Hate crime,4.3
2017,,,,5.7
2017,Newfoundland and Labrador,data.Police-reported,data.Hate crime,0.4
2017,Prince Edward Island,data.Police-reported,data.Hate crime,0.7
2017,Nova Scotia,data.Police-reported,data.Hate crime,2.2
2017,New Brunswick,data.Police-reported,data.Hate crime,2.9
2017,Quebec,data.Police-reported,data.Hate crime,5.9
2017,Ontario,data.Police-reported,data.Hate crime,7.3
2017,Manitoba,data.Police-reported,data.Hate crime,2.7
2017,Saskatchewan,data.Police-reported,data.Hate crime,1.8
2017,Alberta,data.Police-reported,data.Hate crime,4.5
2017,British Columbia,data.Police-reported,data.Hate crime,5.2
2018,,,,4.9
2018,Newfoundland and Labrador,data.Police-reported,data.Hate crime,0.4
2018,Prince Edward Island,data.Police-reported,data.Hate crime,1.3
2018,Nova Scotia,data.Police-reported,data.Hate crime,3.3
2018,New Brunswick,data.Police-reported,data.Hate crime,1.9
2018,Quebec,data.Police-reported,data.Hate crime,4.5
2018,Ontario,data.Police-reported,data.Hate crime,5.7
2018,Manitoba,data.Police-reported,data.Hate crime,3.1
2018,Saskatchewan,data.Police-reported,data.Hate crime,2.6
2018,Alberta,data.Police-reported,data.Hate crime,5.7
2018,British Columbia,data.Police-reported,data.Hate crime,5.2
2019,,,,5.2
2019,Newfoundland and Labrador,data.Police-reported,data.Hate crime,1.1
2019,Prince Edward Island,data.Police-reported,data.Hate crime,4.5
2019,Nova Scotia,data.Police-reported,data.Hate crime,3.3
2019,New Brunswick,data.Police-reported,data.Hate crime,4.2
2019,Quebec,data.Police-reported,data.Hate crime,4.8
2019,Ontario,data.Police-reported,data.Hate crime,5.9
2019,Manitoba,data.Police-reported,data.Hate crime,4.1
2019,Saskatchewan,data.Police-reported,data.Hate crime,2.8
2019,Alberta,data.Police-reported,data.Hate crime,4.7
2019,British Columbia,data.Police-reported,data.Hate crime,6.1
