Year,Geography,Type of materials diverted,data.Sources of materials prepared for recycling,GeoCode,Value
2018,data.Alberta,data.All materials diverted,data.All sources of diverted materials,48,216.5664133
2020,data.Alberta,data.All materials diverted,data.All sources of diverted materials,48,214.7299715
2020,data.British Columbia,data.All materials diverted,data.All sources of diverted materials,59,357.9662089
2018,data.British Columbia,data.All materials diverted,data.All sources of diverted materials,59,347.8132617
2018,data.Manitoba,data.All materials diverted,data.All sources of diverted materials,46,163.8770721
2020,data.Manitoba,data.All materials diverted,data.All sources of diverted materials,46,160.1615493
2018,data.New Brunswick,data.All materials diverted,data.All sources of diverted materials,13,212.5662566
2020,data.New Brunswick,data.All materials diverted,data.All sources of diverted materials,13,212.2348007
2020,data.Newfoundland and Labrador,data.All materials diverted,data.All sources of diverted materials,10,90.69182655
2018,data.Newfoundland and Labrador,data.All materials diverted,data.All sources of diverted materials,10,79.41814446
2018,data.Nova Scotia,data.All materials diverted,data.All sources of diverted materials,12,330.4319881
2020,data.Nova Scotia,data.All materials diverted,data.All sources of diverted materials,12,309.9865436
2020,data.Ontario,data.All materials diverted,data.All sources of diverted materials,35,235.3255346
2018,data.Ontario,data.All materials diverted,data.All sources of diverted materials,35,233.5106404
2018,data.Prince Edward Island,data.All materials diverted,data.All sources of diverted materials,11,370.250854
2020,data.Prince Edward Island,data.All materials diverted,data.All sources of diverted materials,11,357.9678249
2020,data.Quebec,data.All materials diverted,data.All sources of diverted materials,24,305.0081064
2018,data.Quebec,data.All materials diverted,data.All sources of diverted materials,24,298.9552876
2020,data.Saskatchewan,data.All materials diverted,data.All sources of diverted materials,47,171.7986163
2018,data.Saskatchewan,data.All materials diverted,data.All sources of diverted materials,47,167.591264
2018,data.Territories,data.All materials diverted,data.All sources of diverted materials,,237.1262425
2020,data.Territories,data.All materials diverted,data.All sources of diverted materials,,227.5275133
2020,data.Alberta,data.All paper fibres,data.All sources of diverted materials,48,60.97903358
2018,data.Alberta,data.All paper fibres,data.All sources of diverted materials,48,59.3156557
2020,data.Alberta,data.All paper fibres,data.Non-residential sources of diverted materials,48,49.80865727
2018,data.Alberta,data.All paper fibres,data.Residential sources of diverted materials,48,32.59377308
2018,data.Alberta,data.All paper fibres,data.Non-residential sources of diverted materials,48,26.72188262
2020,data.Alberta,data.All paper fibres,data.Residential sources of diverted materials,48,11.17037631
2018,data.British Columbia,data.All paper fibres,data.All sources of diverted materials,59,110.4877062
2020,data.British Columbia,data.All paper fibres,data.All sources of diverted materials,59,108.6809317
2018,data.British Columbia,data.All paper fibres,data.Non-residential sources of diverted materials,59,86.54048039
2020,data.British Columbia,data.All paper fibres,data.Non-residential sources of diverted materials,59,71.24126781
2020,data.British Columbia,data.All paper fibres,data.Residential sources of diverted materials,59,37.43966389
2018,data.British Columbia,data.All paper fibres,data.Residential sources of diverted materials,59,23.94722577
2018,data.Canada,data.All paper fibres,data.All sources of diverted materials,,94.95969306
2020,data.Canada,data.All paper fibres,data.All sources of diverted materials,,92.15848927
2018,data.Canada,data.All paper fibres,data.Non-residential sources of diverted materials,,53.49050335
2020,data.Canada,data.All paper fibres,data.Non-residential sources of diverted materials,,51.42859112
2018,data.Canada,data.All paper fibres,data.Residential sources of diverted materials,,41.46918971
2020,data.Canada,data.All paper fibres,data.Residential sources of diverted materials,,40.72989815
2018,data.Manitoba,data.All paper fibres,data.All sources of diverted materials,46,64.80069484
2020,data.Manitoba,data.All paper fibres,data.All sources of diverted materials,46,59.68455411
2018,data.Manitoba,data.All paper fibres,data.Residential sources of diverted materials,46,39.68288581
2020,data.Manitoba,data.All paper fibres,data.Non-residential sources of diverted materials,46,31.15470241
2020,data.Manitoba,data.All paper fibres,data.Residential sources of diverted materials,46,28.5298517
2018,data.Manitoba,data.All paper fibres,data.Non-residential sources of diverted materials,46,25.11780903
2020,data.New Brunswick,data.All paper fibres,data.All sources of diverted materials,13,45.31696203
2018,data.New Brunswick,data.All paper fibres,data.All sources of diverted materials,13,36.5052103
2020,data.New Brunswick,data.All paper fibres,data.Residential sources of diverted materials,13,23.14060353
2020,data.New Brunswick,data.All paper fibres,data.Non-residential sources of diverted materials,13,22.1763585
2018,data.New Brunswick,data.All paper fibres,data.Residential sources of diverted materials,13,21.3734631
2018,data.New Brunswick,data.All paper fibres,data.Non-residential sources of diverted materials,13,15.1317472
2018,data.Newfoundland and Labrador,data.All paper fibres,data.All sources of diverted materials,10,54.56846031
2020,data.Newfoundland and Labrador,data.All paper fibres,data.All sources of diverted materials,10,53.39315136
2018,data.Newfoundland and Labrador,data.All paper fibres,data.Non-residential sources of diverted materials,10,28.97480782
2020,data.Newfoundland and Labrador,data.All paper fibres,data.Residential sources of diverted materials,10,27.59327066
2020,data.Newfoundland and Labrador,data.All paper fibres,data.Non-residential sources of diverted materials,10,25.7998807
2018,data.Newfoundland and Labrador,data.All paper fibres,data.Residential sources of diverted materials,10,25.59365248
2018,data.Nova Scotia,data.All paper fibres,data.All sources of diverted materials,12,76.65018792
2020,data.Nova Scotia,data.All paper fibres,data.All sources of diverted materials,12,72.53606277
2020,data.Nova Scotia,data.All paper fibres,data.Residential sources of diverted materials,12,44.39075025
2018,data.Nova Scotia,data.All paper fibres,data.Residential sources of diverted materials,12,41.59928047
2018,data.Nova Scotia,data.All paper fibres,data.Non-residential sources of diverted materials,12,35.05090744
2020,data.Nova Scotia,data.All paper fibres,data.Non-residential sources of diverted materials,12,28.14531253
2018,data.Ontario,data.All paper fibres,data.All sources of diverted materials,35,92.16213049
2020,data.Ontario,data.All paper fibres,data.All sources of diverted materials,35,90.90975146
2018,data.Ontario,data.All paper fibres,data.Non-residential sources of diverted materials,35,51.49245945
2020,data.Ontario,data.All paper fibres,data.Non-residential sources of diverted materials,35,47.66453561
2020,data.Ontario,data.All paper fibres,data.Residential sources of diverted materials,35,43.24521585
2018,data.Ontario,data.All paper fibres,data.Residential sources of diverted materials,35,40.66967104
2020,data.Prince Edward Island,data.All paper fibres,data.All sources of diverted materials,11,85.28563901
2018,data.Prince Edward Island,data.All paper fibres,data.All sources of diverted materials,11,79.62397976
2020,data.Prince Edward Island,data.All paper fibres,data.Non-residential sources of diverted materials,11,52.87498838
2018,data.Prince Edward Island,data.All paper fibres,data.Non-residential sources of diverted materials,11,49.36895356
2020,data.Prince Edward Island,data.All paper fibres,data.Residential sources of diverted materials,11,32.41065063
2018,data.Prince Edward Island,data.All paper fibres,data.Residential sources of diverted materials,11,30.25502621
2018,data.Quebec,data.All paper fibres,data.All sources of diverted materials,24,130.9252919
2020,data.Quebec,data.All paper fibres,data.All sources of diverted materials,24,122.4817075
2018,data.Quebec,data.All paper fibres,data.Non-residential sources of diverted materials,24,68.20017477
2020,data.Quebec,data.All paper fibres,data.Non-residential sources of diverted materials,24,62.9240392
2018,data.Quebec,data.All paper fibres,data.Residential sources of diverted materials,24,62.72511711
2020,data.Quebec,data.All paper fibres,data.Residential sources of diverted materials,24,59.55766828
2018,data.Saskatchewan,data.All paper fibres,data.All sources of diverted materials,47,49.38942146
2020,data.Saskatchewan,data.All paper fibres,data.All sources of diverted materials,47,40.57559524
2018,data.Saskatchewan,data.All paper fibres,data.Residential sources of diverted materials,47,32.54266992
2020,data.Saskatchewan,data.All paper fibres,data.Residential sources of diverted materials,47,29.88119311
2018,data.Saskatchewan,data.All paper fibres,data.Non-residential sources of diverted materials,47,16.84675154
2020,data.Saskatchewan,data.All paper fibres,data.Non-residential sources of diverted materials,47,10.69440213
2020,data.Territories,data.All paper fibres,data.All sources of diverted materials,,42.4581182
2018,data.Territories,data.All paper fibres,data.All sources of diverted materials,,39.63022573
2020,data.Territories,data.All paper fibres,data.Non-residential sources of diverted materials,,25.50013421
2018,data.Territories,data.All paper fibres,data.Non-residential sources of diverted materials,,22.41938484
2018,data.Territories,data.All paper fibres,data.Residential sources of diverted materials,,17.21084089
2020,data.Territories,data.All paper fibres,data.Residential sources of diverted materials,,16.95798399
2018,data.Alberta,"data.Construction, renovation and demolition",data.All sources of diverted materials,48,16.52779313
2020,data.Alberta,"data.Construction, renovation and demolition",data.All sources of diverted materials,48,16.27556614
2020,data.Alberta,"data.Construction, renovation and demolition",data.Non-residential sources of diverted materials,48,13.82621615
2018,data.Alberta,"data.Construction, renovation and demolition",data.Non-residential sources of diverted materials,48,13.64105368
2018,data.Alberta,"data.Construction, renovation and demolition",data.Residential sources of diverted materials,48,2.886739448
2020,data.Alberta,"data.Construction, renovation and demolition",data.Residential sources of diverted materials,48,2.449349987
2020,data.British Columbia,"data.Construction, renovation and demolition",data.All sources of diverted materials,59,33.29263242
2020,data.British Columbia,"data.Construction, renovation and demolition",data.Non-residential sources of diverted materials,59,30.07102131
2018,data.British Columbia,"data.Construction, renovation and demolition",data.All sources of diverted materials,59,24.71641417
2018,data.British Columbia,"data.Construction, renovation and demolition",data.Non-residential sources of diverted materials,59,16.69981056
2018,data.British Columbia,"data.Construction, renovation and demolition",data.Residential sources of diverted materials,59,8.016603612
2020,data.British Columbia,"data.Construction, renovation and demolition",data.Residential sources of diverted materials,59,3.221611116
2020,data.Canada,"data.Construction, renovation and demolition",data.All sources of diverted materials,,19.74693404
2018,data.Canada,"data.Construction, renovation and demolition",data.All sources of diverted materials,,19.49141677
2020,data.Canada,"data.Construction, renovation and demolition",data.Non-residential sources of diverted materials,,16.46826285
2018,data.Canada,"data.Construction, renovation and demolition",data.Non-residential sources of diverted materials,,16.31791796
2020,data.Canada,"data.Construction, renovation and demolition",data.Residential sources of diverted materials,,3.278671185
2018,data.Canada,"data.Construction, renovation and demolition",data.Residential sources of diverted materials,,3.173498811
2018,data.Manitoba,"data.Construction, renovation and demolition",data.All sources of diverted materials,46,2.953818861
2018,data.Manitoba,"data.Construction, renovation and demolition",data.Residential sources of diverted materials,46,1.910077061
2020,data.Manitoba,"data.Construction, renovation and demolition",data.All sources of diverted materials,46,1.514615679
2018,data.Manitoba,"data.Construction, renovation and demolition",data.Non-residential sources of diverted materials,46,1.0437418
2018,data.New Brunswick,"data.Construction, renovation and demolition",data.All sources of diverted materials,13,14.04126439
2020,data.New Brunswick,"data.Construction, renovation and demolition",data.All sources of diverted materials,13,13.77273958
2018,data.New Brunswick,"data.Construction, renovation and demolition",data.Non-residential sources of diverted materials,13,13.21042034
2020,data.New Brunswick,"data.Construction, renovation and demolition",data.Non-residential sources of diverted materials,13,9.896602281
2020,data.New Brunswick,"data.Construction, renovation and demolition",data.Residential sources of diverted materials,13,3.876137298
2018,data.New Brunswick,"data.Construction, renovation and demolition",data.Residential sources of diverted materials,13,0.830844047
2018,data.Newfoundland and Labrador,"data.Construction, renovation and demolition",data.All sources of diverted materials,10,0.0
2018,data.Newfoundland and Labrador,"data.Construction, renovation and demolition",data.Residential sources of diverted materials,10,0.0
2018,data.Newfoundland and Labrador,"data.Construction, renovation and demolition",data.Non-residential sources of diverted materials,10,0.0
2018,data.Nova Scotia,"data.Construction, renovation and demolition",data.All sources of diverted materials,12,51.74633715
2020,data.Nova Scotia,"data.Construction, renovation and demolition",data.All sources of diverted materials,12,47.07081964
2018,data.Nova Scotia,"data.Construction, renovation and demolition",data.Non-residential sources of diverted materials,12,46.26327465
2018,data.Nova Scotia,"data.Construction, renovation and demolition",data.Residential sources of diverted materials,12,5.484105901
2020,data.Ontario,"data.Construction, renovation and demolition",data.All sources of diverted materials,35,11.19684596
2018,data.Ontario,"data.Construction, renovation and demolition",data.All sources of diverted materials,35,10.92426515
2018,data.Ontario,"data.Construction, renovation and demolition",data.Non-residential sources of diverted materials,35,7.159212331
2020,data.Ontario,"data.Construction, renovation and demolition",data.Residential sources of diverted materials,35,6.019751974
2020,data.Ontario,"data.Construction, renovation and demolition",data.Non-residential sources of diverted materials,35,5.17709399
2018,data.Ontario,"data.Construction, renovation and demolition",data.Residential sources of diverted materials,35,3.765052821
2018,data.Prince Edward Island,"data.Construction, renovation and demolition",data.All sources of diverted materials,11,0.0
2018,data.Prince Edward Island,"data.Construction, renovation and demolition",data.Residential sources of diverted materials,11,0.0
2018,data.Prince Edward Island,"data.Construction, renovation and demolition",data.Non-residential sources of diverted materials,11,0.0
2020,data.Prince Edward Island,"data.Construction, renovation and demolition",data.All sources of diverted materials,11,0.0
2020,data.Prince Edward Island,"data.Construction, renovation and demolition",data.Residential sources of diverted materials,11,0.0
2020,data.Prince Edward Island,"data.Construction, renovation and demolition",data.Non-residential sources of diverted materials,11,0.0
2018,data.Quebec,"data.Construction, renovation and demolition",data.All sources of diverted materials,24,35.11178282
2018,data.Quebec,"data.Construction, renovation and demolition",data.Non-residential sources of diverted materials,24,35.11178282
2020,data.Quebec,"data.Construction, renovation and demolition",data.All sources of diverted materials,24,31.24783204
2020,data.Quebec,"data.Construction, renovation and demolition",data.Non-residential sources of diverted materials,24,31.24783204
2018,data.Quebec,"data.Construction, renovation and demolition",data.Residential sources of diverted materials,24,0.0
2020,data.Quebec,"data.Construction, renovation and demolition",data.Residential sources of diverted materials,24,0.0
2018,data.Saskatchewan,"data.Construction, renovation and demolition",data.All sources of diverted materials,47,3.431841324
2018,data.Territories,"data.Construction, renovation and demolition",data.All sources of diverted materials,,63.6024684
2020,data.Territories,"data.Construction, renovation and demolition",data.All sources of diverted materials,,59.02925805
2020,data.Territories,"data.Construction, renovation and demolition",data.Non-residential sources of diverted materials,,50.55026605
2018,data.Territories,"data.Construction, renovation and demolition",data.Non-residential sources of diverted materials,,47.7018513
2018,data.Territories,"data.Construction, renovation and demolition",data.Residential sources of diverted materials,,15.9006171
2020,data.Territories,"data.Construction, renovation and demolition",data.Residential sources of diverted materials,,8.478991995
2020,data.Alberta,data.Copper and aluminum,data.All sources of diverted materials,48,4.497946649
2018,data.Alberta,data.Copper and aluminum,data.All sources of diverted materials,48,4.057208997
2020,data.Alberta,data.Copper and aluminum,data.Residential sources of diverted materials,48,3.530025481
2018,data.Alberta,data.Copper and aluminum,data.Residential sources of diverted materials,48,3.011673288
2018,data.Alberta,data.Copper and aluminum,data.Non-residential sources of diverted materials,48,1.045535709
2020,data.Alberta,data.Copper and aluminum,data.Non-residential sources of diverted materials,48,0.967921168
2018,data.British Columbia,data.Copper and aluminum,data.All sources of diverted materials,59,4.963600265
2018,data.British Columbia,data.Copper and aluminum,data.Non-residential sources of diverted materials,59,4.274045021
2020,data.British Columbia,data.Copper and aluminum,data.All sources of diverted materials,59,3.31452169
2020,data.British Columbia,data.Copper and aluminum,data.Non-residential sources of diverted materials,59,2.17243931
2020,data.British Columbia,data.Copper and aluminum,data.Residential sources of diverted materials,59,1.141888412
2018,data.British Columbia,data.Copper and aluminum,data.Residential sources of diverted materials,59,0.689555244
2018,data.Canada,data.Copper and aluminum,data.All sources of diverted materials,,3.562975872
2018,data.Canada,data.Copper and aluminum,data.Non-residential sources of diverted materials,,2.464502711
2020,data.Canada,data.Copper and aluminum,data.All sources of diverted materials,,2.021908184
2020,data.Canada,data.Copper and aluminum,data.Residential sources of diverted materials,,1.216823164
2018,data.Canada,data.Copper and aluminum,data.Residential sources of diverted materials,,1.098473161
2020,data.Canada,data.Copper and aluminum,data.Non-residential sources of diverted materials,,0.80508502
2020,data.Manitoba,data.Copper and aluminum,data.All sources of diverted materials,46,2.955312315
2018,data.Manitoba,data.Copper and aluminum,data.All sources of diverted materials,46,1.90046754
2018,data.Manitoba,data.Copper and aluminum,data.Residential sources of diverted materials,46,1.631400957
2020,data.Manitoba,data.Copper and aluminum,data.Non-residential sources of diverted materials,46,1.53708127
2020,data.Manitoba,data.Copper and aluminum,data.Residential sources of diverted materials,46,1.418231045
2018,data.Manitoba,data.Copper and aluminum,data.Non-residential sources of diverted materials,46,0.269066583
2018,data.New Brunswick,data.Copper and aluminum,data.All sources of diverted materials,13,2.802800464
2018,data.New Brunswick,data.Copper and aluminum,data.Residential sources of diverted materials,13,2.610667778
2018,data.New Brunswick,data.Copper and aluminum,data.Non-residential sources of diverted materials,13,0.192132686
2020,data.Newfoundland and Labrador,data.Copper and aluminum,data.All sources of diverted materials,10,0.517877317
2018,data.Newfoundland and Labrador,data.Copper and aluminum,data.All sources of diverted materials,10,0.201689626
2020,data.Nova Scotia,data.Copper and aluminum,data.All sources of diverted materials,12,1.394532495
2020,data.Nova Scotia,data.Copper and aluminum,data.Residential sources of diverted materials,12,1.342581321
2018,data.Nova Scotia,data.Copper and aluminum,data.All sources of diverted materials,12,0.474746611
2018,data.Nova Scotia,data.Copper and aluminum,data.Residential sources of diverted materials,12,0.442401237
2020,data.Nova Scotia,data.Copper and aluminum,data.Non-residential sources of diverted materials,12,0.051951174
2018,data.Nova Scotia,data.Copper and aluminum,data.Non-residential sources of diverted materials,12,0.032345373
2018,data.Ontario,data.Copper and aluminum,data.All sources of diverted materials,35,1.543956099
2020,data.Ontario,data.Copper and aluminum,data.All sources of diverted materials,35,1.473446121
2020,data.Ontario,data.Copper and aluminum,data.Residential sources of diverted materials,35,1.066615275
2018,data.Ontario,data.Copper and aluminum,data.Residential sources of diverted materials,35,0.828097765
2018,data.Ontario,data.Copper and aluminum,data.Non-residential sources of diverted materials,35,0.715858334
2020,data.Ontario,data.Copper and aluminum,data.Non-residential sources of diverted materials,35,0.406830847
2018,data.Prince Edward Island,data.Copper and aluminum,data.All sources of diverted materials,11,10.59349657
2020,data.Prince Edward Island,data.Copper and aluminum,data.All sources of diverted materials,11,9.24955829
2018,data.Prince Edward Island,data.Copper and aluminum,data.Non-residential sources of diverted materials,11,6.199640147
2020,data.Prince Edward Island,data.Copper and aluminum,data.Non-residential sources of diverted materials,11,5.269520474
2018,data.Prince Edward Island,data.Copper and aluminum,data.Residential sources of diverted materials,11,4.393856424
2020,data.Prince Edward Island,data.Copper and aluminum,data.Residential sources of diverted materials,11,3.980037817
2018,data.Quebec,data.Copper and aluminum,data.All sources of diverted materials,24,6.284414011
2018,data.Quebec,data.Copper and aluminum,data.Non-residential sources of diverted materials,24,6.284414011
2020,data.Quebec,data.Copper and aluminum,data.All sources of diverted materials,24,0.260243138
2020,data.Quebec,data.Copper and aluminum,data.Non-residential sources of diverted materials,24,0.260243138
2020,data.Quebec,data.Copper and aluminum,data.Residential sources of diverted materials,24,0.0
2018,data.Saskatchewan,data.Copper and aluminum,data.All sources of diverted materials,47,6.604594553
2020,data.Saskatchewan,data.Copper and aluminum,data.All sources of diverted materials,47,6.018836336
2018,data.Saskatchewan,data.Copper and aluminum,data.Residential sources of diverted materials,47,5.834216327
2018,data.Saskatchewan,data.Copper and aluminum,data.Non-residential sources of diverted materials,47,0.770378226
2018,data.Territories,data.Copper and aluminum,data.All sources of diverted materials,,2.199881918
2018,data.Territories,data.Copper and aluminum,data.Residential sources of diverted materials,,2.175618515
2018,data.Territories,data.Copper and aluminum,data.Non-residential sources of diverted materials,,0.024263404
2018,data.Alberta,data.Electronics,data.All sources of diverted materials,48,2.35233902
2020,data.Alberta,data.Electronics,data.All sources of diverted materials,48,1.947163051
2018,data.British Columbia,data.Electronics,data.All sources of diverted materials,59,3.371535958
2020,data.British Columbia,data.Electronics,data.All sources of diverted materials,59,2.701583456
2018,data.Canada,data.Electronics,data.All sources of diverted materials,,2.840139253
2020,data.Canada,data.Electronics,data.All sources of diverted materials,,2.504159347
2018,data.Manitoba,data.Electronics,data.All sources of diverted materials,46,2.235322381
2020,data.Manitoba,data.Electronics,data.All sources of diverted materials,46,2.017555048
2020,data.New Brunswick,data.Electronics,data.All sources of diverted materials,13,1.201794134
2018,data.New Brunswick,data.Electronics,data.All sources of diverted materials,13,1.117744882
2018,data.Newfoundland and Labrador,data.Electronics,data.All sources of diverted materials,10,1.51457493
2020,data.Newfoundland and Labrador,data.Electronics,data.All sources of diverted materials,10,1.212216534
2018,data.Nova Scotia,data.Electronics,data.All sources of diverted materials,12,3.306531887
2020,data.Nova Scotia,data.Electronics,data.All sources of diverted materials,12,2.628118216
2018,data.Ontario,data.Electronics,data.All sources of diverted materials,35,3.212521727
2020,data.Ontario,data.Electronics,data.All sources of diverted materials,35,3.116659747
2018,data.Prince Edward Island,data.Electronics,data.All sources of diverted materials,11,2.985736264
2020,data.Prince Edward Island,data.Electronics,data.All sources of diverted materials,11,2.58516475
2018,data.Quebec,data.Electronics,data.All sources of diverted materials,24,2.545544743
2020,data.Quebec,data.Electronics,data.All sources of diverted materials,24,2.03763848
2018,data.Saskatchewan,data.Electronics,data.All sources of diverted materials,47,2.017616269
2020,data.Saskatchewan,data.Electronics,data.All sources of diverted materials,47,1.449340542
2018,data.Territories,data.Electronics,data.All sources of diverted materials,,2.102828304
2020,data.Territories,data.Electronics,data.All sources of diverted materials,,1.689482576
2020,data.Alberta,data.Ferrous metals,data.All sources of diverted materials,48,12.39844752
2020,data.Alberta,data.Ferrous metals,data.Non-residential sources of diverted materials,48,11.78124212
2018,data.Alberta,data.Ferrous metals,data.All sources of diverted materials,48,9.331185185
2018,data.Alberta,data.Ferrous metals,data.Non-residential sources of diverted materials,48,8.043459295
2018,data.Alberta,data.Ferrous metals,data.Residential sources of diverted materials,48,1.28772589
2020,data.Alberta,data.Ferrous metals,data.Residential sources of diverted materials,48,0.617431819
2020,data.British Columbia,data.Ferrous metals,data.All sources of diverted materials,59,15.37640905
2018,data.British Columbia,data.Ferrous metals,data.All sources of diverted materials,59,13.82184048
2020,data.British Columbia,data.Ferrous metals,data.Non-residential sources of diverted materials,59,13.13957244
2018,data.British Columbia,data.Ferrous metals,data.Non-residential sources of diverted materials,59,10.62912985
2018,data.British Columbia,data.Ferrous metals,data.Residential sources of diverted materials,59,3.192710633
2020,data.British Columbia,data.Ferrous metals,data.Residential sources of diverted materials,59,2.236836618
2020,data.Canada,data.Ferrous metals,data.All sources of diverted materials,,19.00607375
2018,data.Canada,data.Ferrous metals,data.All sources of diverted materials,,16.85861551
2020,data.Canada,data.Ferrous metals,data.Non-residential sources of diverted materials,,15.67914851
2018,data.Canada,data.Ferrous metals,data.Non-residential sources of diverted materials,,13.75971521
2020,data.Canada,data.Ferrous metals,data.Residential sources of diverted materials,,3.326925244
2018,data.Canada,data.Ferrous metals,data.Residential sources of diverted materials,,3.098900302
2020,data.Manitoba,data.Ferrous metals,data.All sources of diverted materials,46,15.49111232
2020,data.Manitoba,data.Ferrous metals,data.Non-residential sources of diverted materials,46,13.35543175
2020,data.Manitoba,data.Ferrous metals,data.Residential sources of diverted materials,46,2.135680577
2020,data.New Brunswick,data.Ferrous metals,data.All sources of diverted materials,13,2.154544851
2018,data.New Brunswick,data.Ferrous metals,data.All sources of diverted materials,13,1.971956417
2018,data.New Brunswick,data.Ferrous metals,data.Residential sources of diverted materials,13,1.429311399
2018,data.New Brunswick,data.Ferrous metals,data.Non-residential sources of diverted materials,13,0.542645018
2018,data.Newfoundland and Labrador,data.Ferrous metals,data.All sources of diverted materials,10,1.016059061
2020,data.Newfoundland and Labrador,data.Ferrous metals,data.All sources of diverted materials,10,0.809423065
2018,data.Nova Scotia,data.Ferrous metals,data.All sources of diverted materials,12,5.776257661
2018,data.Nova Scotia,data.Ferrous metals,data.Residential sources of diverted materials,12,5.35055081
2020,data.Nova Scotia,data.Ferrous metals,data.All sources of diverted materials,12,4.83858974
2020,data.Nova Scotia,data.Ferrous metals,data.Residential sources of diverted materials,12,4.668475111
2018,data.Nova Scotia,data.Ferrous metals,data.Non-residential sources of diverted materials,12,0.425706851
2020,data.Nova Scotia,data.Ferrous metals,data.Non-residential sources of diverted materials,12,0.170114629
2020,data.Ontario,data.Ferrous metals,data.All sources of diverted materials,35,8.183472767
2018,data.Ontario,data.Ferrous metals,data.All sources of diverted materials,35,8.083125948
2018,data.Ontario,data.Ferrous metals,data.Non-residential sources of diverted materials,35,5.38910007
2020,data.Ontario,data.Ferrous metals,data.Non-residential sources of diverted materials,35,4.349918804
2020,data.Ontario,data.Ferrous metals,data.Residential sources of diverted materials,35,3.833553963
2018,data.Ontario,data.Ferrous metals,data.Residential sources of diverted materials,35,2.694025878
2018,data.Prince Edward Island,data.Ferrous metals,data.All sources of diverted materials,11,61.03809747
2020,data.Prince Edward Island,data.Ferrous metals,data.All sources of diverted materials,11,53.27795171
2018,data.Prince Edward Island,data.Ferrous metals,data.Non-residential sources of diverted materials,11,37.84322929
2020,data.Prince Edward Island,data.Ferrous metals,data.Non-residential sources of diverted materials,11,33.03059422
2018,data.Prince Edward Island,data.Ferrous metals,data.Residential sources of diverted materials,11,23.19486818
2020,data.Prince Edward Island,data.Ferrous metals,data.Residential sources of diverted materials,11,20.24735749
2020,data.Quebec,data.Ferrous metals,data.All sources of diverted materials,24,45.02008081
2020,data.Quebec,data.Ferrous metals,data.Non-residential sources of diverted materials,24,40.77142502
2018,data.Quebec,data.Ferrous metals,data.All sources of diverted materials,24,37.63507027
2018,data.Quebec,data.Ferrous metals,data.Non-residential sources of diverted materials,24,32.99317356
2018,data.Quebec,data.Ferrous metals,data.Residential sources of diverted materials,24,4.641896712
2020,data.Quebec,data.Ferrous metals,data.Residential sources of diverted materials,24,4.248655789
2020,data.Saskatchewan,data.Ferrous metals,data.All sources of diverted materials,47,31.12942492
2020,data.Saskatchewan,data.Ferrous metals,data.Non-residential sources of diverted materials,47,27.399155
2020,data.Saskatchewan,data.Ferrous metals,data.Residential sources of diverted materials,47,3.730269918
2018,data.Territories,data.Ferrous metals,data.All sources of diverted materials,,67.54931537
2020,data.Territories,data.Ferrous metals,data.All sources of diverted materials,,64.6740246
2018,data.Territories,data.Ferrous metals,data.Non-residential sources of diverted materials,,46.61808594
2020,data.Territories,data.Ferrous metals,data.Non-residential sources of diverted materials,,43.64233496
2020,data.Territories,data.Ferrous metals,data.Residential sources of diverted materials,,21.03168964
2018,data.Territories,data.Ferrous metals,data.Residential sources of diverted materials,,20.93122943
2020,data.British Columbia,data.Gable top and aseptic containers,data.All sources of diverted materials,59,0.393560657
2020,data.British Columbia,data.Gable top and aseptic containers,data.Residential sources of diverted materials,59,0.347978225
2018,data.British Columbia,data.Gable top and aseptic containers,data.All sources of diverted materials,59,0.058078314
2018,data.British Columbia,data.Gable top and aseptic containers,data.Non-residential sources of diverted materials,59,0.047500477
2020,data.British Columbia,data.Gable top and aseptic containers,data.Non-residential sources of diverted materials,59,0.045388464
2018,data.British Columbia,data.Gable top and aseptic containers,data.Residential sources of diverted materials,59,0.010577837
2018,data.Canada,data.Gable top and aseptic containers,data.All sources of diverted materials,,0.680505675
2018,data.Canada,data.Gable top and aseptic containers,data.Residential sources of diverted materials,,0.599081335
2020,data.Canada,data.Gable top and aseptic containers,data.All sources of diverted materials,,0.533188925
2020,data.Canada,data.Gable top and aseptic containers,data.Residential sources of diverted materials,,0.469727209
2018,data.Canada,data.Gable top and aseptic containers,data.Non-residential sources of diverted materials,,0.08142434
2020,data.Canada,data.Gable top and aseptic containers,data.Non-residential sources of diverted materials,,0.063435406
2020,data.Manitoba,data.Gable top and aseptic containers,data.All sources of diverted materials,46,0.998631773
2018,data.New Brunswick,data.Gable top and aseptic containers,data.All sources of diverted materials,13,0.614045678
2020,data.New Brunswick,data.Gable top and aseptic containers,data.All sources of diverted materials,13,0.598981349
2020,data.Newfoundland and Labrador,data.Gable top and aseptic containers,data.All sources of diverted materials,10,1.216052662
2020,data.Newfoundland and Labrador,data.Gable top and aseptic containers,data.Residential sources of diverted materials,10,1.064525596
2018,data.Newfoundland and Labrador,data.Gable top and aseptic containers,data.All sources of diverted materials,10,1.033183652
2018,data.Newfoundland and Labrador,data.Gable top and aseptic containers,data.Residential sources of diverted materials,10,0.869548672
2018,data.Newfoundland and Labrador,data.Gable top and aseptic containers,data.Non-residential sources of diverted materials,10,0.16363498
2020,data.Newfoundland and Labrador,data.Gable top and aseptic containers,data.Non-residential sources of diverted materials,10,0.153445131
2020,data.Nova Scotia,data.Gable top and aseptic containers,data.All sources of diverted materials,12,3.256625557
2020,data.Nova Scotia,data.Gable top and aseptic containers,data.Residential sources of diverted materials,12,3.194487879
2018,data.Nova Scotia,data.Gable top and aseptic containers,data.All sources of diverted materials,12,1.099742698
2018,data.Nova Scotia,data.Gable top and aseptic containers,data.Residential sources of diverted materials,12,1.014183968
2018,data.Nova Scotia,data.Gable top and aseptic containers,data.Non-residential sources of diverted materials,12,0.08555873
2020,data.Nova Scotia,data.Gable top and aseptic containers,data.Non-residential sources of diverted materials,12,0.062137679
2018,data.Ontario,data.Gable top and aseptic containers,data.All sources of diverted materials,35,0.628498877
2018,data.Ontario,data.Gable top and aseptic containers,data.Residential sources of diverted materials,35,0.513394057
2020,data.Ontario,data.Gable top and aseptic containers,data.All sources of diverted materials,35,0.498573206
2020,data.Ontario,data.Gable top and aseptic containers,data.Residential sources of diverted materials,35,0.395354564
2018,data.Ontario,data.Gable top and aseptic containers,data.Non-residential sources of diverted materials,35,0.115104821
2020,data.Ontario,data.Gable top and aseptic containers,data.Non-residential sources of diverted materials,35,0.103218642
2018,data.Prince Edward Island,data.Gable top and aseptic containers,data.All sources of diverted materials,11,0.0
2018,data.Prince Edward Island,data.Gable top and aseptic containers,data.Residential sources of diverted materials,11,0.0
2018,data.Prince Edward Island,data.Gable top and aseptic containers,data.Non-residential sources of diverted materials,11,0.0
2020,data.Prince Edward Island,data.Gable top and aseptic containers,data.All sources of diverted materials,11,0.0
2020,data.Prince Edward Island,data.Gable top and aseptic containers,data.Residential sources of diverted materials,11,0.0
2020,data.Prince Edward Island,data.Gable top and aseptic containers,data.Non-residential sources of diverted materials,11,0.0
2018,data.Quebec,data.Gable top and aseptic containers,data.All sources of diverted materials,24,0.0
2018,data.Quebec,data.Gable top and aseptic containers,data.Residential sources of diverted materials,24,0.0
2018,data.Quebec,data.Gable top and aseptic containers,data.Non-residential sources of diverted materials,24,0.0
2020,data.Quebec,data.Gable top and aseptic containers,data.All sources of diverted materials,24,0.0
2020,data.Quebec,data.Gable top and aseptic containers,data.Residential sources of diverted materials,24,0.0
2020,data.Quebec,data.Gable top and aseptic containers,data.Non-residential sources of diverted materials,24,0.0
2018,data.Saskatchewan,data.Gable top and aseptic containers,data.All sources of diverted materials,47,1.623389199
2018,data.Territories,data.Gable top and aseptic containers,data.All sources of diverted materials,,0.388214456
2018,data.Territories,data.Gable top and aseptic containers,data.Residential sources of diverted materials,,0.380126655
2018,data.Territories,data.Gable top and aseptic containers,data.Non-residential sources of diverted materials,,0.008087801
2018,data.Alberta,data.Glass,data.All sources of diverted materials,48,16.0417842
2018,data.Alberta,data.Glass,data.Residential sources of diverted materials,48,14.68868325
2020,data.Alberta,data.Glass,data.All sources of diverted materials,48,14.37119539
2020,data.Alberta,data.Glass,data.Residential sources of diverted materials,48,11.21339503
2020,data.Alberta,data.Glass,data.Non-residential sources of diverted materials,48,3.157800358
2018,data.Alberta,data.Glass,data.Non-residential sources of diverted materials,48,1.353100953
2018,data.British Columbia,data.Glass,data.All sources of diverted materials,59,23.57241108
2020,data.British Columbia,data.Glass,data.All sources of diverted materials,59,22.29097303
2020,data.British Columbia,data.Glass,data.Residential sources of diverted materials,59,16.85347382
2018,data.British Columbia,data.Glass,data.Residential sources of diverted materials,59,14.51917942
2018,data.British Columbia,data.Glass,data.Non-residential sources of diverted materials,59,9.053231669
2020,data.British Columbia,data.Glass,data.Non-residential sources of diverted materials,59,5.437499212
2020,data.Canada,data.Glass,data.All sources of diverted materials,,11.14434578
2018,data.Canada,data.Glass,data.All sources of diverted materials,,10.7090274
2018,data.Canada,data.Glass,data.Residential sources of diverted materials,,8.04131457
2020,data.Canada,data.Glass,data.Residential sources of diverted materials,,7.992703271
2020,data.Canada,data.Glass,data.Non-residential sources of diverted materials,,3.151642509
2018,data.Canada,data.Glass,data.Non-residential sources of diverted materials,,2.667712826
2020,data.Manitoba,data.Glass,data.All sources of diverted materials,46,7.279576313
2018,data.Manitoba,data.Glass,data.All sources of diverted materials,46,6.66383309
2018,data.Manitoba,data.Glass,data.Residential sources of diverted materials,46,6.29127936
2020,data.Manitoba,data.Glass,data.Residential sources of diverted materials,46,5.398988903
2020,data.Manitoba,data.Glass,data.Non-residential sources of diverted materials,46,1.88058741
2018,data.Manitoba,data.Glass,data.Non-residential sources of diverted materials,46,0.37255373
2018,data.New Brunswick,data.Glass,data.All sources of diverted materials,13,5.717245596
2018,data.New Brunswick,data.Glass,data.Residential sources of diverted materials,13,2.881990287
2018,data.New Brunswick,data.Glass,data.Non-residential sources of diverted materials,13,2.835255309
2018,data.Nova Scotia,data.Glass,data.All sources of diverted materials,12,4.365582018
2020,data.Nova Scotia,data.Glass,data.All sources of diverted materials,12,4.354730766
2020,data.Ontario,data.Glass,data.All sources of diverted materials,35,8.717425521
2018,data.Ontario,data.Glass,data.All sources of diverted materials,35,7.977316174
2020,data.Ontario,data.Glass,data.Residential sources of diverted materials,35,5.956055206
2018,data.Ontario,data.Glass,data.Residential sources of diverted materials,35,5.865383829
2020,data.Ontario,data.Glass,data.Non-residential sources of diverted materials,35,2.761370314
2018,data.Ontario,data.Glass,data.Non-residential sources of diverted materials,35,2.111932344
2020,data.Prince Edward Island,data.Glass,data.All sources of diverted materials,11,1.872229627
2018,data.Prince Edward Island,data.Glass,data.All sources of diverted materials,11,1.74711205
2020,data.Prince Edward Island,data.Glass,data.Non-residential sources of diverted materials,11,1.159294504
2018,data.Prince Edward Island,data.Glass,data.Non-residential sources of diverted materials,11,1.082166419
2020,data.Prince Edward Island,data.Glass,data.Residential sources of diverted materials,11,0.712935123
2018,data.Prince Edward Island,data.Glass,data.Residential sources of diverted materials,11,0.664945631
2020,data.Quebec,data.Glass,data.All sources of diverted materials,24,9.781504198
2018,data.Quebec,data.Glass,data.All sources of diverted materials,24,6.911308113
2020,data.Quebec,data.Glass,data.Residential sources of diverted materials,24,6.284895113
2018,data.Quebec,data.Glass,data.Residential sources of diverted materials,24,5.356034668
2020,data.Quebec,data.Glass,data.Non-residential sources of diverted materials,24,3.496609086
2018,data.Quebec,data.Glass,data.Non-residential sources of diverted materials,24,1.555273445
2020,data.Territories,data.Glass,data.All sources of diverted materials,,2.384223075
2018,data.Territories,data.Glass,data.All sources of diverted materials,,2.313111134
2018,data.Territories,data.Glass,data.Residential sources of diverted materials,,2.013862491
2020,data.Territories,data.Glass,data.Residential sources of diverted materials,,1.650008684
2020,data.Territories,data.Glass,data.Non-residential sources of diverted materials,,0.734214391
2018,data.Territories,data.Glass,data.Non-residential sources of diverted materials,,0.299248643
2020,data.Alberta,data.Mixed metals,data.All sources of diverted materials,48,4.310022773
2018,data.Alberta,data.Mixed metals,data.All sources of diverted materials,48,3.066346383
2020,data.Alberta,data.Mixed metals,data.Non-residential sources of diverted materials,48,2.885650359
2018,data.Alberta,data.Mixed metals,data.Non-residential sources of diverted materials,48,1.578074925
2018,data.Alberta,data.Mixed metals,data.Residential sources of diverted materials,48,1.488271458
2020,data.Alberta,data.Mixed metals,data.Residential sources of diverted materials,48,1.424145999
2020,data.British Columbia,data.Mixed metals,data.All sources of diverted materials,59,11.72845672
2018,data.British Columbia,data.Mixed metals,data.All sources of diverted materials,59,10.87880672
2020,data.British Columbia,data.Mixed metals,data.Non-residential sources of diverted materials,59,6.785963327
2018,data.British Columbia,data.Mixed metals,data.Residential sources of diverted materials,59,6.446692889
2020,data.British Columbia,data.Mixed metals,data.Residential sources of diverted materials,59,4.94229943
2018,data.British Columbia,data.Mixed metals,data.Non-residential sources of diverted materials,59,4.432113835
2020,data.Canada,data.Mixed metals,data.All sources of diverted materials,,3.487447604
2018,data.Canada,data.Mixed metals,data.All sources of diverted materials,,3.156258866
2020,data.Canada,data.Mixed metals,data.Non-residential sources of diverted materials,,1.881855648
2018,data.Canada,data.Mixed metals,data.Residential sources of diverted materials,,1.615050974
2020,data.Canada,data.Mixed metals,data.Residential sources of diverted materials,,1.605618267
2018,data.Canada,data.Mixed metals,data.Non-residential sources of diverted materials,,1.541207893
2020,data.Manitoba,data.Mixed metals,data.All sources of diverted materials,46,3.379259766
2018,data.Manitoba,data.Mixed metals,data.All sources of diverted materials,46,3.103875224
2018,data.Manitoba,data.Mixed metals,data.Residential sources of diverted materials,46,2.429730379
2018,data.Manitoba,data.Mixed metals,data.Non-residential sources of diverted materials,46,0.674144845
2020,data.New Brunswick,data.Mixed metals,data.All sources of diverted materials,13,1.191576968
2018,data.New Brunswick,data.Mixed metals,data.All sources of diverted materials,13,0.802283783
2020,data.Nova Scotia,data.Mixed metals,data.All sources of diverted materials,12,1.933398595
2018,data.Ontario,data.Mixed metals,data.All sources of diverted materials,35,2.753080871
2020,data.Ontario,data.Mixed metals,data.All sources of diverted materials,35,2.623790729
2018,data.Ontario,data.Mixed metals,data.Non-residential sources of diverted materials,35,1.723776805
2020,data.Ontario,data.Mixed metals,data.Residential sources of diverted materials,35,1.4839038
2020,data.Ontario,data.Mixed metals,data.Non-residential sources of diverted materials,35,1.139954836
2018,data.Ontario,data.Mixed metals,data.Residential sources of diverted materials,35,1.029304066
2018,data.Prince Edward Island,data.Mixed metals,data.All sources of diverted materials,11,13.06422593
2020,data.Prince Edward Island,data.Mixed metals,data.All sources of diverted materials,11,11.40076253
2018,data.Prince Edward Island,data.Mixed metals,data.Non-residential sources of diverted materials,11,8.096690918
2020,data.Prince Edward Island,data.Mixed metals,data.Non-residential sources of diverted materials,11,7.067356871
2018,data.Prince Edward Island,data.Mixed metals,data.Residential sources of diverted materials,11,4.967535007
2020,data.Prince Edward Island,data.Mixed metals,data.Residential sources of diverted materials,11,4.33340566
2020,data.Quebec,data.Mixed metals,data.All sources of diverted materials,24,0.232143409
2020,data.Quebec,data.Mixed metals,data.Non-residential sources of diverted materials,24,0.232143409
2018,data.Quebec,data.Mixed metals,data.All sources of diverted materials,24,0.0
2018,data.Quebec,data.Mixed metals,data.Residential sources of diverted materials,24,0.0
2018,data.Quebec,data.Mixed metals,data.Non-residential sources of diverted materials,24,0.0
2020,data.Quebec,data.Mixed metals,data.Residential sources of diverted materials,24,0.0
2018,data.Saskatchewan,data.Mixed metals,data.All sources of diverted materials,47,1.395288384
2020,data.Saskatchewan,data.Mixed metals,data.All sources of diverted materials,47,1.227866372
2020,data.Saskatchewan,data.Mixed metals,data.Residential sources of diverted materials,47,0.905413558
2018,data.Saskatchewan,data.Mixed metals,data.Residential sources of diverted materials,47,0.852150216
2018,data.Saskatchewan,data.Mixed metals,data.Non-residential sources of diverted materials,47,0.543138168
2020,data.Saskatchewan,data.Mixed metals,data.Non-residential sources of diverted materials,47,0.322452814
2018,data.Territories,data.Mixed metals,data.All sources of diverted materials,,4.941646515
2018,data.Territories,data.Mixed metals,data.Non-residential sources of diverted materials,,4.060076187
2018,data.Territories,data.Mixed metals,data.Residential sources of diverted materials,,0.881570327
2018,data.Alberta,data.Organics,data.All sources of diverted materials,48,74.96449157
2020,data.Alberta,data.Organics,data.All sources of diverted materials,48,70.32949169
2018,data.Alberta,data.Organics,data.Residential sources of diverted materials,48,55.49854302
2020,data.Alberta,data.Organics,data.Residential sources of diverted materials,48,51.55725497
2018,data.Alberta,data.Organics,data.Non-residential sources of diverted materials,48,19.4661812
2020,data.Alberta,data.Organics,data.Non-residential sources of diverted materials,48,18.77223672
2020,data.British Columbia,data.Organics,data.All sources of diverted materials,59,124.718577
2018,data.British Columbia,data.Organics,data.All sources of diverted materials,59,122.8791436
2020,data.British Columbia,data.Organics,data.Residential sources of diverted materials,59,85.18212121
2018,data.British Columbia,data.Organics,data.Residential sources of diverted materials,59,77.56388814
2018,data.British Columbia,data.Organics,data.Non-residential sources of diverted materials,59,45.31525548
2020,data.British Columbia,data.Organics,data.Non-residential sources of diverted materials,59,39.53645576
2020,data.Canada,data.Organics,data.All sources of diverted materials,,82.95209382
2018,data.Canada,data.Organics,data.All sources of diverted materials,,77.67310065
2020,data.Canada,data.Organics,data.Residential sources of diverted materials,,66.08501144
2018,data.Canada,data.Organics,data.Residential sources of diverted materials,,61.48600661
2020,data.Canada,data.Organics,data.Non-residential sources of diverted materials,,16.86708238
2018,data.Canada,data.Organics,data.Non-residential sources of diverted materials,,16.18709403
2018,data.Manitoba,data.Organics,data.All sources of diverted materials,46,41.59591965
2020,data.Manitoba,data.Organics,data.All sources of diverted materials,46,41.17290679
2018,data.Manitoba,data.Organics,data.Residential sources of diverted materials,46,31.92800251
2020,data.Manitoba,data.Organics,data.Residential sources of diverted materials,46,26.06515891
2020,data.Manitoba,data.Organics,data.Non-residential sources of diverted materials,46,15.10774788
2018,data.Manitoba,data.Organics,data.Non-residential sources of diverted materials,46,9.667917136
2018,data.New Brunswick,data.Organics,data.All sources of diverted materials,13,122.3690479
2020,data.New Brunswick,data.Organics,data.All sources of diverted materials,13,108.5088557
2020,data.New Brunswick,data.Organics,data.Non-residential sources of diverted materials,13,74.28390439
2020,data.New Brunswick,data.Organics,data.Residential sources of diverted materials,13,34.22495134
2020,data.Newfoundland and Labrador,data.Organics,data.All sources of diverted materials,10,1.755028685
2018,data.Newfoundland and Labrador,data.Organics,data.All sources of diverted materials,10,1.721972753
2018,data.Nova Scotia,data.Organics,data.All sources of diverted materials,12,154.7861762
2020,data.Nova Scotia,data.Organics,data.All sources of diverted materials,12,141.8440222
2018,data.Nova Scotia,data.Organics,data.Residential sources of diverted materials,12,101.4131798
2020,data.Nova Scotia,data.Organics,data.Residential sources of diverted materials,12,89.08403968
2018,data.Nova Scotia,data.Organics,data.Non-residential sources of diverted materials,12,53.37299641
2020,data.Nova Scotia,data.Organics,data.Non-residential sources of diverted materials,12,52.76100117
2020,data.Ontario,data.Organics,data.All sources of diverted materials,35,88.94316469
2018,data.Ontario,data.Organics,data.All sources of diverted materials,35,80.03307359
2020,data.Ontario,data.Organics,data.Residential sources of diverted materials,35,77.5093912
2018,data.Ontario,data.Organics,data.Residential sources of diverted materials,35,73.59887487
2020,data.Ontario,data.Organics,data.Non-residential sources of diverted materials,35,11.43377349
2018,data.Ontario,data.Organics,data.Non-residential sources of diverted materials,35,6.434198725
2020,data.Prince Edward Island,data.Organics,data.All sources of diverted materials,11,133.8334212
2018,data.Prince Edward Island,data.Organics,data.All sources of diverted materials,11,133.2824845
2020,data.Prince Edward Island,data.Organics,data.Residential sources of diverted materials,11,108.8248969
2018,data.Prince Edward Island,data.Organics,data.Residential sources of diverted materials,11,105.0614097
2018,data.Prince Edward Island,data.Organics,data.Non-residential sources of diverted materials,11,28.22107487
2020,data.Prince Edward Island,data.Organics,data.Non-residential sources of diverted materials,11,25.00852422
2020,data.Quebec,data.Organics,data.All sources of diverted materials,24,63.04763137
2020,data.Quebec,data.Organics,data.Residential sources of diverted materials,24,58.00285545
2018,data.Quebec,data.Organics,data.All sources of diverted materials,24,52.13207077
2018,data.Quebec,data.Organics,data.Residential sources of diverted materials,24,46.06189815
2018,data.Quebec,data.Organics,data.Non-residential sources of diverted materials,24,6.070172624
2020,data.Quebec,data.Organics,data.Non-residential sources of diverted materials,24,5.044775928
2020,data.Saskatchewan,data.Organics,data.All sources of diverted materials,47,34.40995802
2020,data.Saskatchewan,data.Organics,data.Residential sources of diverted materials,47,29.50528101
2018,data.Saskatchewan,data.Organics,data.All sources of diverted materials,47,28.45493115
2018,data.Saskatchewan,data.Organics,data.Residential sources of diverted materials,47,21.35109708
2018,data.Saskatchewan,data.Organics,data.Non-residential sources of diverted materials,47,7.103834073
2020,data.Saskatchewan,data.Organics,data.Non-residential sources of diverted materials,47,4.904677008
2018,data.Territories,data.Organics,data.All sources of diverted materials,,37.21197318
2020,data.Territories,data.Organics,data.All sources of diverted materials,,36.11861115
2018,data.Territories,data.Organics,data.Non-residential sources of diverted materials,,21.4407609
2018,data.Territories,data.Organics,data.Residential sources of diverted materials,,15.77121228
2020,data.Alberta,data.Other materials,data.All sources of diverted materials,48,1.153354486
2018,data.Alberta,data.Other materials,data.All sources of diverted materials,48,0.876863393
2020,data.Alberta,data.Other materials,data.Non-residential sources of diverted materials,48,0.769582234
2018,data.Alberta,data.Other materials,data.Residential sources of diverted materials,48,0.439013325
2018,data.Alberta,data.Other materials,data.Non-residential sources of diverted materials,48,0.437850068
2020,data.Alberta,data.Other materials,data.Residential sources of diverted materials,48,0.383772253
2020,data.British Columbia,data.Other materials,data.All sources of diverted materials,59,9.632246758
2020,data.British Columbia,data.Other materials,data.Residential sources of diverted materials,59,8.370680216
2018,data.British Columbia,data.Other materials,data.All sources of diverted materials,59,4.399781578
2018,data.British Columbia,data.Other materials,data.Residential sources of diverted materials,59,3.442587092
2020,data.British Columbia,data.Other materials,data.Non-residential sources of diverted materials,59,1.261372574
2018,data.British Columbia,data.Other materials,data.Non-residential sources of diverted materials,59,0.957194486
2020,data.Canada,data.Other materials,data.All sources of diverted materials,,2.683309774
2020,data.Canada,data.Other materials,data.Residential sources of diverted materials,,2.089053417
2018,data.Canada,data.Other materials,data.All sources of diverted materials,,1.725963983
2018,data.Canada,data.Other materials,data.Residential sources of diverted materials,,1.254145276
2020,data.Canada,data.Other materials,data.Non-residential sources of diverted materials,,0.594282668
2018,data.Canada,data.Other materials,data.Non-residential sources of diverted materials,,0.471818707
2020,data.Manitoba,data.Other materials,data.All sources of diverted materials,46,4.719223589
2018,data.Manitoba,data.Other materials,data.All sources of diverted materials,46,4.606656441
2020,data.Manitoba,data.Other materials,data.Residential sources of diverted materials,46,3.051696949
2018,data.Manitoba,data.Other materials,data.Residential sources of diverted materials,46,2.60196256
2018,data.Manitoba,data.Other materials,data.Non-residential sources of diverted materials,46,2.004693881
2020,data.Manitoba,data.Other materials,data.Non-residential sources of diverted materials,46,1.66752664
2020,data.New Brunswick,data.Other materials,data.All sources of diverted materials,13,8.541550659
2020,data.New Brunswick,data.Other materials,data.Residential sources of diverted materials,13,8.541550659
2018,data.New Brunswick,data.Other materials,data.All sources of diverted materials,13,5.261579564
2018,data.New Brunswick,data.Other materials,data.Residential sources of diverted materials,13,4.789037013
2018,data.New Brunswick,data.Other materials,data.Non-residential sources of diverted materials,13,0.472542552
2020,data.New Brunswick,data.Other materials,data.Non-residential sources of diverted materials,13,0.0
2018,data.Newfoundland and Labrador,data.Other materials,data.All sources of diverted materials,10,0.0
2018,data.Newfoundland and Labrador,data.Other materials,data.Residential sources of diverted materials,10,0.0
2018,data.Newfoundland and Labrador,data.Other materials,data.Non-residential sources of diverted materials,10,0.0
2020,data.Newfoundland and Labrador,data.Other materials,data.All sources of diverted materials,10,0.0
2020,data.Newfoundland and Labrador,data.Other materials,data.Residential sources of diverted materials,10,0.0
2020,data.Newfoundland and Labrador,data.Other materials,data.Non-residential sources of diverted materials,10,0.0
2020,data.Ontario,data.Other materials,data.All sources of diverted materials,35,2.214379416
2018,data.Ontario,data.Other materials,data.All sources of diverted materials,35,1.805685032
2020,data.Ontario,data.Other materials,data.Residential sources of diverted materials,35,1.511406135
2018,data.Ontario,data.Other materials,data.Residential sources of diverted materials,35,1.315493647
2020,data.Ontario,data.Other materials,data.Non-residential sources of diverted materials,35,0.702973281
2018,data.Ontario,data.Other materials,data.Non-residential sources of diverted materials,35,0.490191385
2018,data.Prince Edward Island,data.Other materials,data.All sources of diverted materials,11,2.183890062
2018,data.Prince Edward Island,data.Other materials,data.Non-residential sources of diverted materials,11,1.355967561
2018,data.Prince Edward Island,data.Other materials,data.Residential sources of diverted materials,11,0.827922501
2020,data.Prince Edward Island,data.Other materials,data.All sources of diverted materials,11,0.0
2020,data.Prince Edward Island,data.Other materials,data.Residential sources of diverted materials,11,0.0
2020,data.Prince Edward Island,data.Other materials,data.Non-residential sources of diverted materials,11,0.0
2018,data.Quebec,data.Other materials,data.All sources of diverted materials,24,0.0
2018,data.Quebec,data.Other materials,data.Residential sources of diverted materials,24,0.0
2018,data.Quebec,data.Other materials,data.Non-residential sources of diverted materials,24,0.0
2020,data.Quebec,data.Other materials,data.All sources of diverted materials,24,0.0
2020,data.Quebec,data.Other materials,data.Residential sources of diverted materials,24,0.0
2020,data.Quebec,data.Other materials,data.Non-residential sources of diverted materials,24,0.0
2018,data.Saskatchewan,data.Other materials,data.All sources of diverted materials,47,1.161162264
2018,data.Saskatchewan,data.Other materials,data.Residential sources of diverted materials,47,0.721315031
2018,data.Saskatchewan,data.Other materials,data.Non-residential sources of diverted materials,47,0.439847233
2018,data.Territories,data.Other materials,data.All sources of diverted materials,,2.402076947
2018,data.Territories,data.Other materials,data.Residential sources of diverted materials,,2.402076947
2020,data.Territories,data.Other materials,data.All sources of diverted materials,,0.789477839
2020,data.Territories,data.Other materials,data.Residential sources of diverted materials,,0.552634488
2020,data.Territories,data.Other materials,data.Non-residential sources of diverted materials,,0.236843352
2018,data.Territories,data.Other materials,data.Non-residential sources of diverted materials,,0.0
2020,data.Alberta,data.Plastics,data.All sources of diverted materials,48,8.93453502
2018,data.Alberta,data.Plastics,data.All sources of diverted materials,48,8.62811244
2018,data.Alberta,data.Plastics,data.Residential sources of diverted materials,48,7.041429411
2020,data.Alberta,data.Plastics,data.Residential sources of diverted materials,48,5.879753172
2020,data.Alberta,data.Plastics,data.Non-residential sources of diverted materials,48,3.054781848
2018,data.Alberta,data.Plastics,data.Non-residential sources of diverted materials,48,1.58668303
2018,data.British Columbia,data.Plastics,data.All sources of diverted materials,59,13.59890757
2020,data.British Columbia,data.Plastics,data.All sources of diverted materials,59,11.5003506
2020,data.British Columbia,data.Plastics,data.Residential sources of diverted materials,59,7.423147535
2018,data.British Columbia,data.Plastics,data.Non-residential sources of diverted materials,59,7.343813242
2018,data.British Columbia,data.Plastics,data.Residential sources of diverted materials,59,6.255094326
2020,data.British Columbia,data.Plastics,data.Non-residential sources of diverted materials,59,4.077203062
2020,data.Canada,data.Plastics,data.All sources of diverted materials,,9.691409246
2018,data.Canada,data.Plastics,data.All sources of diverted materials,,9.565849089
2018,data.Canada,data.Plastics,data.Residential sources of diverted materials,,6.75360671
2020,data.Canada,data.Plastics,data.Residential sources of diverted materials,,6.311283509
2020,data.Canada,data.Plastics,data.Non-residential sources of diverted materials,,3.380125737
2018,data.Canada,data.Plastics,data.Non-residential sources of diverted materials,,2.812242379
2020,data.Manitoba,data.Plastics,data.All sources of diverted materials,46,5.786701529
2018,data.Manitoba,data.Plastics,data.All sources of diverted materials,46,5.017648255
2018,data.Manitoba,data.Plastics,data.Residential sources of diverted materials,46,4.239277068
2020,data.Manitoba,data.Plastics,data.Residential sources of diverted materials,46,4.191644539
2020,data.Manitoba,data.Plastics,data.Non-residential sources of diverted materials,46,1.59505699
2018,data.Manitoba,data.Plastics,data.Non-residential sources of diverted materials,46,0.778371186
2020,data.New Brunswick,data.Plastics,data.All sources of diverted materials,13,7.153293248
2018,data.New Brunswick,data.Plastics,data.All sources of diverted materials,13,7.110207568
2018,data.New Brunswick,data.Plastics,data.Residential sources of diverted materials,13,4.067241247
2018,data.New Brunswick,data.Plastics,data.Non-residential sources of diverted materials,13,3.042966321
2020,data.Newfoundland and Labrador,data.Plastics,data.All sources of diverted materials,10,2.460876287
2020,data.Newfoundland and Labrador,data.Plastics,data.Residential sources of diverted materials,10,2.10987055
2018,data.Newfoundland and Labrador,data.Plastics,data.All sources of diverted materials,10,2.108227415
2018,data.Newfoundland and Labrador,data.Plastics,data.Residential sources of diverted materials,10,1.877996803
2020,data.Newfoundland and Labrador,data.Plastics,data.Non-residential sources of diverted materials,10,0.351005737
2018,data.Newfoundland and Labrador,data.Plastics,data.Non-residential sources of diverted materials,10,0.230230611
2018,data.Nova Scotia,data.Plastics,data.All sources of diverted materials,12,15.67289854
2020,data.Nova Scotia,data.Plastics,data.All sources of diverted materials,12,13.85160911
2018,data.Nova Scotia,data.Plastics,data.Residential sources of diverted materials,12,11.19045582
2020,data.Nova Scotia,data.Plastics,data.Residential sources of diverted materials,12,10.24354914
2018,data.Nova Scotia,data.Plastics,data.Non-residential sources of diverted materials,12,4.482442723
2020,data.Nova Scotia,data.Plastics,data.Non-residential sources of diverted materials,12,3.60907862
2018,data.Ontario,data.Plastics,data.All sources of diverted materials,35,8.779206101
2020,data.Ontario,data.Plastics,data.All sources of diverted materials,35,8.143475543
2018,data.Ontario,data.Plastics,data.Residential sources of diverted materials,35,6.874490389
2020,data.Ontario,data.Plastics,data.Residential sources of diverted materials,35,6.127384571
2020,data.Ontario,data.Plastics,data.Non-residential sources of diverted materials,35,2.016090971
2018,data.Ontario,data.Plastics,data.Non-residential sources of diverted materials,35,1.904715712
2020,data.Prince Edward Island,data.Plastics,data.All sources of diverted materials,11,6.559003131
2018,data.Prince Edward Island,data.Plastics,data.All sources of diverted materials,11,6.121411249
2020,data.Prince Edward Island,data.Plastics,data.Non-residential sources of diverted materials,11,4.066829918
2018,data.Prince Edward Island,data.Plastics,data.Non-residential sources of diverted materials,11,3.794101541
2020,data.Prince Edward Island,data.Plastics,data.Residential sources of diverted materials,11,2.492173212
2018,data.Prince Edward Island,data.Plastics,data.Residential sources of diverted materials,11,2.327309708
2020,data.Quebec,data.Plastics,data.All sources of diverted materials,24,13.16443181
2018,data.Quebec,data.Plastics,data.All sources of diverted materials,24,9.878908388
2018,data.Quebec,data.Plastics,data.Residential sources of diverted materials,24,7.022356565
2020,data.Quebec,data.Plastics,data.Residential sources of diverted materials,24,6.762590515
2020,data.Quebec,data.Plastics,data.Non-residential sources of diverted materials,24,6.40184129
2018,data.Quebec,data.Plastics,data.Non-residential sources of diverted materials,24,2.856551823
2018,data.Saskatchewan,data.Plastics,data.All sources of diverted materials,47,9.272943714
2018,data.Saskatchewan,data.Plastics,data.Residential sources of diverted materials,47,8.532692011
2020,data.Saskatchewan,data.Plastics,data.All sources of diverted materials,47,5.663289681
2020,data.Saskatchewan,data.Plastics,data.Residential sources of diverted materials,47,5.320471426
2018,data.Saskatchewan,data.Plastics,data.Non-residential sources of diverted materials,47,0.740251703
2020,data.Saskatchewan,data.Plastics,data.Non-residential sources of diverted materials,47,0.343666815
2018,data.Territories,data.Plastics,data.All sources of diverted materials,,4.941646515
2020,data.Territories,data.Plastics,data.All sources of diverted materials,,4.468444571
2018,data.Territories,data.Plastics,data.Residential sources of diverted materials,,4.051988386
2018,data.Territories,data.Plastics,data.Non-residential sources of diverted materials,,0.889658129
2018,data.British Columbia,data.Textiles,data.All sources of diverted materials,59,0.253468932
2018,data.British Columbia,data.Textiles,data.Residential sources of diverted materials,59,0.253468932
2020,data.British Columbia,data.Textiles,data.All sources of diverted materials,59,0.117544484
2020,data.British Columbia,data.Textiles,data.Residential sources of diverted materials,59,0.117544484
2018,data.British Columbia,data.Textiles,data.Non-residential sources of diverted materials,59,0.0
2020,data.British Columbia,data.Textiles,data.Non-residential sources of diverted materials,59,0.0
2020,data.Canada,data.Textiles,data.All sources of diverted materials,,1.640822154
2020,data.Canada,data.Textiles,data.Residential sources of diverted materials,,1.627061591
2018,data.Canada,data.Textiles,data.All sources of diverted materials,,1.58896173
2018,data.Canada,data.Textiles,data.Residential sources of diverted materials,,1.5757957
2020,data.Canada,data.Textiles,data.Non-residential sources of diverted materials,,0.013760563
2018,data.Canada,data.Textiles,data.Non-residential sources of diverted materials,,0.01316603
2020,data.Manitoba,data.Textiles,data.All sources of diverted materials,46,0.0
2020,data.Manitoba,data.Textiles,data.Residential sources of diverted materials,46,0.0
2020,data.Manitoba,data.Textiles,data.Non-residential sources of diverted materials,46,0.0
2018,data.New Brunswick,data.Textiles,data.All sources of diverted materials,13,0.0
2018,data.New Brunswick,data.Textiles,data.Residential sources of diverted materials,13,0.0
2018,data.New Brunswick,data.Textiles,data.Non-residential sources of diverted materials,13,0.0
2020,data.New Brunswick,data.Textiles,data.All sources of diverted materials,13,0.0
2020,data.New Brunswick,data.Textiles,data.Residential sources of diverted materials,13,0.0
2020,data.New Brunswick,data.Textiles,data.Non-residential sources of diverted materials,13,0.0
2018,data.Newfoundland and Labrador,data.Textiles,data.All sources of diverted materials,10,0.0
2018,data.Newfoundland and Labrador,data.Textiles,data.Residential sources of diverted materials,10,0.0
2018,data.Newfoundland and Labrador,data.Textiles,data.Non-residential sources of diverted materials,10,0.0
2020,data.Newfoundland and Labrador,data.Textiles,data.All sources of diverted materials,10,0.0
2020,data.Newfoundland and Labrador,data.Textiles,data.Residential sources of diverted materials,10,0.0
2020,data.Newfoundland and Labrador,data.Textiles,data.Non-residential sources of diverted materials,10,0.0
2020,data.Ontario,data.Textiles,data.All sources of diverted materials,35,0.179410298
2020,data.Ontario,data.Textiles,data.Residential sources of diverted materials,35,0.177508902
2018,data.Ontario,data.Textiles,data.All sources of diverted materials,35,0.084773617
2018,data.Ontario,data.Textiles,data.Residential sources of diverted materials,35,0.084284404
2020,data.Ontario,data.Textiles,data.Non-residential sources of diverted materials,35,0.001901396
2018,data.Ontario,data.Textiles,data.Non-residential sources of diverted materials,35,0.000489213
2018,data.Prince Edward Island,data.Textiles,data.All sources of diverted materials,11,0.0
2018,data.Prince Edward Island,data.Textiles,data.Residential sources of diverted materials,11,0.0
2018,data.Prince Edward Island,data.Textiles,data.Non-residential sources of diverted materials,11,0.0
2020,data.Prince Edward Island,data.Textiles,data.All sources of diverted materials,11,0.0
2020,data.Prince Edward Island,data.Textiles,data.Residential sources of diverted materials,11,0.0
2020,data.Prince Edward Island,data.Textiles,data.Non-residential sources of diverted materials,11,0.0
2020,data.Quebec,data.Textiles,data.All sources of diverted materials,24,6.777631449
2020,data.Quebec,data.Textiles,data.Residential sources of diverted materials,24,6.777631449
2018,data.Quebec,data.Textiles,data.All sources of diverted materials,24,6.598634711
2018,data.Quebec,data.Textiles,data.Residential sources of diverted materials,24,6.598634711
2018,data.Quebec,data.Textiles,data.Non-residential sources of diverted materials,24,0.0
2020,data.Quebec,data.Textiles,data.Non-residential sources of diverted materials,24,0.0
2018,data.Saskatchewan,data.Textiles,data.All sources of diverted materials,47,0.0
2018,data.Saskatchewan,data.Textiles,data.Residential sources of diverted materials,47,0.0
2018,data.Saskatchewan,data.Textiles,data.Non-residential sources of diverted materials,47,0.0
2020,data.Saskatchewan,data.Textiles,data.All sources of diverted materials,47,0.0
2020,data.Saskatchewan,data.Textiles,data.Residential sources of diverted materials,47,0.0
2020,data.Saskatchewan,data.Textiles,data.Non-residential sources of diverted materials,47,0.0
2018,data.Territories,data.Textiles,data.All sources of diverted materials,,0.452916865
2018,data.Territories,data.Textiles,data.Residential sources of diverted materials,,0.452916865
2018,data.Territories,data.Textiles,data.Non-residential sources of diverted materials,,0.0
2018,data.Alberta,data.Tires,data.All sources of diverted materials,48,15.72979858
2020,data.Alberta,data.Tires,data.All sources of diverted materials,48,15.04772134
2018,data.British Columbia,data.Tires,data.All sources of diverted materials,59,10.02499563
2020,data.British Columbia,data.Tires,data.All sources of diverted materials,59,9.74998521
2018,data.Canada,data.Tires,data.All sources of diverted materials,,13.16343975
2020,data.Canada,data.Tires,data.All sources of diverted materials,,11.32594311
2020,data.Manitoba,data.Tires,data.All sources of diverted materials,46,12.89814826
2018,data.Manitoba,data.Tires,data.All sources of diverted materials,46,11.83079851
2020,data.New Brunswick,data.Tires,data.All sources of diverted materials,13,15.14183981
2018,data.New Brunswick,data.Tires,data.All sources of diverted materials,13,14.07891201
2020,data.Newfoundland and Labrador,data.Tires,data.All sources of diverted materials,10,12.85678391
2018,data.Newfoundland and Labrador,data.Tires,data.All sources of diverted materials,10,11.28129995
2020,data.Nova Scotia,data.Tires,data.All sources of diverted materials,12,15.05259802
2018,data.Nova Scotia,data.Tires,data.All sources of diverted materials,12,14.89139258
2018,data.Ontario,data.Tires,data.All sources of diverted materials,35,14.72558962
2020,data.Ontario,data.Tires,data.All sources of diverted materials,35,8.283024431
2018,data.Prince Edward Island,data.Tires,data.All sources of diverted materials,11,15.34590211
2020,data.Prince Edward Island,data.Tires,data.All sources of diverted materials,11,15.2692105
2020,data.Quebec,data.Tires,data.All sources of diverted materials,24,10.95726218
2018,data.Quebec,data.Tires,data.All sources of diverted materials,24,10.93226187
2020,data.Saskatchewan,data.Tires,data.All sources of diverted materials,47,36.73416396
2018,data.Saskatchewan,data.Tires,data.All sources of diverted materials,47,14.68194569
2018,data.Territories,data.Tires,data.All sources of diverted materials,,8.467927824
2020,data.Territories,data.Tires,data.All sources of diverted materials,,7.113195333
2020,data.Alberta,data.White goods,data.All sources of diverted materials,48,3.295913086
2018,data.Alberta,data.White goods,data.All sources of diverted materials,48,3.220361657
2020,data.Alberta,data.White goods,data.Residential sources of diverted materials,48,2.46791596
2018,data.Alberta,data.White goods,data.Residential sources of diverted materials,48,2.295339409
2018,data.Alberta,data.White goods,data.Non-residential sources of diverted materials,48,0.925022247
2020,data.Alberta,data.White goods,data.Non-residential sources of diverted materials,48,0.827770711
2018,data.British Columbia,data.White goods,data.All sources of diverted materials,59,4.786571176
2020,data.British Columbia,data.White goods,data.All sources of diverted materials,59,4.468630073
2020,data.British Columbia,data.White goods,data.Residential sources of diverted materials,59,2.890314121
2018,data.British Columbia,data.White goods,data.Non-residential sources of diverted materials,59,2.643062256
2018,data.British Columbia,data.White goods,data.Residential sources of diverted materials,59,2.14350892
2020,data.British Columbia,data.White goods,data.Non-residential sources of diverted materials,59,1.578315952
2018,data.Canada,data.White goods,data.All sources of diverted materials,,1.712096484
2020,data.Canada,data.White goods,data.All sources of diverted materials,,1.66071314
2020,data.Canada,data.White goods,data.Residential sources of diverted materials,,1.100634549
2018,data.Canada,data.White goods,data.Residential sources of diverted materials,,1.041492311
2018,data.Canada,data.White goods,data.Non-residential sources of diverted materials,,0.670604173
2020,data.Canada,data.White goods,data.Non-residential sources of diverted materials,,0.560078591
2020,data.Manitoba,data.White goods,data.All sources of diverted materials,46,2.264676553
2018,data.Manitoba,data.White goods,data.All sources of diverted materials,46,2.197623492
2018,data.Manitoba,data.White goods,data.Residential sources of diverted materials,46,1.34828969
2018,data.Manitoba,data.White goods,data.Non-residential sources of diverted materials,46,0.849333801
2018,data.New Brunswick,data.White goods,data.All sources of diverted materials,13,0.173957972
2018,data.Newfoundland and Labrador,data.White goods,data.All sources of diverted materials,10,2.401248192
2018,data.Newfoundland and Labrador,data.White goods,data.Residential sources of diverted materials,10,2.401248192
2018,data.Newfoundland and Labrador,data.White goods,data.Non-residential sources of diverted materials,10,0.0
2018,data.Nova Scotia,data.White goods,data.All sources of diverted materials,12,1.143565462
2020,data.Nova Scotia,data.White goods,data.All sources of diverted materials,12,1.107273063
2020,data.Ontario,data.White goods,data.All sources of diverted materials,35,0.84204682
2018,data.Ontario,data.White goods,data.All sources of diverted materials,35,0.797417123
2018,data.Ontario,data.White goods,data.Residential sources of diverted materials,35,0.70278936
2020,data.Ontario,data.White goods,data.Residential sources of diverted materials,35,0.616663482
2020,data.Ontario,data.White goods,data.Non-residential sources of diverted materials,35,0.225383338
2018,data.Ontario,data.White goods,data.Non-residential sources of diverted materials,35,0.094627764
2018,data.Prince Edward Island,data.White goods,data.All sources of diverted materials,11,44.26451798
2020,data.Prince Edward Island,data.White goods,data.All sources of diverted materials,11,38.63488423
2018,data.Prince Edward Island,data.White goods,data.Non-residential sources of diverted materials,11,27.44530496
2020,data.Prince Edward Island,data.White goods,data.Non-residential sources of diverted materials,11,23.95462013
2018,data.Prince Edward Island,data.White goods,data.Residential sources of diverted materials,11,16.81921302
2020,data.Prince Edward Island,data.White goods,data.Residential sources of diverted materials,11,14.6802641
2018,data.Quebec,data.White goods,data.All sources of diverted materials,24,0.0
2018,data.Quebec,data.White goods,data.Residential sources of diverted materials,24,0.0
2018,data.Quebec,data.White goods,data.Non-residential sources of diverted materials,24,0.0
2020,data.Quebec,data.White goods,data.All sources of diverted materials,24,0.0
2020,data.Quebec,data.White goods,data.Residential sources of diverted materials,24,0.0
2020,data.Quebec,data.White goods,data.Non-residential sources of diverted materials,24,0.0
2018,data.Saskatchewan,data.White goods,data.All sources of diverted materials,47,1.596705708
2020,data.Saskatchewan,data.White goods,data.All sources of diverted materials,47,1.232957732
2018,data.Saskatchewan,data.White goods,data.Residential sources of diverted materials,47,0.859897036
2018,data.Saskatchewan,data.White goods,data.Non-residential sources of diverted materials,47,0.736808672
2020,data.Territories,data.White goods,data.All sources of diverted materials,,1.492113116
2018,data.Territories,data.White goods,data.All sources of diverted materials,,0.922009333
2018,data.Territories,data.White goods,data.Residential sources of diverted materials,,0.83304352
2018,data.Territories,data.White goods,data.Non-residential sources of diverted materials,,0.088965813
2020,,,,,260.5568381
2018,,,,,257.6880441
