Year,data.Region,data.Goods and services (products),Value
2015,,,1035.33
2015,data.All regions,"data.Total, environmental products",669.061
2015,data.All regions,"data.Total, clean technology products",366.271
2016,,,946.424
2016,data.All regions,"data.Total, environmental products",619.046
2016,data.All regions,"data.Total, clean technology products",327.372
2017,,,1026.612
2017,data.All regions,"data.Total, environmental products",718.022
2017,data.All regions,"data.Total, clean technology products",308.595
2018,,,977.962
2018,data.All regions,"data.Total, environmental products",647.58
2018,data.All regions,"data.Total, clean technology products",330.386
2019,,,1122.255
2019,data.All regions,"data.Total, environmental products",586.736
2019,data.All regions,"data.Total, clean technology products",535.52
2020,,,1013.389
2020,data.All regions,"data.Total, environmental products",473.014
2020,data.All regions,"data.Total, clean technology products",540.375
2021,,,1312.254
2021,data.All regions,"data.Total, environmental products",701.717
2021,data.All regions,"data.Total, clean technology products",610.535
2022,,,1254.43
2022,data.All regions,"data.Total, environmental products",712.271
2022,data.All regions,"data.Total, clean technology products",542.157
2015,data.Europe,"data.Total, environmental and clean technology products",5.863
2015,data.Europe,"data.Total, environmental products",3.773
2015,data.Europe,"data.Total, clean technology products",2.09
2015,data.North America,"data.Total, environmental and clean technology products",47.027
2015,data.North America,"data.Total, environmental products",0.866
2015,data.North America,"data.Total, clean technology products",46.161
2015,data.Africa,"data.Total, environmental and clean technology products",54.445
2015,data.Africa,"data.Total, environmental products",16.184
2015,data.Africa,"data.Total, clean technology products",38.264
2015,data.South America,"data.Total, environmental and clean technology products",59.309
2015,data.South America,"data.Total, environmental products",2.093
2015,data.South America,"data.Total, clean technology products",57.215
2015,data.Central America,"data.Total, environmental and clean technology products",10.067
2015,data.Central America,"data.Total, environmental products",1.236
2015,data.Central America,"data.Total, clean technology products",8.831
2015,data.Antilles,"data.Total, environmental and clean technology products",21.327
2015,data.Antilles,"data.Total, environmental products",1.569
2015,data.Antilles,"data.Total, clean technology products",19.76
2015,data.Middle East,"data.Total, environmental and clean technology products",8.329
2015,data.Middle East,"data.Total, environmental products",0.052
2015,data.Middle East,"data.Total, clean technology products",8.277
2015,data.Oceania,"data.Total, environmental and clean technology products",1.765
2015,data.Oceania,"data.Total, environmental products",0.015
2015,data.Oceania,"data.Total, clean technology products",1.75
2015,data.Asia,"data.Total, environmental and clean technology products",827.198
2015,data.Asia,"data.Total, environmental products",643.273
2015,data.Asia,"data.Total, clean technology products",183.923
2016,data.Europe,"data.Total, environmental and clean technology products",2.065
2016,data.Europe,"data.Total, environmental products",0.02
2016,data.Europe,"data.Total, clean technology products",2.044
2016,data.North America,"data.Total, environmental and clean technology products",44.726
2016,data.North America,"data.Total, environmental products",1.819
2016,data.North America,"data.Total, clean technology products",42.907
2016,data.Africa,"data.Total, environmental and clean technology products",61.242
2016,data.Africa,"data.Total, environmental products",3.641
2016,data.Africa,"data.Total, clean technology products",57.599
2016,data.South America,"data.Total, environmental and clean technology products",37.531
2016,data.South America,"data.Total, environmental products",0.796
2016,data.South America,"data.Total, clean technology products",36.735
2016,data.Central America,"data.Total, environmental and clean technology products",5.315
2016,data.Central America,"data.Total, environmental products",0.005
2016,data.Central America,"data.Total, clean technology products",5.309
2016,data.Antilles,"data.Total, environmental and clean technology products",14.376
2016,data.Antilles,"data.Total, environmental products",0.578
2016,data.Antilles,"data.Total, clean technology products",13.797
2016,data.Middle East,"data.Total, environmental and clean technology products",3.32
2016,data.Middle East,"data.Total, environmental products",0.062
2016,data.Middle East,"data.Total, clean technology products",3.257
2016,data.Oceania,"data.Total, environmental and clean technology products",0.375
2016,data.Oceania,"data.Total, environmental products",0.0
2016,data.Oceania,"data.Total, clean technology products",0.375
2016,data.Asia,"data.Total, environmental and clean technology products",777.474
2016,data.Asia,"data.Total, environmental products",612.125
2016,data.Asia,"data.Total, clean technology products",165.349
2017,data.Europe,"data.Total, environmental and clean technology products",1.342
2017,data.Europe,"data.Total, environmental products",0.018
2017,data.Europe,"data.Total, clean technology products",1.324
2017,data.North America,"data.Total, environmental and clean technology products",75.979
2017,data.North America,"data.Total, environmental products",35.163
2017,data.North America,"data.Total, clean technology products",40.816
2017,data.Africa,"data.Total, environmental and clean technology products",64.21
2017,data.Africa,"data.Total, environmental products",10.007
2017,data.Africa,"data.Total, clean technology products",54.204
2017,data.South America,"data.Total, environmental and clean technology products",42.546
2017,data.South America,"data.Total, environmental products",1.989
2017,data.South America,"data.Total, clean technology products",40.557
2017,data.Central America,"data.Total, environmental and clean technology products",3.469
2017,data.Central America,"data.Total, environmental products",0.024
2017,data.Central America,"data.Total, clean technology products",3.445
2017,data.Antilles,"data.Total, environmental and clean technology products",11.562
2017,data.Antilles,"data.Total, environmental products",0.699
2017,data.Antilles,"data.Total, clean technology products",10.863
2017,data.Middle East,"data.Total, environmental and clean technology products",2.927
2017,data.Middle East,"data.Total, environmental products",0.114
2017,data.Middle East,"data.Total, clean technology products",2.814
2017,data.Oceania,"data.Total, environmental and clean technology products",0.255
2017,data.Oceania,"data.Total, environmental products",0.009
2017,data.Oceania,"data.Total, clean technology products",0.246
2017,data.Asia,"data.Total, environmental and clean technology products",824.322
2017,data.Asia,"data.Total, environmental products",669.999
2017,data.Asia,"data.Total, clean technology products",154.326
2018,data.Europe,"data.Total, environmental and clean technology products",2.064
2018,data.Europe,"data.Total, environmental products",0.289
2018,data.Europe,"data.Total, clean technology products",1.775
2018,data.North America,"data.Total, environmental and clean technology products",90.869
2018,data.North America,"data.Total, environmental products",32.112
2018,data.North America,"data.Total, clean technology products",58.758
2018,data.Africa,"data.Total, environmental and clean technology products",46.096
2018,data.Africa,"data.Total, environmental products",12.791
2018,data.Africa,"data.Total, clean technology products",33.306
2018,data.South America,"data.Total, environmental and clean technology products",79.344
2018,data.South America,"data.Total, environmental products",29.302
2018,data.South America,"data.Total, clean technology products",50.043
2018,data.Central America,"data.Total, environmental and clean technology products",9.303
2018,data.Central America,"data.Total, environmental products",6.642
2018,data.Central America,"data.Total, clean technology products",2.662
2018,data.Antilles,"data.Total, environmental and clean technology products",12.359
2018,data.Antilles,"data.Total, environmental products",0.933
2018,data.Antilles,"data.Total, clean technology products",11.426
2018,data.Middle East,"data.Total, environmental and clean technology products",4.439
2018,data.Middle East,"data.Total, environmental products",0.167
2018,data.Middle East,"data.Total, clean technology products",4.273
2018,data.Oceania,"data.Total, environmental and clean technology products",0.766
2018,data.Oceania,"data.Total, environmental products",0.0
2018,data.Oceania,"data.Total, clean technology products",0.766
2018,data.Asia,"data.Total, environmental and clean technology products",732.722
2018,data.Asia,"data.Total, environmental products",565.344
2018,data.Asia,"data.Total, clean technology products",167.377
2019,data.Europe,"data.Total, environmental and clean technology products",2.267
2019,data.Europe,"data.Total, environmental products",1.054
2019,data.Europe,"data.Total, clean technology products",1.213
2019,data.North America,"data.Total, environmental and clean technology products",80.283
2019,data.North America,"data.Total, environmental products",15.752
2019,data.North America,"data.Total, clean technology products",64.531
2019,data.Africa,"data.Total, environmental and clean technology products",162.128
2019,data.Africa,"data.Total, environmental products",49.979
2019,data.Africa,"data.Total, clean technology products",112.151
2019,data.South America,"data.Total, environmental and clean technology products",82.364
2019,data.South America,"data.Total, environmental products",24.256
2019,data.South America,"data.Total, clean technology products",58.108
2019,data.Central America,"data.Total, environmental and clean technology products",3.312
2019,data.Central America,"data.Total, environmental products",0.135
2019,data.Central America,"data.Total, clean technology products",3.178
2019,data.Antilles,"data.Total, environmental and clean technology products",10.82
2019,data.Antilles,"data.Total, environmental products",0.245
2019,data.Antilles,"data.Total, clean technology products",10.573
2019,data.Middle East,"data.Total, environmental and clean technology products",23.491
2019,data.Middle East,"data.Total, environmental products",0.472
2019,data.Middle East,"data.Total, clean technology products",23.019
2019,data.Oceania,"data.Total, environmental and clean technology products",0.516
2019,data.Oceania,"data.Total, environmental products",0.0
2019,data.Oceania,"data.Total, clean technology products",0.516
2019,data.Asia,"data.Total, environmental and clean technology products",757.074
2019,data.Asia,"data.Total, environmental products",494.843
2019,data.Asia,"data.Total, clean technology products",262.231
2020,data.Europe,"data.Total, environmental and clean technology products",5.535
2020,data.Europe,"data.Total, environmental products",0.61
2020,data.Europe,"data.Total, clean technology products",4.926
2020,data.North America,"data.Total, environmental and clean technology products",73.004
2020,data.North America,"data.Total, environmental products",24.946
2020,data.North America,"data.Total, clean technology products",48.057
2020,data.Africa,"data.Total, environmental and clean technology products",175.978
2020,data.Africa,"data.Total, environmental products",53.152
2020,data.Africa,"data.Total, clean technology products",122.825
2020,data.South America,"data.Total, environmental and clean technology products",137.326
2020,data.South America,"data.Total, environmental products",54.71
2020,data.South America,"data.Total, clean technology products",82.616
2020,data.Central America,"data.Total, environmental and clean technology products",6.893
2020,data.Central America,"data.Total, environmental products",2.627
2020,data.Central America,"data.Total, clean technology products",4.267
2020,data.Antilles,"data.Total, environmental and clean technology products",44.182
2020,data.Antilles,"data.Total, environmental products",0.285
2020,data.Antilles,"data.Total, clean technology products",43.898
2020,data.Middle East,"data.Total, environmental and clean technology products",14.285
2020,data.Middle East,"data.Total, environmental products",0.25
2020,data.Middle East,"data.Total, clean technology products",14.034
2020,data.Oceania,"data.Total, environmental and clean technology products",1.035
2020,data.Oceania,"data.Total, environmental products",0.027
2020,data.Oceania,"data.Total, clean technology products",1.008
2020,data.Asia,"data.Total, environmental and clean technology products",555.151
2020,data.Asia,"data.Total, environmental products",336.407
2020,data.Asia,"data.Total, clean technology products",218.744
2021,data.Europe,"data.Total, environmental and clean technology products",6.821
2021,data.Europe,"data.Total, environmental products",0.098
2021,data.Europe,"data.Total, clean technology products",6.724
2021,data.North America,"data.Total, environmental and clean technology products",105.415
2021,data.North America,"data.Total, environmental products",32.861
2021,data.North America,"data.Total, clean technology products",72.553
2021,data.Africa,"data.Total, environmental and clean technology products",162.009
2021,data.Africa,"data.Total, environmental products",1.254
2021,data.Africa,"data.Total, clean technology products",160.753
2021,data.South America,"data.Total, environmental and clean technology products",96.646
2021,data.South America,"data.Total, environmental products",16.067
2021,data.South America,"data.Total, clean technology products",80.579
2021,data.Central America,"data.Total, environmental and clean technology products",3.907
2021,data.Central America,"data.Total, environmental products",0.479
2021,data.Central America,"data.Total, clean technology products",3.427
2021,data.Antilles,"data.Total, environmental and clean technology products",55.687
2021,data.Antilles,"data.Total, environmental products",0.271
2021,data.Antilles,"data.Total, clean technology products",55.416
2021,data.Middle East,"data.Total, environmental and clean technology products",9.437
2021,data.Middle East,"data.Total, environmental products",0.115
2021,data.Middle East,"data.Total, clean technology products",9.323
2021,data.Oceania,"data.Total, environmental and clean technology products",0.431
2021,data.Oceania,"data.Total, environmental products",0.0
2021,data.Oceania,"data.Total, clean technology products",0.431
2021,data.Asia,"data.Total, environmental and clean technology products",871.901
2021,data.Asia,"data.Total, environmental products",650.572
2021,data.Asia,"data.Total, clean technology products",221.329
2022,data.Europe,"data.Total, environmental and clean technology products",4.903
2022,data.Europe,"data.Total, environmental products",0.318
2022,data.Europe,"data.Total, clean technology products",4.584
2022,data.North America,"data.Total, environmental and clean technology products",121.838
2022,data.North America,"data.Total, environmental products",26.509
2022,data.North America,"data.Total, clean technology products",95.329
2022,data.Africa,"data.Total, environmental and clean technology products",118.95
2022,data.Africa,"data.Total, environmental products",1.2
2022,data.Africa,"data.Total, clean technology products",117.749
2022,data.South America,"data.Total, environmental and clean technology products",98.163
2022,data.South America,"data.Total, environmental products",14.958
2022,data.South America,"data.Total, clean technology products",83.207
2022,data.Central America,"data.Total, environmental and clean technology products",3.74
2022,data.Central America,"data.Total, environmental products",0.638
2022,data.Central America,"data.Total, clean technology products",3.101
2022,data.Antilles,"data.Total, environmental and clean technology products",21.875
2022,data.Antilles,"data.Total, environmental products",0.213
2022,data.Antilles,"data.Total, clean technology products",21.662
2022,data.Middle East,"data.Total, environmental and clean technology products",21.695
2022,data.Middle East,"data.Total, environmental products",0.012
2022,data.Middle East,"data.Total, clean technology products",21.683
2022,data.Oceania,"data.Total, environmental and clean technology products",0.636
2022,data.Oceania,"data.Total, environmental products",0.0
2022,data.Oceania,"data.Total, clean technology products",0.636
2022,data.Asia,"data.Total, environmental and clean technology products",862.63
2022,data.Asia,"data.Total, environmental products",668.423
2022,data.Asia,"data.Total, clean technology products",194.206
