Year,Units,Geography,Type of event,GeoCode,Value
2016,"data.Rate per 100,000 population",data.Canada,data.Apparent opioid toxicity deaths,,7.8
2016,data.Number,data.Canada,data.Apparent opioid toxicity deaths,,2830
2017,"data.Rate per 100,000 population",data.Canada,data.Apparent opioid toxicity deaths,,10.7
2017,data.Number,data.Canada,data.Apparent opioid toxicity deaths,,3924
2018,"data.Rate per 100,000 population",data.Canada,data.Apparent opioid toxicity deaths,,11.3
2018,data.Number,data.Canada,data.Apparent opioid toxicity deaths,,4201
2019,"data.Rate per 100,000 population",data.Canada,data.Apparent opioid toxicity deaths,,9.9
2019,data.Number,data.Canada,data.Apparent opioid toxicity deaths,,3711
2020,"data.Rate per 100,000 population",data.Canada,data.Apparent opioid toxicity deaths,,16.9
2020,data.Number,data.Canada,data.Apparent opioid toxicity deaths,,6423
2021,"data.Rate per 100,000 population",data.Canada,data.Apparent opioid toxicity deaths,,20.9
2021,data.Number,data.Canada,data.Apparent opioid toxicity deaths,,8006
2016,"data.Rate per 100,000 population",data.British Columbia,data.Apparent opioid toxicity deaths,59,16.6
2016,data.Number,data.British Columbia,data.Apparent opioid toxicity deaths,59,805
2017,"data.Rate per 100,000 population",data.British Columbia,data.Apparent opioid toxicity deaths,59,26.3
2017,data.Number,data.British Columbia,data.Apparent opioid toxicity deaths,59,1296
2018,"data.Rate per 100,000 population",data.British Columbia,data.Apparent opioid toxicity deaths,59,26.9
2018,data.Number,data.British Columbia,data.Apparent opioid toxicity deaths,59,1348
2019,"data.Rate per 100,000 population",data.British Columbia,data.Apparent opioid toxicity deaths,59,20
2019,data.Number,data.British Columbia,data.Apparent opioid toxicity deaths,59,1020
2020,"data.Rate per 100,000 population",data.British Columbia,data.Apparent opioid toxicity deaths,59,34.8
2020,data.Number,data.British Columbia,data.Apparent opioid toxicity deaths,59,1794
2021,"data.Rate per 100,000 population",data.British Columbia,data.Apparent opioid toxicity deaths,59,44.8
2021,data.Number,data.British Columbia,data.Apparent opioid toxicity deaths,59,2333
2016,"data.Rate per 100,000 population",data.Alberta,data.Apparent opioid toxicity deaths,48,14.3
2016,data.Number,data.Alberta,data.Apparent opioid toxicity deaths,48,602
2017,"data.Rate per 100,000 population",data.Alberta,data.Apparent opioid toxicity deaths,48,17.5
2017,data.Number,data.Alberta,data.Apparent opioid toxicity deaths,48,744
2018,"data.Rate per 100,000 population",data.Alberta,data.Apparent opioid toxicity deaths,48,18.7
2018,data.Number,data.Alberta,data.Apparent opioid toxicity deaths,48,805
2019,"data.Rate per 100,000 population",data.Alberta,data.Apparent opioid toxicity deaths,48,14.3
2019,data.Number,data.Alberta,data.Apparent opioid toxicity deaths,48,626
2020,"data.Rate per 100,000 population",data.Alberta,data.Apparent opioid toxicity deaths,48,26.8
2020,data.Number,data.Alberta,data.Apparent opioid toxicity deaths,48,1184
2021,"data.Rate per 100,000 population",data.Alberta,data.Apparent opioid toxicity deaths,48,36.5
2021,data.Number,data.Alberta,data.Apparent opioid toxicity deaths,48,1621
2016,"data.Rate per 100,000 population",data.Saskatchewan,data.Apparent opioid toxicity deaths,47,7.3
2016,data.Number,data.Saskatchewan,data.Apparent opioid toxicity deaths,47,83
2017,"data.Rate per 100,000 population",data.Saskatchewan,data.Apparent opioid toxicity deaths,47,7.4
2017,data.Number,data.Saskatchewan,data.Apparent opioid toxicity deaths,47,85
2018,"data.Rate per 100,000 population",data.Saskatchewan,data.Apparent opioid toxicity deaths,47,10.8
2018,data.Number,data.Saskatchewan,data.Apparent opioid toxicity deaths,47,126
2019,"data.Rate per 100,000 population",data.Saskatchewan,data.Apparent opioid toxicity deaths,47,10
2019,data.Number,data.Saskatchewan,data.Apparent opioid toxicity deaths,47,117
2020,"data.Rate per 100,000 population",data.Saskatchewan,data.Apparent opioid toxicity deaths,47,22.7
2020,data.Number,data.Saskatchewan,data.Apparent opioid toxicity deaths,47,268
2021,"data.Rate per 100,000 population",data.Saskatchewan,data.Apparent opioid toxicity deaths,47,28
2021,data.Number,data.Saskatchewan,data.Apparent opioid toxicity deaths,47,331
2016,"data.Rate per 100,000 population",data.Manitoba,data.Apparent opioid toxicity deaths,46,6.7
2016,data.Number,data.Manitoba,data.Apparent opioid toxicity deaths,46,88
2017,"data.Rate per 100,000 population",data.Manitoba,data.Apparent opioid toxicity deaths,46,7.9
2017,data.Number,data.Manitoba,data.Apparent opioid toxicity deaths,46,106
2018,"data.Rate per 100,000 population",data.Manitoba,data.Apparent opioid toxicity deaths,46,6.9
2018,data.Number,data.Manitoba,data.Apparent opioid toxicity deaths,46,93
2019,"data.Rate per 100,000 population",data.Manitoba,data.Apparent opioid toxicity deaths,46,4.5
2019,data.Number,data.Manitoba,data.Apparent opioid toxicity deaths,46,62
2020,"data.Rate per 100,000 population",data.Manitoba,data.Apparent opioid toxicity deaths,46,18.8
2020,data.Number,data.Manitoba,data.Apparent opioid toxicity deaths,46,260
2021,"data.Rate per 100,000 population",data.Manitoba,data.Apparent opioid toxicity deaths,46,18.7
2021,data.Number,data.Manitoba,data.Apparent opioid toxicity deaths,46,260
2016,"data.Rate per 100,000 population",data.Ontario,data.Apparent opioid toxicity deaths,35,6.2
2016,data.Number,data.Ontario,data.Apparent opioid toxicity deaths,35,867
2017,"data.Rate per 100,000 population",data.Ontario,data.Apparent opioid toxicity deaths,35,9
2017,data.Number,data.Ontario,data.Apparent opioid toxicity deaths,35,1265
2018,"data.Rate per 100,000 population",data.Ontario,data.Apparent opioid toxicity deaths,35,10.5
2018,data.Number,data.Ontario,data.Apparent opioid toxicity deaths,35,1507
2019,"data.Rate per 100,000 population",data.Ontario,data.Apparent opioid toxicity deaths,35,10.7
2019,data.Number,data.Ontario,data.Apparent opioid toxicity deaths,35,1558
2020,"data.Rate per 100,000 population",data.Ontario,data.Apparent opioid toxicity deaths,35,16.7
2020,data.Number,data.Ontario,data.Apparent opioid toxicity deaths,35,2461
2021,"data.Rate per 100,000 population",data.Ontario,data.Apparent opioid toxicity deaths,35,19.3
2021,data.Number,data.Ontario,data.Apparent opioid toxicity deaths,35,2864
2016,"data.Rate per 100,000 population",data.Quebec,data.Apparent opioid toxicity deaths,24,3.2
2016,data.Number,data.Quebec,data.Apparent opioid toxicity deaths,24,263
2017,"data.Rate per 100,000 population",data.Quebec,data.Apparent opioid toxicity deaths,24,3.4
2017,data.Number,data.Quebec,data.Apparent opioid toxicity deaths,24,280
2018,"data.Rate per 100,000 population",data.Quebec,data.Apparent opioid toxicity deaths,24,2.5
2018,data.Number,data.Quebec,data.Apparent opioid toxicity deaths,24,211
2019,"data.Rate per 100,000 population",data.Quebec,data.Apparent opioid toxicity deaths,24,2.4
2019,data.Number,data.Quebec,data.Apparent opioid toxicity deaths,24,208
2020,"data.Rate per 100,000 population",data.Quebec,data.Apparent opioid toxicity deaths,24,3.7
2020,data.Number,data.Quebec,data.Apparent opioid toxicity deaths,24,316
2021,"data.Rate per 100,000 population",data.Quebec,data.Apparent opioid toxicity deaths,24,5.2
2021,data.Number,data.Quebec,data.Apparent opioid toxicity deaths,24,450
2016,"data.Rate per 100,000 population",data.New Brunswick,data.Apparent opioid toxicity deaths,13,4.5
2016,data.Number,data.New Brunswick,data.Apparent opioid toxicity deaths,13,34
2017,"data.Rate per 100,000 population",data.New Brunswick,data.Apparent opioid toxicity deaths,13,5
2017,data.Number,data.New Brunswick,data.Apparent opioid toxicity deaths,13,38
2018,"data.Rate per 100,000 population",data.New Brunswick,data.Apparent opioid toxicity deaths,13,3.9
2018,data.Number,data.New Brunswick,data.Apparent opioid toxicity deaths,13,30
2019,"data.Rate per 100,000 population",data.New Brunswick,data.Apparent opioid toxicity deaths,13,4.5
2019,data.Number,data.New Brunswick,data.Apparent opioid toxicity deaths,13,35
2020,"data.Rate per 100,000 population",data.New Brunswick,data.Apparent opioid toxicity deaths,13,5.7
2020,data.Number,data.New Brunswick,data.Apparent opioid toxicity deaths,13,45
2021,"data.Rate per 100,000 population",data.New Brunswick,data.Apparent opioid toxicity deaths,13,5.6
2021,data.Number,data.New Brunswick,data.Apparent opioid toxicity deaths,13,44
2016,"data.Rate per 100,000 population",data.Nova Scotia,data.Apparent opioid toxicity deaths,12,5.6
2016,data.Number,data.Nova Scotia,data.Apparent opioid toxicity deaths,12,53
2017,"data.Rate per 100,000 population",data.Nova Scotia,data.Apparent opioid toxicity deaths,12,6.7
2017,data.Number,data.Nova Scotia,data.Apparent opioid toxicity deaths,12,64
2018,"data.Rate per 100,000 population",data.Nova Scotia,data.Apparent opioid toxicity deaths,12,5.6
2018,data.Number,data.Nova Scotia,data.Apparent opioid toxicity deaths,12,54
2019,"data.Rate per 100,000 population",data.Nova Scotia,data.Apparent opioid toxicity deaths,12,5.9
2019,data.Number,data.Nova Scotia,data.Apparent opioid toxicity deaths,12,57
2020,"data.Rate per 100,000 population",data.Nova Scotia,data.Apparent opioid toxicity deaths,12,5.1
2020,data.Number,data.Nova Scotia,data.Apparent opioid toxicity deaths,12,50
2021,"data.Rate per 100,000 population",data.Nova Scotia,data.Apparent opioid toxicity deaths,12,3.9
2021,data.Number,data.Nova Scotia,data.Apparent opioid toxicity deaths,12,39
2016,"data.Rate per 100,000 population",data.Prince Edward Island,data.Apparent opioid toxicity deaths,11,3.4
2016,data.Number,data.Prince Edward Island,data.Apparent opioid toxicity deaths,11,5
2017,"data.Rate per 100,000 population",data.Prince Edward Island,data.Apparent opioid toxicity deaths,11,3.3
2017,data.Number,data.Prince Edward Island,data.Apparent opioid toxicity deaths,11,5
2018,"data.Rate per 100,000 population",data.Prince Edward Island,data.Apparent opioid toxicity deaths,11,5.2
2018,data.Number,data.Prince Edward Island,data.Apparent opioid toxicity deaths,11,8
2019,"data.Rate per 100,000 population",data.Prince Edward Island,data.Apparent opioid toxicity deaths,11,3.2
2019,data.Number,data.Prince Edward Island,data.Apparent opioid toxicity deaths,11,5
2020,"data.Rate per 100,000 population",data.Prince Edward Island,data.Apparent opioid toxicity deaths,11,5
2020,data.Number,data.Prince Edward Island,data.Apparent opioid toxicity deaths,11,8
2021,"data.Rate per 100,000 population",data.Prince Edward Island,data.Apparent opioid toxicity deaths,11,7.3
2021,data.Number,data.Prince Edward Island,data.Apparent opioid toxicity deaths,11,12
2016,"data.Rate per 100,000 population",data.Newfoundland and Labrador,data.Apparent opioid toxicity deaths,10,3.4
2016,data.Number,data.Newfoundland and Labrador,data.Apparent opioid toxicity deaths,10,18
2017,"data.Rate per 100,000 population",data.Newfoundland and Labrador,data.Apparent opioid toxicity deaths,10,6.2
2017,data.Number,data.Newfoundland and Labrador,data.Apparent opioid toxicity deaths,10,33
2018,"data.Rate per 100,000 population",data.Newfoundland and Labrador,data.Apparent opioid toxicity deaths,10,2.3
2018,data.Number,data.Newfoundland and Labrador,data.Apparent opioid toxicity deaths,10,12
2019,"data.Rate per 100,000 population",data.Newfoundland and Labrador,data.Apparent opioid toxicity deaths,10,3.4
2019,data.Number,data.Newfoundland and Labrador,data.Apparent opioid toxicity deaths,10,18
2020,"data.Rate per 100,000 population",data.Newfoundland and Labrador,data.Apparent opioid toxicity deaths,10,4.6
2020,data.Number,data.Newfoundland and Labrador,data.Apparent opioid toxicity deaths,10,24
2021,"data.Rate per 100,000 population",data.Newfoundland and Labrador,data.Apparent opioid toxicity deaths,10,4.8
2021,data.Number,data.Newfoundland and Labrador,data.Apparent opioid toxicity deaths,10,25
2016,"data.Rate per 100,000 population",data.Yukon,data.Apparent opioid toxicity deaths,60,18.2
2016,data.Number,data.Yukon,data.Apparent opioid toxicity deaths,60,7
2017,"data.Rate per 100,000 population",data.Yukon,data.Apparent opioid toxicity deaths,60,17.7
2017,data.Number,data.Yukon,data.Apparent opioid toxicity deaths,60,7
2018,"data.Rate per 100,000 population",data.Yukon,data.Apparent opioid toxicity deaths,60,12.3
2018,data.Number,data.Yukon,data.Apparent opioid toxicity deaths,60,5
2019,"data.Rate per 100,000 population",data.Yukon,data.Apparent opioid toxicity deaths,60,9.7
2019,data.Number,data.Yukon,data.Apparent opioid toxicity deaths,60,4
2020,"data.Rate per 100,000 population",data.Yukon,data.Apparent opioid toxicity deaths,60,23.7
2020,data.Number,data.Yukon,data.Apparent opioid toxicity deaths,60,10
2021,"data.Rate per 100,000 population",data.Yukon,data.Apparent opioid toxicity deaths,60,53.2
2021,data.Number,data.Yukon,data.Apparent opioid toxicity deaths,60,23
2016,"data.Rate per 100,000 population",data.Northwest Territories,data.Apparent opioid toxicity deaths,61,11.2
2016,data.Number,data.Northwest Territories,data.Apparent opioid toxicity deaths,61,5
2017,"data.Rate per 100,000 population",data.Northwest Territories,data.Apparent opioid toxicity deaths,61,2.2
2017,data.Number,data.Northwest Territories,data.Apparent opioid toxicity deaths,61,1
2018,"data.Rate per 100,000 population",data.Northwest Territories,data.Apparent opioid toxicity deaths,61,4.4
2018,data.Number,data.Northwest Territories,data.Apparent opioid toxicity deaths,61,2
2019,"data.Rate per 100,000 population",data.Northwest Territories,data.Apparent opioid toxicity deaths,61,2.2
2019,data.Number,data.Northwest Territories,data.Apparent opioid toxicity deaths,61,1
2020,"data.Rate per 100,000 population",data.Northwest Territories,data.Apparent opioid toxicity deaths,61,6.6
2020,data.Number,data.Northwest Territories,data.Apparent opioid toxicity deaths,61,3
2021,"data.Rate per 100,000 population",data.Northwest Territories,data.Apparent opioid toxicity deaths,61,8.8
2021,data.Number,data.Northwest Territories,data.Apparent opioid toxicity deaths,61,4
2016,"data.Rate per 100,000 population",data.Nunavut,data.Apparent opioid toxicity deaths,62,Suppr.
2016,data.Number,data.Nunavut,data.Apparent opioid toxicity deaths,62,Suppr.
2017,"data.Rate per 100,000 population",data.Nunavut,data.Apparent opioid toxicity deaths,62,Suppr.
2017,data.Number,data.Nunavut,data.Apparent opioid toxicity deaths,62,Suppr.
2018,"data.Rate per 100,000 population",data.Nunavut,data.Apparent opioid toxicity deaths,62,Suppr.
2018,data.Number,data.Nunavut,data.Apparent opioid toxicity deaths,62,Suppr.
2019,"data.Rate per 100,000 population",data.Nunavut,data.Apparent opioid toxicity deaths,62,Suppr.
2019,data.Number,data.Nunavut,data.Apparent opioid toxicity deaths,62,Suppr.
2020,"data.Rate per 100,000 population",data.Nunavut,data.Apparent opioid toxicity deaths,62,Suppr.
2020,data.Number,data.Nunavut,data.Apparent opioid toxicity deaths,62,Suppr.
2021,"data.Rate per 100,000 population",data.Nunavut,data.Apparent opioid toxicity deaths,62,Suppr.
2021,data.Number,data.Nunavut,data.Apparent opioid toxicity deaths,62,Suppr.
2016,"data.Rate per 100,000 population",data.Canada,data.Opioid-related poisoning hospitalizations,,16.8
2016,data.Number,data.Canada,data.Opioid-related poisoning hospitalizations,,4687
2017,"data.Rate per 100,000 population",data.Canada,data.Opioid-related poisoning hospitalizations,,18.4
2017,data.Number,data.Canada,data.Opioid-related poisoning hospitalizations,,5203
2018,"data.Rate per 100,000 population",data.Canada,data.Opioid-related poisoning hospitalizations,,17.6
2018,data.Number,data.Canada,data.Opioid-related poisoning hospitalizations,,5052
2019,"data.Rate per 100,000 population",data.Canada,data.Opioid-related poisoning hospitalizations,,15.5
2019,data.Number,data.Canada,data.Opioid-related poisoning hospitalizations,,4514
2020,"data.Rate per 100,000 population",data.Canada,data.Opioid-related poisoning hospitalizations,,17.8
2020,data.Number,data.Canada,data.Opioid-related poisoning hospitalizations,,5240
2021,"data.Rate per 100,000 population",data.Canada,data.Opioid-related poisoning hospitalizations,,21.2
2021,data.Number,data.Canada,data.Opioid-related poisoning hospitalizations,,6273
2016,"data.Rate per 100,000 population",data.British Columbia,data.Opioid-related poisoning hospitalizations,59,23.8
2016,data.Number,data.British Columbia,data.Opioid-related poisoning hospitalizations,59,1156
2017,"data.Rate per 100,000 population",data.British Columbia,data.Opioid-related poisoning hospitalizations,59,28.5
2017,data.Number,data.British Columbia,data.Opioid-related poisoning hospitalizations,59,1407
2018,"data.Rate per 100,000 population",data.British Columbia,data.Opioid-related poisoning hospitalizations,59,28.3
2018,data.Number,data.British Columbia,data.Opioid-related poisoning hospitalizations,59,1418
2019,"data.Rate per 100,000 population",data.British Columbia,data.Opioid-related poisoning hospitalizations,59,23.5
2019,data.Number,data.British Columbia,data.Opioid-related poisoning hospitalizations,59,1196
2020,"data.Rate per 100,000 population",data.British Columbia,data.Opioid-related poisoning hospitalizations,59,30.7
2020,data.Number,data.British Columbia,data.Opioid-related poisoning hospitalizations,59,1586
2021,"data.Rate per 100,000 population",data.British Columbia,data.Opioid-related poisoning hospitalizations,59,37.6
2021,data.Number,data.British Columbia,data.Opioid-related poisoning hospitalizations,59,1955
2016,"data.Rate per 100,000 population",data.Alberta,data.Opioid-related poisoning hospitalizations,48,22.2
2016,data.Number,data.Alberta,data.Opioid-related poisoning hospitalizations,48,930
2017,"data.Rate per 100,000 population",data.Alberta,data.Opioid-related poisoning hospitalizations,48,22.3
2017,data.Number,data.Alberta,data.Opioid-related poisoning hospitalizations,48,947
2018,"data.Rate per 100,000 population",data.Alberta,data.Opioid-related poisoning hospitalizations,48,21.5
2018,data.Number,data.Alberta,data.Opioid-related poisoning hospitalizations,48,922
2019,"data.Rate per 100,000 population",data.Alberta,data.Opioid-related poisoning hospitalizations,48,16.3
2019,data.Number,data.Alberta,data.Opioid-related poisoning hospitalizations,48,709
2020,"data.Rate per 100,000 population",data.Alberta,data.Opioid-related poisoning hospitalizations,48,20.1
2020,data.Number,data.Alberta,data.Opioid-related poisoning hospitalizations,48,890
2021,"data.Rate per 100,000 population",data.Alberta,data.Opioid-related poisoning hospitalizations,48,25.7
2021,data.Number,data.Alberta,data.Opioid-related poisoning hospitalizations,48,1144
2016,"data.Rate per 100,000 population",data.Saskatchewan,data.Opioid-related poisoning hospitalizations,47,23.2
2016,data.Number,data.Saskatchewan,data.Opioid-related poisoning hospitalizations,47,264
2017,"data.Rate per 100,000 population",data.Saskatchewan,data.Opioid-related poisoning hospitalizations,47,21.2
2017,data.Number,data.Saskatchewan,data.Opioid-related poisoning hospitalizations,47,244
2018,"data.Rate per 100,000 population",data.Saskatchewan,data.Opioid-related poisoning hospitalizations,47,19.7
2018,data.Number,data.Saskatchewan,data.Opioid-related poisoning hospitalizations,47,229
2019,"data.Rate per 100,000 population",data.Saskatchewan,data.Opioid-related poisoning hospitalizations,47,22.5
2019,data.Number,data.Saskatchewan,data.Opioid-related poisoning hospitalizations,47,264
2020,"data.Rate per 100,000 population",data.Saskatchewan,data.Opioid-related poisoning hospitalizations,47,26.7
2020,data.Number,data.Saskatchewan,data.Opioid-related poisoning hospitalizations,47,315
2021,"data.Rate per 100,000 population",data.Saskatchewan,data.Opioid-related poisoning hospitalizations,47,27.2
2021,data.Number,data.Saskatchewan,data.Opioid-related poisoning hospitalizations,47,321
2016,"data.Rate per 100,000 population",data.Manitoba,data.Opioid-related poisoning hospitalizations,46,9.4
2016,data.Number,data.Manitoba,data.Opioid-related poisoning hospitalizations,46,123
2017,"data.Rate per 100,000 population",data.Manitoba,data.Opioid-related poisoning hospitalizations,46,12.1
2017,data.Number,data.Manitoba,data.Opioid-related poisoning hospitalizations,46,161
2018,"data.Rate per 100,000 population",data.Manitoba,data.Opioid-related poisoning hospitalizations,46,8
2018,data.Number,data.Manitoba,data.Opioid-related poisoning hospitalizations,46,108
2019,"data.Rate per 100,000 population",data.Manitoba,data.Opioid-related poisoning hospitalizations,46,6.1
2019,data.Number,data.Manitoba,data.Opioid-related poisoning hospitalizations,46,84
2020,"data.Rate per 100,000 population",data.Manitoba,data.Opioid-related poisoning hospitalizations,46,9.1
2020,data.Number,data.Manitoba,data.Opioid-related poisoning hospitalizations,46,126
2021,"data.Rate per 100,000 population",data.Manitoba,data.Opioid-related poisoning hospitalizations,46,8.8
2021,data.Number,data.Manitoba,data.Opioid-related poisoning hospitalizations,46,122
2016,"data.Rate per 100,000 population",data.Ontario,data.Opioid-related poisoning hospitalizations,35,13.5
2016,data.Number,data.Ontario,data.Opioid-related poisoning hospitalizations,35,1875
2017,"data.Rate per 100,000 population",data.Ontario,data.Opioid-related poisoning hospitalizations,35,15.1
2017,data.Number,data.Ontario,data.Opioid-related poisoning hospitalizations,35,2124
2018,"data.Rate per 100,000 population",data.Ontario,data.Opioid-related poisoning hospitalizations,35,14.6
2018,data.Number,data.Ontario,data.Opioid-related poisoning hospitalizations,35,2095
2019,"data.Rate per 100,000 population",data.Ontario,data.Opioid-related poisoning hospitalizations,35,13.6
2019,data.Number,data.Ontario,data.Opioid-related poisoning hospitalizations,35,1981
2020,"data.Rate per 100,000 population",data.Ontario,data.Opioid-related poisoning hospitalizations,35,13.9
2020,data.Number,data.Ontario,data.Opioid-related poisoning hospitalizations,35,2044
2021,"data.Rate per 100,000 population",data.Ontario,data.Opioid-related poisoning hospitalizations,35,16.5
2021,data.Number,data.Ontario,data.Opioid-related poisoning hospitalizations,35,2446
2016,"data.Rate per 100,000 population",data.Quebec,data.Opioid-related poisoning hospitalizations,24,
2016,data.Number,data.Quebec,data.Opioid-related poisoning hospitalizations,24,
2017,"data.Rate per 100,000 population",data.Quebec,data.Opioid-related poisoning hospitalizations,24,
2017,data.Number,data.Quebec,data.Opioid-related poisoning hospitalizations,24,
2018,"data.Rate per 100,000 population",data.Quebec,data.Opioid-related poisoning hospitalizations,24,
2018,data.Number,data.Quebec,data.Opioid-related poisoning hospitalizations,24,
2019,"data.Rate per 100,000 population",data.Quebec,data.Opioid-related poisoning hospitalizations,24,
2019,data.Number,data.Quebec,data.Opioid-related poisoning hospitalizations,24,
2020,"data.Rate per 100,000 population",data.Quebec,data.Opioid-related poisoning hospitalizations,24,
2020,data.Number,data.Quebec,data.Opioid-related poisoning hospitalizations,24,
2021,"data.Rate per 100,000 population",data.Quebec,data.Opioid-related poisoning hospitalizations,24,
2021,data.Number,data.Quebec,data.Opioid-related poisoning hospitalizations,24,
2016,"data.Rate per 100,000 population",data.New Brunswick,data.Opioid-related poisoning hospitalizations,13,16.9
2016,data.Number,data.New Brunswick,data.Opioid-related poisoning hospitalizations,13,129
2017,"data.Rate per 100,000 population",data.New Brunswick,data.Opioid-related poisoning hospitalizations,13,13.2
2017,data.Number,data.New Brunswick,data.Opioid-related poisoning hospitalizations,13,101
2018,"data.Rate per 100,000 population",data.New Brunswick,data.Opioid-related poisoning hospitalizations,13,11.3
2018,data.Number,data.New Brunswick,data.Opioid-related poisoning hospitalizations,13,87
2019,"data.Rate per 100,000 population",data.New Brunswick,data.Opioid-related poisoning hospitalizations,13,13.4
2019,data.Number,data.New Brunswick,data.Opioid-related poisoning hospitalizations,13,104
2020,"data.Rate per 100,000 population",data.New Brunswick,data.Opioid-related poisoning hospitalizations,13,13.4
2020,data.Number,data.New Brunswick,data.Opioid-related poisoning hospitalizations,13,105
2021,"data.Rate per 100,000 population",data.New Brunswick,data.Opioid-related poisoning hospitalizations,13,12.4
2021,data.Number,data.New Brunswick,data.Opioid-related poisoning hospitalizations,13,98
2016,"data.Rate per 100,000 population",data.Nova Scotia,data.Opioid-related poisoning hospitalizations,12,10.7
2016,data.Number,data.Nova Scotia,data.Opioid-related poisoning hospitalizations,12,101
2017,"data.Rate per 100,000 population",data.Nova Scotia,data.Opioid-related poisoning hospitalizations,12,8.7
2017,data.Number,data.Nova Scotia,data.Opioid-related poisoning hospitalizations,12,83
2018,"data.Rate per 100,000 population",data.Nova Scotia,data.Opioid-related poisoning hospitalizations,12,8.3
2018,data.Number,data.Nova Scotia,data.Opioid-related poisoning hospitalizations,12,80
2019,"data.Rate per 100,000 population",data.Nova Scotia,data.Opioid-related poisoning hospitalizations,12,8.1
2019,data.Number,data.Nova Scotia,data.Opioid-related poisoning hospitalizations,12,79
2020,"data.Rate per 100,000 population",data.Nova Scotia,data.Opioid-related poisoning hospitalizations,12,7.3
2020,data.Number,data.Nova Scotia,data.Opioid-related poisoning hospitalizations,12,72
2021,"data.Rate per 100,000 population",data.Nova Scotia,data.Opioid-related poisoning hospitalizations,12,7.2
2021,data.Number,data.Nova Scotia,data.Opioid-related poisoning hospitalizations,12,71
2016,"data.Rate per 100,000 population",data.Prince Edward Island,data.Opioid-related poisoning hospitalizations,11,15
2016,data.Number,data.Prince Edward Island,data.Opioid-related poisoning hospitalizations,11,22
2017,"data.Rate per 100,000 population",data.Prince Edward Island,data.Opioid-related poisoning hospitalizations,11,10.6
2017,data.Number,data.Prince Edward Island,data.Opioid-related poisoning hospitalizations,11,16
2018,"data.Rate per 100,000 population",data.Prince Edward Island,data.Opioid-related poisoning hospitalizations,11,13
2018,data.Number,data.Prince Edward Island,data.Opioid-related poisoning hospitalizations,11,20
2019,"data.Rate per 100,000 population",data.Prince Edward Island,data.Opioid-related poisoning hospitalizations,11,15.2
2019,data.Number,data.Prince Edward Island,data.Opioid-related poisoning hospitalizations,11,24
2020,"data.Rate per 100,000 population",data.Prince Edward Island,data.Opioid-related poisoning hospitalizations,11,10.5
2020,data.Number,data.Prince Edward Island,data.Opioid-related poisoning hospitalizations,11,17
2021,"data.Rate per 100,000 population",data.Prince Edward Island,data.Opioid-related poisoning hospitalizations,11,10.3
2021,data.Number,data.Prince Edward Island,data.Opioid-related poisoning hospitalizations,11,17
2016,"data.Rate per 100,000 population",data.Newfoundland and Labrador,data.Opioid-related poisoning hospitalizations,10,10.6
2016,data.Number,data.Newfoundland and Labrador,data.Opioid-related poisoning hospitalizations,10,56
2017,"data.Rate per 100,000 population",data.Newfoundland and Labrador,data.Opioid-related poisoning hospitalizations,10,17
2017,data.Number,data.Newfoundland and Labrador,data.Opioid-related poisoning hospitalizations,10,90
2018,"data.Rate per 100,000 population",data.Newfoundland and Labrador,data.Opioid-related poisoning hospitalizations,10,12.7
2018,data.Number,data.Newfoundland and Labrador,data.Opioid-related poisoning hospitalizations,10,67
2019,"data.Rate per 100,000 population",data.Newfoundland and Labrador,data.Opioid-related poisoning hospitalizations,10,9.9
2019,data.Number,data.Newfoundland and Labrador,data.Opioid-related poisoning hospitalizations,10,52
2020,"data.Rate per 100,000 population",data.Newfoundland and Labrador,data.Opioid-related poisoning hospitalizations,10,12.3
2020,data.Number,data.Newfoundland and Labrador,data.Opioid-related poisoning hospitalizations,10,64
2021,"data.Rate per 100,000 population",data.Newfoundland and Labrador,data.Opioid-related poisoning hospitalizations,10,13.1
2021,data.Number,data.Newfoundland and Labrador,data.Opioid-related poisoning hospitalizations,10,68
2016,"data.Rate per 100,000 population",data.Territories,data.Opioid-related poisoning hospitalizations,,25.8
2016,data.Number,data.Territories,data.Opioid-related poisoning hospitalizations,,31
2017,"data.Rate per 100,000 population",data.Territories,data.Opioid-related poisoning hospitalizations,,24.6
2017,data.Number,data.Territories,data.Opioid-related poisoning hospitalizations,,30
2018,"data.Rate per 100,000 population",data.Territories,data.Opioid-related poisoning hospitalizations,,21
2018,data.Number,data.Territories,data.Opioid-related poisoning hospitalizations,,26
2019,"data.Rate per 100,000 population",data.Territories,data.Opioid-related poisoning hospitalizations,,16.8
2019,data.Number,data.Territories,data.Opioid-related poisoning hospitalizations,,21
2020,"data.Rate per 100,000 population",data.Territories,data.Opioid-related poisoning hospitalizations,,16.6
2020,data.Number,data.Territories,data.Opioid-related poisoning hospitalizations,,21
2021,"data.Rate per 100,000 population",data.Territories,data.Opioid-related poisoning hospitalizations,,24.1
2021,data.Number,data.Territories,data.Opioid-related poisoning hospitalizations,,31
2017,data.Number,data.British Columbia,data.EMS responses to suspected opioid-related overdoses,59,12961
2018,data.Number,data.British Columbia,data.EMS responses to suspected opioid-related overdoses,59,13365
2019,data.Number,data.British Columbia,data.EMS responses to suspected opioid-related overdoses,59,13486
2020,data.Number,data.British Columbia,data.EMS responses to suspected opioid-related overdoses,59,17011
2021,data.Number,data.British Columbia,data.EMS responses to suspected opioid-related overdoses,59,24158
2017,data.Number,data.Alberta,data.EMS responses to suspected opioid-related overdoses,48,2643
2018,data.Number,data.Alberta,data.EMS responses to suspected opioid-related overdoses,48,4206
2019,data.Number,data.Alberta,data.EMS responses to suspected opioid-related overdoses,48,3536
2020,data.Number,data.Alberta,data.EMS responses to suspected opioid-related overdoses,48,5188
2021,data.Number,data.Alberta,data.EMS responses to suspected opioid-related overdoses,48,8215
2018,data.Number,data.Saskatchewan,data.EMS responses to suspected opioid-related overdoses,47,196
2019,data.Number,data.Saskatchewan,data.EMS responses to suspected opioid-related overdoses,47,321
2020,data.Number,data.Saskatchewan,data.EMS responses to suspected opioid-related overdoses,47,640
2021,data.Number,data.Saskatchewan,data.EMS responses to suspected opioid-related overdoses,47,1015
2017,data.Number,data.Winnipeg Manitoba,data.EMS responses to suspected opioid-related overdoses,,1520
2018,data.Number,data.Winnipeg Manitoba,data.EMS responses to suspected opioid-related overdoses,,1095
2019,data.Number,data.Winnipeg Manitoba,data.EMS responses to suspected opioid-related overdoses,,1403
2020,data.Number,data.Winnipeg Manitoba,data.EMS responses to suspected opioid-related overdoses,,2684
2021,data.Number,data.Winnipeg Manitoba,data.EMS responses to suspected opioid-related overdoses,,2732
2017,data.Number,data.Northern and Rural Manitoba,data.EMS responses to suspected opioid-related overdoses,,32
2018,data.Number,data.Northern and Rural Manitoba,data.EMS responses to suspected opioid-related overdoses,,21
2019,data.Number,data.Northern and Rural Manitoba,data.EMS responses to suspected opioid-related overdoses,,21
2020,data.Number,data.Northern and Rural Manitoba,data.EMS responses to suspected opioid-related overdoses,,53
2021,data.Number,data.Northern and Rural Manitoba,data.EMS responses to suspected opioid-related overdoses,,63
2018,data.Number,data.Ontario,data.EMS responses to suspected opioid-related overdoses,35,1804
2019,data.Number,data.Ontario,data.EMS responses to suspected opioid-related overdoses,35,2629
2020,data.Number,data.Ontario,data.EMS responses to suspected opioid-related overdoses,35,3809
2021,data.Number,data.Ontario,data.EMS responses to suspected opioid-related overdoses,35,5008
2017,data.Number,data.New Brunswick,data.EMS responses to suspected opioid-related overdoses,13,152
2018,data.Number,data.New Brunswick,data.EMS responses to suspected opioid-related overdoses,13,110
2019,data.Number,data.New Brunswick,data.EMS responses to suspected opioid-related overdoses,13,127
2020,data.Number,data.New Brunswick,data.EMS responses to suspected opioid-related overdoses,13,125
2021,data.Number,data.New Brunswick,data.EMS responses to suspected opioid-related overdoses,13,175
2018,data.Number,data.Nova Scotia,data.EMS responses to suspected opioid-related overdoses,12,111
2019,data.Number,data.Nova Scotia,data.EMS responses to suspected opioid-related overdoses,12,188
2020,data.Number,data.Nova Scotia,data.EMS responses to suspected opioid-related overdoses,12,182
2021,data.Number,data.Nova Scotia,data.EMS responses to suspected opioid-related overdoses,12,220
2017,data.Number,data.Newfoundland and Labrador,data.EMS responses to suspected opioid-related overdoses,10,46
2018,data.Number,data.Newfoundland and Labrador,data.EMS responses to suspected opioid-related overdoses,10,Suppr.
2017,data.Number,data.Whitehorse Yukon,data.EMS responses to suspected opioid-related overdoses,,59
2018,data.Number,data.Whitehorse Yukon,data.EMS responses to suspected opioid-related overdoses,,78
2019,data.Number,data.Whitehorse Yukon,data.EMS responses to suspected opioid-related overdoses,,48
2020,data.Number,data.Whitehorse Yukon,data.EMS responses to suspected opioid-related overdoses,,104
2021,data.Number,data.Whitehorse Yukon,data.EMS responses to suspected opioid-related overdoses,,133
2017,data.Number,data.Yellowknife Northwest Territories,data.EMS responses to suspected opioid-related overdoses,,Suppr.
2018,data.Number,data.Yellowknife Northwest Territories,data.EMS responses to suspected opioid-related overdoses,,Suppr.
2019,data.Number,data.Yellowknife Northwest Territories,data.EMS responses to suspected opioid-related overdoses,,Suppr.
2020,data.Number,data.Yellowknife Northwest Territories,data.EMS responses to suspected opioid-related overdoses,,6
2021,data.Number,data.Yellowknife Northwest Territories,data.EMS responses to suspected opioid-related overdoses,,Suppr.
2018,"data.Rate per 100,000 population",data.British Columbia,data.Apparent stimulant toxicity deaths,59,21.2
2018,data.Number,data.British Columbia,data.Apparent stimulant toxicity deaths,59,1063
2019,"data.Rate per 100,000 population",data.British Columbia,data.Apparent stimulant toxicity deaths,59,9.5
2019,data.Number,data.British Columbia,data.Apparent stimulant toxicity deaths,59,482
2020,"data.Rate per 100,000 population",data.British Columbia,data.Apparent stimulant toxicity deaths,59,15.9
2020,data.Number,data.British Columbia,data.Apparent stimulant toxicity deaths,59,822
2021,"data.Rate per 100,000 population",data.British Columbia,data.Apparent stimulant toxicity deaths,59,10.9
2021,data.Number,data.British Columbia,data.Apparent stimulant toxicity deaths,59,565
2018,"data.Rate per 100,000 population",data.Saskatchewan,data.Apparent stimulant toxicity deaths,47,7.2
2018,data.Number,data.Saskatchewan,data.Apparent stimulant toxicity deaths,47,84
2019,"data.Rate per 100,000 population",data.Saskatchewan,data.Apparent stimulant toxicity deaths,47,8.1
2019,data.Number,data.Saskatchewan,data.Apparent stimulant toxicity deaths,47,95
2020,"data.Rate per 100,000 population",data.Saskatchewan,data.Apparent stimulant toxicity deaths,47,15.6
2020,data.Number,data.Saskatchewan,data.Apparent stimulant toxicity deaths,47,184
2021,"data.Rate per 100,000 population",data.Saskatchewan,data.Apparent stimulant toxicity deaths,47,22.7
2021,data.Number,data.Saskatchewan,data.Apparent stimulant toxicity deaths,47,268
2018,"data.Rate per 100,000 population",data.Manitoba,data.Apparent stimulant toxicity deaths,46,
2018,data.Number,data.Manitoba,data.Apparent stimulant toxicity deaths,46,
2019,"data.Rate per 100,000 population",data.Manitoba,data.Apparent stimulant toxicity deaths,46,5.9
2019,data.Number,data.Manitoba,data.Apparent stimulant toxicity deaths,46,81
2020,"data.Rate per 100,000 population",data.Manitoba,data.Apparent stimulant toxicity deaths,46,18
2020,data.Number,data.Manitoba,data.Apparent stimulant toxicity deaths,46,249
2021,"data.Rate per 100,000 population",data.Manitoba,data.Apparent stimulant toxicity deaths,46,19.4
2021,data.Number,data.Manitoba,data.Apparent stimulant toxicity deaths,46,270
2018,"data.Rate per 100,000 population",data.Ontario,data.Apparent stimulant toxicity deaths,35,6.4
2018,data.Number,data.Ontario,data.Apparent stimulant toxicity deaths,35,916
2019,"data.Rate per 100,000 population",data.Ontario,data.Apparent stimulant toxicity deaths,35,7
2019,data.Number,data.Ontario,data.Apparent stimulant toxicity deaths,35,1025
2020,"data.Rate per 100,000 population",data.Ontario,data.Apparent stimulant toxicity deaths,35,11.7
2020,data.Number,data.Ontario,data.Apparent stimulant toxicity deaths,35,1722
2021,"data.Rate per 100,000 population",data.Ontario,data.Apparent stimulant toxicity deaths,35,14
2021,data.Number,data.Ontario,data.Apparent stimulant toxicity deaths,35,2067
2018,"data.Rate per 100,000 population",data.Quebec,data.Apparent stimulant toxicity deaths,24,1.9
2018,data.Number,data.Quebec,data.Apparent stimulant toxicity deaths,24,163
2019,"data.Rate per 100,000 population",data.Quebec,data.Apparent stimulant toxicity deaths,24,1.6
2019,data.Number,data.Quebec,data.Apparent stimulant toxicity deaths,24,139
2020,"data.Rate per 100,000 population",data.Quebec,data.Apparent stimulant toxicity deaths,24,2.2
2020,data.Number,data.Quebec,data.Apparent stimulant toxicity deaths,24,192
2021,"data.Rate per 100,000 population",data.Quebec,data.Apparent stimulant toxicity deaths,24,
2021,data.Number,data.Quebec,data.Apparent stimulant toxicity deaths,24,
2018,"data.Rate per 100,000 population",data.Nova Scotia,data.Apparent stimulant toxicity deaths,12,2.6
2018,data.Number,data.Nova Scotia,data.Apparent stimulant toxicity deaths,12,25
2019,"data.Rate per 100,000 population",data.Nova Scotia,data.Apparent stimulant toxicity deaths,12,3
2019,data.Number,data.Nova Scotia,data.Apparent stimulant toxicity deaths,12,29
2020,"data.Rate per 100,000 population",data.Nova Scotia,data.Apparent stimulant toxicity deaths,12,3.6
2020,data.Number,data.Nova Scotia,data.Apparent stimulant toxicity deaths,12,35
2021,"data.Rate per 100,000 population",data.Nova Scotia,data.Apparent stimulant toxicity deaths,12,3.4
2021,data.Number,data.Nova Scotia,data.Apparent stimulant toxicity deaths,12,34
2018,"data.Rate per 100,000 population",data.Newfoundland and Labrador,data.Apparent stimulant toxicity deaths,10,
2018,data.Number,data.Newfoundland and Labrador,data.Apparent stimulant toxicity deaths,10,
2019,"data.Rate per 100,000 population",data.Newfoundland and Labrador,data.Apparent stimulant toxicity deaths,10,
2019,data.Number,data.Newfoundland and Labrador,data.Apparent stimulant toxicity deaths,10,
2020,"data.Rate per 100,000 population",data.Newfoundland and Labrador,data.Apparent stimulant toxicity deaths,10,1.9
2020,data.Number,data.Newfoundland and Labrador,data.Apparent stimulant toxicity deaths,10,10
2021,"data.Rate per 100,000 population",data.Newfoundland and Labrador,data.Apparent stimulant toxicity deaths,10,3.1
2021,data.Number,data.Newfoundland and Labrador,data.Apparent stimulant toxicity deaths,10,16
2018,"data.Rate per 100,000 population",data.Yukon,data.Apparent stimulant toxicity deaths,60,
2018,data.Number,data.Yukon,data.Apparent stimulant toxicity deaths,60,
2019,"data.Rate per 100,000 population",data.Yukon,data.Apparent stimulant toxicity deaths,60,
2019,data.Number,data.Yukon,data.Apparent stimulant toxicity deaths,60,
2020,"data.Rate per 100,000 population",data.Yukon,data.Apparent stimulant toxicity deaths,60,
2020,data.Number,data.Yukon,data.Apparent stimulant toxicity deaths,60,
2021,"data.Rate per 100,000 population",data.Yukon,data.Apparent stimulant toxicity deaths,60,13.9
2021,data.Number,data.Yukon,data.Apparent stimulant toxicity deaths,60,6
2018,"data.Rate per 100,000 population",data.Northwest Territories,data.Apparent stimulant toxicity deaths,61,
2018,data.Number,data.Northwest Territories,data.Apparent stimulant toxicity deaths,61,
2019,"data.Rate per 100,000 population",data.Northwest Territories,data.Apparent stimulant toxicity deaths,61,
2019,data.Number,data.Northwest Territories,data.Apparent stimulant toxicity deaths,61,
2020,"data.Rate per 100,000 population",data.Northwest Territories,data.Apparent stimulant toxicity deaths,61,6.6
2020,data.Number,data.Northwest Territories,data.Apparent stimulant toxicity deaths,61,3
2021,"data.Rate per 100,000 population",data.Northwest Territories,data.Apparent stimulant toxicity deaths,61,6.6
2021,data.Number,data.Northwest Territories,data.Apparent stimulant toxicity deaths,61,3
2016,"data.Rate per 100,000 population",data.Canada,data.Stimulant-related poisoning hospitalizations,,6.8
2016,data.Number,data.Canada,data.Stimulant-related poisoning hospitalizations,,1885
2017,"data.Rate per 100,000 population",data.Canada,data.Stimulant-related poisoning hospitalizations,,7.9
2017,data.Number,data.Canada,data.Stimulant-related poisoning hospitalizations,,2235
2018,"data.Rate per 100,000 population",data.Canada,data.Stimulant-related poisoning hospitalizations,,8.3
2018,data.Number,data.Canada,data.Stimulant-related poisoning hospitalizations,,2373
2019,"data.Rate per 100,000 population",data.Canada,data.Stimulant-related poisoning hospitalizations,,7.5
2019,data.Number,data.Canada,data.Stimulant-related poisoning hospitalizations,,2179
2020,"data.Rate per 100,000 population",data.Canada,data.Stimulant-related poisoning hospitalizations,,8.5
2020,data.Number,data.Canada,data.Stimulant-related poisoning hospitalizations,,2516
2021,"data.Rate per 100,000 population",data.Canada,data.Stimulant-related poisoning hospitalizations,,8.2
2021,data.Number,data.Canada,data.Stimulant-related poisoning hospitalizations,,2422
2016,"data.Rate per 100,000 population",data.British Columbia,data.Stimulant-related poisoning hospitalizations,59,9.9
2016,data.Number,data.British Columbia,data.Stimulant-related poisoning hospitalizations,59,480
2017,"data.Rate per 100,000 population",data.British Columbia,data.Stimulant-related poisoning hospitalizations,59,11.8
2017,data.Number,data.British Columbia,data.Stimulant-related poisoning hospitalizations,59,583
2018,"data.Rate per 100,000 population",data.British Columbia,data.Stimulant-related poisoning hospitalizations,59,10.9
2018,data.Number,data.British Columbia,data.Stimulant-related poisoning hospitalizations,59,548
2019,"data.Rate per 100,000 population",data.British Columbia,data.Stimulant-related poisoning hospitalizations,59,10.3
2019,data.Number,data.British Columbia,data.Stimulant-related poisoning hospitalizations,59,524
2020,"data.Rate per 100,000 population",data.British Columbia,data.Stimulant-related poisoning hospitalizations,59,11.7
2020,data.Number,data.British Columbia,data.Stimulant-related poisoning hospitalizations,59,606
2021,"data.Rate per 100,000 population",data.British Columbia,data.Stimulant-related poisoning hospitalizations,59,12.7
2021,data.Number,data.British Columbia,data.Stimulant-related poisoning hospitalizations,59,663
2016,"data.Rate per 100,000 population",data.Alberta,data.Stimulant-related poisoning hospitalizations,48,8.8
2016,data.Number,data.Alberta,data.Stimulant-related poisoning hospitalizations,48,370
2017,"data.Rate per 100,000 population",data.Alberta,data.Stimulant-related poisoning hospitalizations,48,9.5
2017,data.Number,data.Alberta,data.Stimulant-related poisoning hospitalizations,48,401
2018,"data.Rate per 100,000 population",data.Alberta,data.Stimulant-related poisoning hospitalizations,48,9.3
2018,data.Number,data.Alberta,data.Stimulant-related poisoning hospitalizations,48,399
2019,"data.Rate per 100,000 population",data.Alberta,data.Stimulant-related poisoning hospitalizations,48,7.4
2019,data.Number,data.Alberta,data.Stimulant-related poisoning hospitalizations,48,321
2020,"data.Rate per 100,000 population",data.Alberta,data.Stimulant-related poisoning hospitalizations,48,9.6
2020,data.Number,data.Alberta,data.Stimulant-related poisoning hospitalizations,48,425
2021,"data.Rate per 100,000 population",data.Alberta,data.Stimulant-related poisoning hospitalizations,48,9
2021,data.Number,data.Alberta,data.Stimulant-related poisoning hospitalizations,48,402
2016,"data.Rate per 100,000 population",data.Saskatchewan,data.Stimulant-related poisoning hospitalizations,47,10.6
2016,data.Number,data.Saskatchewan,data.Stimulant-related poisoning hospitalizations,47,120
2017,"data.Rate per 100,000 population",data.Saskatchewan,data.Stimulant-related poisoning hospitalizations,47,9.4
2017,data.Number,data.Saskatchewan,data.Stimulant-related poisoning hospitalizations,47,108
2018,"data.Rate per 100,000 population",data.Saskatchewan,data.Stimulant-related poisoning hospitalizations,47,10.8
2018,data.Number,data.Saskatchewan,data.Stimulant-related poisoning hospitalizations,47,126
2019,"data.Rate per 100,000 population",data.Saskatchewan,data.Stimulant-related poisoning hospitalizations,47,13.6
2019,data.Number,data.Saskatchewan,data.Stimulant-related poisoning hospitalizations,47,159
2020,"data.Rate per 100,000 population",data.Saskatchewan,data.Stimulant-related poisoning hospitalizations,47,12.1
2020,data.Number,data.Saskatchewan,data.Stimulant-related poisoning hospitalizations,47,143
2021,"data.Rate per 100,000 population",data.Saskatchewan,data.Stimulant-related poisoning hospitalizations,47,13.7
2021,data.Number,data.Saskatchewan,data.Stimulant-related poisoning hospitalizations,47,162
2016,"data.Rate per 100,000 population",data.Manitoba,data.Stimulant-related poisoning hospitalizations,46,5
2016,data.Number,data.Manitoba,data.Stimulant-related poisoning hospitalizations,46,66
2017,"data.Rate per 100,000 population",data.Manitoba,data.Stimulant-related poisoning hospitalizations,46,6.1
2017,data.Number,data.Manitoba,data.Stimulant-related poisoning hospitalizations,46,82
2018,"data.Rate per 100,000 population",data.Manitoba,data.Stimulant-related poisoning hospitalizations,46,4.7
2018,data.Number,data.Manitoba,data.Stimulant-related poisoning hospitalizations,46,64
2019,"data.Rate per 100,000 population",data.Manitoba,data.Stimulant-related poisoning hospitalizations,46,4.2
2019,data.Number,data.Manitoba,data.Stimulant-related poisoning hospitalizations,46,58
2020,"data.Rate per 100,000 population",data.Manitoba,data.Stimulant-related poisoning hospitalizations,46,4.1
2020,data.Number,data.Manitoba,data.Stimulant-related poisoning hospitalizations,46,56
2021,"data.Rate per 100,000 population",data.Manitoba,data.Stimulant-related poisoning hospitalizations,46,3.9
2021,data.Number,data.Manitoba,data.Stimulant-related poisoning hospitalizations,46,54
2016,"data.Rate per 100,000 population",data.Ontario,data.Stimulant-related poisoning hospitalizations,35,5.2
2016,data.Number,data.Ontario,data.Stimulant-related poisoning hospitalizations,35,722
2017,"data.Rate per 100,000 population",data.Ontario,data.Stimulant-related poisoning hospitalizations,35,6.5
2017,data.Number,data.Ontario,data.Stimulant-related poisoning hospitalizations,35,916
2018,"data.Rate per 100,000 population",data.Ontario,data.Stimulant-related poisoning hospitalizations,35,7.7
2018,data.Number,data.Ontario,data.Stimulant-related poisoning hospitalizations,35,1107
2019,"data.Rate per 100,000 population",data.Ontario,data.Stimulant-related poisoning hospitalizations,35,6.7
2019,data.Number,data.Ontario,data.Stimulant-related poisoning hospitalizations,35,975
2020,"data.Rate per 100,000 population",data.Ontario,data.Stimulant-related poisoning hospitalizations,35,7.5
2020,data.Number,data.Ontario,data.Stimulant-related poisoning hospitalizations,35,1111
2021,"data.Rate per 100,000 population",data.Ontario,data.Stimulant-related poisoning hospitalizations,35,6.8
2021,data.Number,data.Ontario,data.Stimulant-related poisoning hospitalizations,35,1002
2016,"data.Rate per 100,000 population",data.Quebec,data.Stimulant-related poisoning hospitalizations,24,
2016,data.Number,data.Quebec,data.Stimulant-related poisoning hospitalizations,24,
2017,"data.Rate per 100,000 population",data.Quebec,data.Stimulant-related poisoning hospitalizations,24,
2017,data.Number,data.Quebec,data.Stimulant-related poisoning hospitalizations,24,
2018,"data.Rate per 100,000 population",data.Quebec,data.Stimulant-related poisoning hospitalizations,24,
2018,data.Number,data.Quebec,data.Stimulant-related poisoning hospitalizations,24,
2019,"data.Rate per 100,000 population",data.Quebec,data.Stimulant-related poisoning hospitalizations,24,
2019,data.Number,data.Quebec,data.Stimulant-related poisoning hospitalizations,24,
2020,"data.Rate per 100,000 population",data.Quebec,data.Stimulant-related poisoning hospitalizations,24,
2020,data.Number,data.Quebec,data.Stimulant-related poisoning hospitalizations,24,
2021,"data.Rate per 100,000 population",data.Quebec,data.Stimulant-related poisoning hospitalizations,24,
2021,data.Number,data.Quebec,data.Stimulant-related poisoning hospitalizations,24,
2016,"data.Rate per 100,000 population",data.New Brunswick,data.Stimulant-related poisoning hospitalizations,13,6.7
2016,data.Number,data.New Brunswick,data.Stimulant-related poisoning hospitalizations,13,51
2017,"data.Rate per 100,000 population",data.New Brunswick,data.Stimulant-related poisoning hospitalizations,13,7
2017,data.Number,data.New Brunswick,data.Stimulant-related poisoning hospitalizations,13,54
2018,"data.Rate per 100,000 population",data.New Brunswick,data.Stimulant-related poisoning hospitalizations,13,6.9
2018,data.Number,data.New Brunswick,data.Stimulant-related poisoning hospitalizations,13,53
2019,"data.Rate per 100,000 population",data.New Brunswick,data.Stimulant-related poisoning hospitalizations,13,7.2
2019,data.Number,data.New Brunswick,data.Stimulant-related poisoning hospitalizations,13,56
2020,"data.Rate per 100,000 population",data.New Brunswick,data.Stimulant-related poisoning hospitalizations,13,7.5
2020,data.Number,data.New Brunswick,data.Stimulant-related poisoning hospitalizations,13,59
2021,"data.Rate per 100,000 population",data.New Brunswick,data.Stimulant-related poisoning hospitalizations,13,7.6
2021,data.Number,data.New Brunswick,data.Stimulant-related poisoning hospitalizations,13,60
2016,"data.Rate per 100,000 population",data.Nova Scotia,data.Stimulant-related poisoning hospitalizations,12,3.4
2016,data.Number,data.Nova Scotia,data.Stimulant-related poisoning hospitalizations,12,32
2017,"data.Rate per 100,000 population",data.Nova Scotia,data.Stimulant-related poisoning hospitalizations,12,3.9
2017,data.Number,data.Nova Scotia,data.Stimulant-related poisoning hospitalizations,12,37
2018,"data.Rate per 100,000 population",data.Nova Scotia,data.Stimulant-related poisoning hospitalizations,12,2.8
2018,data.Number,data.Nova Scotia,data.Stimulant-related poisoning hospitalizations,12,27
2019,"data.Rate per 100,000 population",data.Nova Scotia,data.Stimulant-related poisoning hospitalizations,12,3.3
2019,data.Number,data.Nova Scotia,data.Stimulant-related poisoning hospitalizations,12,32
2020,"data.Rate per 100,000 population",data.Nova Scotia,data.Stimulant-related poisoning hospitalizations,12,4.7
2020,data.Number,data.Nova Scotia,data.Stimulant-related poisoning hospitalizations,12,46
2021,"data.Rate per 100,000 population",data.Nova Scotia,data.Stimulant-related poisoning hospitalizations,12,3.4
2021,data.Number,data.Nova Scotia,data.Stimulant-related poisoning hospitalizations,12,34
2016,"data.Rate per 100,000 population",data.Prince Edward Island,data.Stimulant-related poisoning hospitalizations,11,3.4
2016,data.Number,data.Prince Edward Island,data.Stimulant-related poisoning hospitalizations,11,5
2017,"data.Rate per 100,000 population",data.Prince Edward Island,data.Stimulant-related poisoning hospitalizations,11,6
2017,data.Number,data.Prince Edward Island,data.Stimulant-related poisoning hospitalizations,11,9
2018,"data.Rate per 100,000 population",data.Prince Edward Island,data.Stimulant-related poisoning hospitalizations,11,3.9
2018,data.Number,data.Prince Edward Island,data.Stimulant-related poisoning hospitalizations,11,6
2019,"data.Rate per 100,000 population",data.Prince Edward Island,data.Stimulant-related poisoning hospitalizations,11,3.8
2019,data.Number,data.Prince Edward Island,data.Stimulant-related poisoning hospitalizations,11,6
2020,"data.Rate per 100,000 population",data.Prince Edward Island,data.Stimulant-related poisoning hospitalizations,11,4.3
2020,data.Number,data.Prince Edward Island,data.Stimulant-related poisoning hospitalizations,11,7
2021,"data.Rate per 100,000 population",data.Prince Edward Island,data.Stimulant-related poisoning hospitalizations,11,Suppr.
2021,data.Number,data.Prince Edward Island,data.Stimulant-related poisoning hospitalizations,11,Suppr.
2016,"data.Rate per 100,000 population",data.Newfoundland and Labrador,data.Stimulant-related poisoning hospitalizations,10,5.3
2016,data.Number,data.Newfoundland and Labrador,data.Stimulant-related poisoning hospitalizations,10,28
2017,"data.Rate per 100,000 population",data.Newfoundland and Labrador,data.Stimulant-related poisoning hospitalizations,10,6.2
2017,data.Number,data.Newfoundland and Labrador,data.Stimulant-related poisoning hospitalizations,10,33
2018,"data.Rate per 100,000 population",data.Newfoundland and Labrador,data.Stimulant-related poisoning hospitalizations,10,5.9
2018,data.Number,data.Newfoundland and Labrador,data.Stimulant-related poisoning hospitalizations,10,31
2019,"data.Rate per 100,000 population",data.Newfoundland and Labrador,data.Stimulant-related poisoning hospitalizations,10,6.9
2019,data.Number,data.Newfoundland and Labrador,data.Stimulant-related poisoning hospitalizations,10,36
2020,"data.Rate per 100,000 population",data.Newfoundland and Labrador,data.Stimulant-related poisoning hospitalizations,10,8.2
2020,data.Number,data.Newfoundland and Labrador,data.Stimulant-related poisoning hospitalizations,10,43
2021,"data.Rate per 100,000 population",data.Newfoundland and Labrador,data.Stimulant-related poisoning hospitalizations,10,6.1
2021,data.Number,data.Newfoundland and Labrador,data.Stimulant-related poisoning hospitalizations,10,32
2016,"data.Rate per 100,000 population",data.Territories,data.Stimulant-related poisoning hospitalizations,,9.2
2016,data.Number,data.Territories,data.Stimulant-related poisoning hospitalizations,,11
2017,"data.Rate per 100,000 population",data.Territories,data.Stimulant-related poisoning hospitalizations,,9.8
2017,data.Number,data.Territories,data.Stimulant-related poisoning hospitalizations,,12
2018,"data.Rate per 100,000 population",data.Territories,data.Stimulant-related poisoning hospitalizations,,9.7
2018,data.Number,data.Territories,data.Stimulant-related poisoning hospitalizations,,12
2019,"data.Rate per 100,000 population",data.Territories,data.Stimulant-related poisoning hospitalizations,,9.6
2019,data.Number,data.Territories,data.Stimulant-related poisoning hospitalizations,,12
2020,"data.Rate per 100,000 population",data.Territories,data.Stimulant-related poisoning hospitalizations,,15.8
2020,data.Number,data.Territories,data.Stimulant-related poisoning hospitalizations,,20
2021,"data.Rate per 100,000 population",data.Territories,data.Stimulant-related poisoning hospitalizations,,10.1
2021,data.Number,data.Territories,data.Stimulant-related poisoning hospitalizations,,13
