Year,Series,Units,data.Sector,Value
2013,Annual growth rate of water use,Percentage,,4.9
2015,Annual growth rate of water use,Percentage,,-3.5
2017,Annual growth rate of water use,Percentage,,1.2
2019,Annual growth rate of water use,Percentage,,-0.8
2021,Annual growth rate of water use,Percentage,,0.2
2013,Annual growth rate of water use,Percentage,data.Households,-10.9
2015,Annual growth rate of water use,Percentage,data.Households,0.3
2017,Annual growth rate of water use,Percentage,data.Households,-4.9
2019,Annual growth rate of water use,Percentage,data.Households,1.3
2021,Annual growth rate of water use,Percentage,data.Households,5.7
2013,Annual growth rate of water use,Percentage,data.Industries,6.6
2015,Annual growth rate of water use,Percentage,data.Industries,-3.8
2017,Annual growth rate of water use,Percentage,data.Industries,1.8
2019,Annual growth rate of water use,Percentage,data.Industries,-1.0
2021,Annual growth rate of water use,Percentage,data.Industries,-0.3
2013,Annual growth rate of water use per capita,Percentage,,-12.8
2015,Annual growth rate of water use per capita,Percentage,,-1.5
2017,Annual growth rate of water use per capita,Percentage,,-7.1
2019,Annual growth rate of water use per capita,Percentage,,-1.6
2021,Annual growth rate of water use per capita,Percentage,,4.0
2013,Total water use,Cubic metres,,37197793.0
2015,Total water use,Cubic metres,,35913582.0
2017,Total water use,Cubic metres,,36334509.0
2019,Total water use,Cubic metres,,36047231.0
2021,Total water use,Cubic metres,,36127599.0
2013,Total water use,Cubic metres,data.Households,3122546.0
2015,Total water use,Cubic metres,data.Households,3130439.0
2017,Total water use,Cubic metres,data.Households,2975593.0
2019,Total water use,Cubic metres,data.Households,3014417.0
2021,Total water use,Cubic metres,data.Households,3185653.0
2013,Total water use,Cubic metres,data.Industries,34075247.0
2015,Total water use,Cubic metres,data.Industries,32783143.0
2017,Total water use,Cubic metres,data.Industries,33358916.0
2019,Total water use,Cubic metres,data.Industries,33032814.0
2021,Total water use,Cubic metres,data.Industries,32941946.0
