Year,data.Geography,Value
2000,,1.9
2001,,2.0
2002,,2.0
2003,,2.0
2004,,2.0
2005,,2.0
2006,,1.9
2007,,1.9
2008,,1.9
2009,,1.9
2010,,1.8
2011,,1.8
2012,,1.8
2013,,1.7
2014,,1.7
2015,,1.7
2016,,1.7
2017,,1.7
2018,,1.6
2000,data.Newfoundland and Labrador,1.0
2001,data.Newfoundland and Labrador,1.0
2002,data.Newfoundland and Labrador,0.9
2003,data.Newfoundland and Labrador,0.9
2004,data.Newfoundland and Labrador,0.9
2005,data.Newfoundland and Labrador,1.2
2006,data.Newfoundland and Labrador,1.1
2007,data.Newfoundland and Labrador,0.9
2008,data.Newfoundland and Labrador,0.8
2009,data.Newfoundland and Labrador,1.1
2010,data.Newfoundland and Labrador,0.9
2011,data.Newfoundland and Labrador,0.9
2012,data.Newfoundland and Labrador,1.2
2013,data.Newfoundland and Labrador,0.9
2014,data.Newfoundland and Labrador,1.0
2015,data.Newfoundland and Labrador,1.2
2016,data.Newfoundland and Labrador,1.2
2017,data.Newfoundland and Labrador,1.3
2018,data.Newfoundland and Labrador,
2000,data.Prince Edward Island,1.1
2001,data.Prince Edward Island,1.1
2002,data.Prince Edward Island,0.8
2003,data.Prince Edward Island,1.2
2004,data.Prince Edward Island,1.0
2005,data.Prince Edward Island,1.5
2006,data.Prince Edward Island,1.6
2007,data.Prince Edward Island,1.3
2008,data.Prince Edward Island,1.4
2009,data.Prince Edward Island,1.4
2010,data.Prince Edward Island,1.3
2011,data.Prince Edward Island,1.2
2012,data.Prince Edward Island,1.4
2013,data.Prince Edward Island,1.3
2014,data.Prince Edward Island,1.1
2015,data.Prince Edward Island,1.3
2016,data.Prince Edward Island,1.3
2017,data.Prince Edward Island,1.2
2018,data.Prince Edward Island,
2000,data.Nova Scotia,1.4
2001,data.Nova Scotia,1.4
2002,data.Nova Scotia,1.4
2003,data.Nova Scotia,1.4
2004,data.Nova Scotia,1.4
2005,data.Nova Scotia,1.4
2006,data.Nova Scotia,1.5
2007,data.Nova Scotia,1.5
2008,data.Nova Scotia,1.5
2009,data.Nova Scotia,1.5
2010,data.Nova Scotia,1.4
2011,data.Nova Scotia,1.3
2012,data.Nova Scotia,1.3
2013,data.Nova Scotia,1.4
2014,data.Nova Scotia,1.5
2015,data.Nova Scotia,1.5
2016,data.Nova Scotia,1.5
2017,data.Nova Scotia,1.5
2018,data.Nova Scotia,
2000,data.New Brunswick,0.8
2001,data.New Brunswick,0.8
2002,data.New Brunswick,1.0
2003,data.New Brunswick,0.9
2004,data.New Brunswick,0.9
2005,data.New Brunswick,1.0
2006,data.New Brunswick,1.0
2007,data.New Brunswick,1.1
2008,data.New Brunswick,1.1
2009,data.New Brunswick,1.2
2010,data.New Brunswick,1.0
2011,data.New Brunswick,0.9
2012,data.New Brunswick,0.9
2013,data.New Brunswick,0.9
2014,data.New Brunswick,0.9
2015,data.New Brunswick,0.9
2016,data.New Brunswick,1.1
2017,data.New Brunswick,1.0
2018,data.New Brunswick,
2000,data.Quebec,2.5
2001,data.Quebec,2.7
2002,data.Quebec,2.7
2003,data.Quebec,2.7
2004,data.Quebec,2.7
2005,data.Quebec,2.6
2006,data.Quebec,2.7
2007,data.Quebec,2.6
2008,data.Quebec,2.6
2009,data.Quebec,2.5
2010,data.Quebec,2.4
2011,data.Quebec,2.4
2012,data.Quebec,2.3
2013,data.Quebec,2.3
2014,data.Quebec,2.4
2015,data.Quebec,2.3
2016,data.Quebec,2.2
2017,data.Quebec,2.3
2018,data.Quebec,
2000,data.Ontario,2.3
2001,data.Ontario,2.5
2002,data.Ontario,2.3
2003,data.Ontario,2.3
2004,data.Ontario,2.4
2005,data.Ontario,2.5
2006,data.Ontario,2.4
2007,data.Ontario,2.3
2008,data.Ontario,2.3
2009,data.Ontario,2.3
2010,data.Ontario,2.2
2011,data.Ontario,2.2
2012,data.Ontario,2.1
2013,data.Ontario,2.0
2014,data.Ontario,2.1
2015,data.Ontario,1.9
2016,data.Ontario,2.0
2017,data.Ontario,1.9
2018,data.Ontario,
2000,data.Manitoba,1.1
2001,data.Manitoba,1.3
2002,data.Manitoba,1.2
2003,data.Manitoba,1.2
2004,data.Manitoba,1.3
2005,data.Manitoba,1.3
2006,data.Manitoba,1.2
2007,data.Manitoba,1.2
2008,data.Manitoba,1.1
2009,data.Manitoba,1.3
2010,data.Manitoba,1.3
2011,data.Manitoba,1.2
2012,data.Manitoba,1.2
2013,data.Manitoba,1.1
2014,data.Manitoba,1.2
2015,data.Manitoba,1.2
2016,data.Manitoba,1.2
2017,data.Manitoba,1.2
2018,data.Manitoba,
2000,data.Saskatchewan,1.1
2001,data.Saskatchewan,1.2
2002,data.Saskatchewan,1.2
2003,data.Saskatchewan,1.1
2004,data.Saskatchewan,1.0
2005,data.Saskatchewan,1.0
2006,data.Saskatchewan,1.0
2007,data.Saskatchewan,1.0
2008,data.Saskatchewan,0.8
2009,data.Saskatchewan,1.0
2010,data.Saskatchewan,0.9
2011,data.Saskatchewan,0.8
2012,data.Saskatchewan,0.8
2013,data.Saskatchewan,0.9
2014,data.Saskatchewan,0.8
2015,data.Saskatchewan,1.0
2016,data.Saskatchewan,0.9
2017,data.Saskatchewan,0.8
2018,data.Saskatchewan,
2000,data.Alberta,0.9
2001,data.Alberta,1.0
2002,data.Alberta,1.1
2003,data.Alberta,1.1
2004,data.Alberta,1.2
2005,data.Alberta,1.1
2006,data.Alberta,1.1
2007,data.Alberta,1.0
2008,data.Alberta,1.0
2009,data.Alberta,1.2
2010,data.Alberta,1.1
2011,data.Alberta,1.1
2012,data.Alberta,1.2
2013,data.Alberta,1.1
2014,data.Alberta,1.0
2015,data.Alberta,1.1
2016,data.Alberta,1.1
2017,data.Alberta,1.0
2018,data.Alberta,
2000,data.British Columbia,1.2
2001,data.British Columbia,1.3
2002,data.British Columbia,1.4
2003,data.British Columbia,1.3
2004,data.British Columbia,1.4
2005,data.British Columbia,1.4
2006,data.British Columbia,1.3
2007,data.British Columbia,1.4
2008,data.British Columbia,1.4
2009,data.British Columbia,1.5
2010,data.British Columbia,1.5
2011,data.British Columbia,1.4
2012,data.British Columbia,1.4
2013,data.British Columbia,1.4
2014,data.British Columbia,1.3
2015,data.British Columbia,1.4
2016,data.British Columbia,1.6
2017,data.British Columbia,1.5
2018,data.British Columbia,
2000,"data.Total, Organisation for Economic Co-operation and Development (OECD)",2.1
2001,"data.Total, Organisation for Economic Co-operation and Development (OECD)",2.1
2002,"data.Total, Organisation for Economic Co-operation and Development (OECD)",2.1
2003,"data.Total, Organisation for Economic Co-operation and Development (OECD)",2.1
2004,"data.Total, Organisation for Economic Co-operation and Development (OECD)",2.1
2005,"data.Total, Organisation for Economic Co-operation and Development (OECD)",2.1
2006,"data.Total, Organisation for Economic Co-operation and Development (OECD)",2.1
2007,"data.Total, Organisation for Economic Co-operation and Development (OECD)",2.2
2008,"data.Total, Organisation for Economic Co-operation and Development (OECD)",2.2
2009,"data.Total, Organisation for Economic Co-operation and Development (OECD)",2.3
2010,"data.Total, Organisation for Economic Co-operation and Development (OECD)",2.3
2011,"data.Total, Organisation for Economic Co-operation and Development (OECD)",2.3
2012,"data.Total, Organisation for Economic Co-operation and Development (OECD)",2.3
2013,"data.Total, Organisation for Economic Co-operation and Development (OECD)",2.3
2014,"data.Total, Organisation for Economic Co-operation and Development (OECD)",2.3
2015,"data.Total, Organisation for Economic Co-operation and Development (OECD)",2.3
2016,"data.Total, Organisation for Economic Co-operation and Development (OECD)",2.3
2017,"data.Total, Organisation for Economic Co-operation and Development (OECD)",2.3
2018,"data.Total, Organisation for Economic Co-operation and Development (OECD)",2.4
