Year,Geography,Type of charging or fuelling stations,GeoCode,Value
2010,,,,108
2011,,,,124
2012,,,,158
2013,,,,235
2014,,,,350
2015,,,,682
2016,,,,869
2017,,,,1361
2018,,,,1810
2019,,,,3811
2020,,,,4609
2021,,,,5913
2022,,,,8169
2023,,,,11321
2024,,,,13742
2025,,,,16072
2026,,,,16164
2010,Alberta,Total electric charging and alternative fuelling stations,48,26
2010,Alberta,Propane,48,26
2011,Alberta,Total electric charging and alternative fuelling stations,48,27
2011,Alberta,Propane,48,27
2012,Alberta,Total electric charging and alternative fuelling stations,48,32
2012,Alberta,Electric,48,2
2012,Alberta,Propane,48,30
2013,Alberta,Total electric charging and alternative fuelling stations,48,39
2013,Alberta,Electric,48,8
2013,Alberta,Propane,48,31
2014,Alberta,Total electric charging and alternative fuelling stations,48,44
2014,Alberta,Electric,48,13
2015,Alberta,Total electric charging and alternative fuelling stations,48,73
2015,Alberta,Electric,48,41
2015,Alberta,Propane,48,32
2016,Alberta,Total electric charging and alternative fuelling stations,48,84
2016,Alberta,Electric,48,51
2016,Alberta,Propane,48,33
2017,Alberta,Total electric charging and alternative fuelling stations,48,134
2017,Alberta,Compressed natural gas,48,1
2017,Alberta,Electric,48,65
2017,Alberta,Propane,48,68
2018,Alberta,Total electric charging and alternative fuelling stations,48,218
2018,Alberta,Compressed natural gas,48,10
2018,Alberta,Electric,48,75
2018,Alberta,Propane,48,133
2019,Alberta,Total electric charging and alternative fuelling stations,48,248
2019,Alberta,Electric,48,104
2019,Alberta,Propane,48,134
2020,Alberta,Total electric charging and alternative fuelling stations,48,275
2020,Alberta,Compressed natural gas,48,11
2020,Alberta,Electric,48,127
2020,Alberta,Propane,48,137
2021,Alberta,Total electric charging and alternative fuelling stations,48,332
2021,Alberta,Electric,48,181
2021,Alberta,Propane,48,140
2022,Alberta,Total electric charging and alternative fuelling stations,48,503
2022,Alberta,Compressed natural gas,48,12
2022,Alberta,Electric,48,351
2023,Alberta,Total electric charging and alternative fuelling stations,48,727
2023,Alberta,Compressed natural gas,48,13
2023,Alberta,Electric,48,573
2023,Alberta,Propane,48,141
2024,Alberta,Total electric charging and alternative fuelling stations,48,900
2024,Alberta,Electric,48,743
2024,Alberta,Propane,48,144
2025,Alberta,Total electric charging and alternative fuelling stations,48,1066
2025,Alberta,Electric,48,909
2026,Alberta,Total electric charging and alternative fuelling stations,48,1080
2026,Alberta,Electric,48,923
2010,British Columbia,Total electric charging and alternative fuelling stations,59,36
2010,British Columbia,Biodiesel,59,1
2010,British Columbia,Propane,59,35
2011,British Columbia,Total electric charging and alternative fuelling stations,59,41
2011,British Columbia,Electric,59,5
2012,British Columbia,Total electric charging and alternative fuelling stations,59,46
2012,British Columbia,Electric,59,9
2012,British Columbia,Propane,59,36
2013,British Columbia,Total electric charging and alternative fuelling stations,59,62
2013,British Columbia,Electric,59,25
2014,British Columbia,Total electric charging and alternative fuelling stations,59,82
2014,British Columbia,Electric,59,45
2015,British Columbia,Total electric charging and alternative fuelling stations,59,171
2015,British Columbia,Compressed natural gas,59,2
2015,British Columbia,Electric,59,131
2015,British Columbia,Propane,59,37
2016,British Columbia,Total electric charging and alternative fuelling stations,59,193
2016,British Columbia,Electric,59,152
2016,British Columbia,Propane,59,38
2017,British Columbia,Total electric charging and alternative fuelling stations,59,273
2017,British Columbia,Compressed natural gas,59,4
2017,British Columbia,Electric,59,197
2017,British Columbia,Propane,59,71
2018,British Columbia,Total electric charging and alternative fuelling stations,59,371
2018,British Columbia,Electric,59,261
2018,British Columbia,Hydrogen,59,1
2018,British Columbia,Propane,59,104
2019,British Columbia,Total electric charging and alternative fuelling stations,59,576
2019,British Columbia,Electric,59,462
2019,British Columbia,Hydrogen,59,2
2019,British Columbia,Propane,59,107
2020,British Columbia,Total electric charging and alternative fuelling stations,59,715
2020,British Columbia,Electric,59,598
2020,British Columbia,Hydrogen,59,3
2020,British Columbia,Propane,59,109
2021,British Columbia,Total electric charging and alternative fuelling stations,59,1003
2021,British Columbia,Compressed natural gas,59,5
2021,British Columbia,Electric,59,883
2021,British Columbia,Hydrogen,59,4
2021,British Columbia,Propane,59,110
2022,British Columbia,Total electric charging and alternative fuelling stations,59,1455
2022,British Columbia,Electric,59,1331
2022,British Columbia,Hydrogen,59,5
2022,British Columbia,Propane,59,113
2023,British Columbia,Total electric charging and alternative fuelling stations,59,1960
2023,British Columbia,Compressed natural gas,59,7
2023,British Columbia,Electric,59,1832
2023,British Columbia,Ethanol,59,1
2023,British Columbia,Hydrogen,59,6
2024,British Columbia,Total electric charging and alternative fuelling stations,59,2413
2024,British Columbia,Electric,59,2280
2024,British Columbia,Propane,59,118
2025,British Columbia,Total electric charging and alternative fuelling stations,59,2844
2025,British Columbia,Electric,59,2705
2025,British Columbia,Hydrogen,59,9
2025,British Columbia,Propane,59,121
2026,British Columbia,Total electric charging and alternative fuelling stations,59,2861
2026,British Columbia,Electric,59,2722
2010,Canada,Biodiesel,,1
2010,Canada,Electric,,5
2010,Canada,Propane,,102
2011,Canada,Electric,,20
2011,Canada,Propane,,103
2012,Canada,Electric,,50
2012,Canada,Propane,,107
2013,Canada,Compressed natural gas,,2
2013,Canada,Electric,,121
2013,Canada,Propane,,111
2014,Canada,Compressed natural gas,,3
2014,Canada,Electric,,232
2014,Canada,Propane,,114
2015,Canada,Compressed natural gas,,7
2015,Canada,Electric,,547
2015,Canada,Propane,,127
2016,Canada,Electric,,729
2016,Canada,Hydrogen,,1
2016,Canada,Propane,,131
2017,Canada,Compressed natural gas,,13
2017,Canada,Electric,,982
2017,Canada,Propane,,364
2018,Canada,Compressed natural gas,,26
2018,Canada,Electric,,1201
2018,Canada,Hydrogen,,3
2018,Canada,Propane,,579
2019,Canada,Compressed natural gas,,29
2019,Canada,Electric,,3180
2019,Canada,Hydrogen,,4
2019,Canada,Propane,,597
2020,Canada,Compressed natural gas,,30
2020,Canada,Electric,,3963
2020,Canada,Hydrogen,,5
2020,Canada,Propane,,610
2021,Canada,Compressed natural gas,,32
2021,Canada,Electric,,5256
2021,Canada,Hydrogen,,6
2021,Canada,Propane,,618
2022,Canada,Compressed natural gas,,40
2022,Canada,Electric,,7482
2022,Canada,Hydrogen,,8
2022,Canada,Propane,,638
2023,Canada,Compressed natural gas,,44
2023,Canada,Electric,,10620
2023,Canada,Ethanol,,1
2023,Canada,Hydrogen,,10
2023,Canada,Propane,,645
2024,Canada,Electric,,13008
2024,Canada,Hydrogen,,11
2024,Canada,Propane,,677
2025,Canada,Compressed natural gas,,47
2025,Canada,Electric,,15324
2025,Canada,Hydrogen,,16
2025,Canada,Propane,,683
2026,Canada,Electric,,15416
2010,Manitoba,Total electric charging and alternative fuelling stations,46,3
2010,Manitoba,Electric,46,1
2013,Manitoba,Total electric charging and alternative fuelling stations,46,8
2013,Manitoba,Electric,46,6
2014,Manitoba,Total electric charging and alternative fuelling stations,46,9
2014,Manitoba,Electric,46,7
2015,Manitoba,Total electric charging and alternative fuelling stations,46,14
2015,Manitoba,Electric,46,12
2016,Manitoba,Total electric charging and alternative fuelling stations,46,15
2016,Manitoba,Electric,46,13
2017,Manitoba,Total electric charging and alternative fuelling stations,46,24
2017,Manitoba,Electric,46,18
2017,Manitoba,Propane,46,6
2018,Manitoba,Total electric charging and alternative fuelling stations,46,67
2018,Manitoba,Propane,46,49
2019,Manitoba,Total electric charging and alternative fuelling stations,46,76
2019,Manitoba,Electric,46,26
2019,Manitoba,Propane,46,50
2020,Manitoba,Total electric charging and alternative fuelling stations,46,80
2020,Manitoba,Electric,46,30
2021,Manitoba,Total electric charging and alternative fuelling stations,46,98
2021,Manitoba,Electric,46,48
2022,Manitoba,Total electric charging and alternative fuelling stations,46,154
2022,Manitoba,Compressed natural gas,46,1
2022,Manitoba,Electric,46,103
2023,Manitoba,Total electric charging and alternative fuelling stations,46,240
2023,Manitoba,Electric,46,189
2024,Manitoba,Total electric charging and alternative fuelling stations,46,315
2024,Manitoba,Electric,46,261
2024,Manitoba,Propane,46,53
2025,Manitoba,Total electric charging and alternative fuelling stations,46,374
2025,Manitoba,Electric,46,320
2026,Manitoba,Total electric charging and alternative fuelling stations,46,377
2026,Manitoba,Electric,46,323
2011,New Brunswick,Total electric charging and alternative fuelling stations,13,1
2011,New Brunswick,Electric,13,1
2012,New Brunswick,Total electric charging and alternative fuelling stations,13,4
2012,New Brunswick,Electric,13,4
2013,New Brunswick,Total electric charging and alternative fuelling stations,13,8
2013,New Brunswick,Electric,13,8
2014,New Brunswick,Total electric charging and alternative fuelling stations,13,11
2014,New Brunswick,Electric,13,11
2015,New Brunswick,Total electric charging and alternative fuelling stations,13,17
2015,New Brunswick,Electric,13,17
2016,New Brunswick,Total electric charging and alternative fuelling stations,13,21
2016,New Brunswick,Electric,13,21
2017,New Brunswick,Total electric charging and alternative fuelling stations,13,41
2017,New Brunswick,Electric,13,41
2018,New Brunswick,Total electric charging and alternative fuelling stations,13,46
2018,New Brunswick,Electric,13,45
2018,New Brunswick,Propane,13,1
2019,New Brunswick,Total electric charging and alternative fuelling stations,13,63
2019,New Brunswick,Electric,13,62
2020,New Brunswick,Total electric charging and alternative fuelling stations,13,81
2020,New Brunswick,Electric,13,79
2020,New Brunswick,Propane,13,2
2021,New Brunswick,Total electric charging and alternative fuelling stations,13,103
2021,New Brunswick,Electric,13,101
2022,New Brunswick,Total electric charging and alternative fuelling stations,13,138
2022,New Brunswick,Electric,13,134
2022,New Brunswick,Propane,13,4
2023,New Brunswick,Total electric charging and alternative fuelling stations,13,210
2023,New Brunswick,Electric,13,206
2024,New Brunswick,Total electric charging and alternative fuelling stations,13,245
2024,New Brunswick,Electric,13,240
2024,New Brunswick,Propane,13,5
2025,New Brunswick,Total electric charging and alternative fuelling stations,13,290
2025,New Brunswick,Electric,13,285
2026,New Brunswick,Total electric charging and alternative fuelling stations,13,294
2026,New Brunswick,Electric,13,289
2012,Newfoundland and Labrador,Total electric charging and alternative fuelling stations,10,1
2012,Newfoundland and Labrador,Electric,10,1
2013,Newfoundland and Labrador,Total electric charging and alternative fuelling stations,10,5
2013,Newfoundland and Labrador,Electric,10,5
2014,Newfoundland and Labrador,Total electric charging and alternative fuelling stations,10,7
2014,Newfoundland and Labrador,Electric,10,7
2015,Newfoundland and Labrador,Total electric charging and alternative fuelling stations,10,8
2015,Newfoundland and Labrador,Electric,10,8
2016,Newfoundland and Labrador,Total electric charging and alternative fuelling stations,10,14
2016,Newfoundland and Labrador,Electric,10,14
2018,Newfoundland and Labrador,Total electric charging and alternative fuelling stations,10,17
2018,Newfoundland and Labrador,Electric,10,17
2019,Newfoundland and Labrador,Total electric charging and alternative fuelling stations,10,18
2019,Newfoundland and Labrador,Electric,10,18
2021,Newfoundland and Labrador,Total electric charging and alternative fuelling stations,10,50
2021,Newfoundland and Labrador,Electric,10,50
2022,Newfoundland and Labrador,Total electric charging and alternative fuelling stations,10,100
2022,Newfoundland and Labrador,Electric,10,100
2023,Newfoundland and Labrador,Total electric charging and alternative fuelling stations,10,122
2023,Newfoundland and Labrador,Electric,10,121
2023,Newfoundland and Labrador,Propane,10,1
2024,Newfoundland and Labrador,Total electric charging and alternative fuelling stations,10,131
2024,Newfoundland and Labrador,Electric,10,129
2024,Newfoundland and Labrador,Propane,10,2
2025,Newfoundland and Labrador,Total electric charging and alternative fuelling stations,10,156
2025,Newfoundland and Labrador,Electric,10,154
2026,Newfoundland and Labrador,Total electric charging and alternative fuelling stations,10,158
2026,Newfoundland and Labrador,Electric,10,156
2015,Northwest Territories,Total electric charging and alternative fuelling stations,61,1
2015,Northwest Territories,Propane,61,1
2020,Northwest Territories,Total electric charging and alternative fuelling stations,61,2
2020,Northwest Territories,Electric,61,1
2023,Northwest Territories,Total electric charging and alternative fuelling stations,61,3
2023,Northwest Territories,Electric,61,2
2024,Northwest Territories,Total electric charging and alternative fuelling stations,61,8
2024,Northwest Territories,Electric,61,7
2025,Northwest Territories,Total electric charging and alternative fuelling stations,61,14
2025,Northwest Territories,Electric,61,13
2012,Nova Scotia,Total electric charging and alternative fuelling stations,12,1
2012,Nova Scotia,Electric,12,1
2013,Nova Scotia,Total electric charging and alternative fuelling stations,12,4
2013,Nova Scotia,Electric,12,3
2013,Nova Scotia,Propane,12,1
2014,Nova Scotia,Total electric charging and alternative fuelling stations,12,10
2014,Nova Scotia,Electric,12,9
2015,Nova Scotia,Total electric charging and alternative fuelling stations,12,22
2015,Nova Scotia,Electric,12,20
2015,Nova Scotia,Propane,12,2
2016,Nova Scotia,Total electric charging and alternative fuelling stations,12,24
2016,Nova Scotia,Electric,12,22
2017,Nova Scotia,Total electric charging and alternative fuelling stations,12,27
2017,Nova Scotia,Electric,12,25
2018,Nova Scotia,Total electric charging and alternative fuelling stations,12,28
2018,Nova Scotia,Electric,12,26
2019,Nova Scotia,Total electric charging and alternative fuelling stations,12,47
2019,Nova Scotia,Electric,12,45
2020,Nova Scotia,Total electric charging and alternative fuelling stations,12,54
2020,Nova Scotia,Electric,12,52
2021,Nova Scotia,Total electric charging and alternative fuelling stations,12,76
2021,Nova Scotia,Electric,12,73
2021,Nova Scotia,Propane,12,3
2022,Nova Scotia,Total electric charging and alternative fuelling stations,12,148
2022,Nova Scotia,Electric,12,144
2022,Nova Scotia,Propane,12,4
2023,Nova Scotia,Total electric charging and alternative fuelling stations,12,218
2023,Nova Scotia,Electric,12,214
2024,Nova Scotia,Total electric charging and alternative fuelling stations,12,267
2024,Nova Scotia,Electric,12,262
2024,Nova Scotia,Propane,12,5
2025,Nova Scotia,Total electric charging and alternative fuelling stations,12,316
2025,Nova Scotia,Electric,12,311
2010,Ontario,Total electric charging and alternative fuelling stations,35,30
2010,Ontario,Electric,35,2
2010,Ontario,Propane,35,28
2011,Ontario,Total electric charging and alternative fuelling stations,35,38
2011,Ontario,Electric,35,10
2012,Ontario,Total electric charging and alternative fuelling stations,35,48
2012,Ontario,Electric,35,20
2013,Ontario,Total electric charging and alternative fuelling stations,35,68
2013,Ontario,Electric,35,38
2013,Ontario,Propane,35,30
2014,Ontario,Total electric charging and alternative fuelling stations,35,104
2014,Ontario,Compressed natural gas,35,1
2014,Ontario,Electric,35,72
2014,Ontario,Propane,35,31
2015,Ontario,Total electric charging and alternative fuelling stations,35,190
2015,Ontario,Compressed natural gas,35,2
2015,Ontario,Electric,35,156
2015,Ontario,Propane,35,32
2016,Ontario,Total electric charging and alternative fuelling stations,35,236
2016,Ontario,Electric,35,200
2016,Ontario,Hydrogen,35,1
2016,Ontario,Propane,35,33
2017,Ontario,Total electric charging and alternative fuelling stations,35,380
2017,Ontario,Compressed natural gas,35,4
2017,Ontario,Electric,35,303
2017,Ontario,Propane,35,72
2018,Ontario,Total electric charging and alternative fuelling stations,35,488
2018,Ontario,Compressed natural gas,35,7
2018,Ontario,Electric,35,405
2018,Ontario,Propane,35,75
2019,Ontario,Total electric charging and alternative fuelling stations,35,772
2019,Ontario,Compressed natural gas,35,8
2019,Ontario,Electric,35,683
2019,Ontario,Propane,35,80
2020,Ontario,Total electric charging and alternative fuelling stations,35,983
2020,Ontario,Electric,35,887
2020,Ontario,Propane,35,87
2021,Ontario,Total electric charging and alternative fuelling stations,35,1429
2021,Ontario,Compressed natural gas,35,9
2021,Ontario,Electric,35,1331
2021,Ontario,Propane,35,88
2022,Ontario,Total electric charging and alternative fuelling stations,35,2232
2022,Ontario,Compressed natural gas,35,12
2022,Ontario,Electric,35,2118
2022,Ontario,Propane,35,101
2023,Ontario,Total electric charging and alternative fuelling stations,35,3503
2023,Ontario,Electric,35,3385
2023,Ontario,Propane,35,105
2024,Ontario,Total electric charging and alternative fuelling stations,35,4387
2024,Ontario,Electric,35,4252
2024,Ontario,Hydrogen,35,2
2024,Ontario,Propane,35,121
2025,Ontario,Total electric charging and alternative fuelling stations,35,5140
2025,Ontario,Electric,35,5003
2025,Ontario,Propane,35,123
2026,Ontario,Total electric charging and alternative fuelling stations,35,5179
2026,Ontario,Electric,35,5042
2013,Prince Edward Island,Total electric charging and alternative fuelling stations,11,1
2013,Prince Edward Island,Electric,11,1
2014,Prince Edward Island,Total electric charging and alternative fuelling stations,11,5
2014,Prince Edward Island,Electric,11,5
2015,Prince Edward Island,Total electric charging and alternative fuelling stations,11,11
2015,Prince Edward Island,Electric,11,11
2017,Prince Edward Island,Total electric charging and alternative fuelling stations,11,15
2017,Prince Edward Island,Electric,11,15
2018,Prince Edward Island,Total electric charging and alternative fuelling stations,11,17
2018,Prince Edward Island,Electric,11,17
2019,Prince Edward Island,Total electric charging and alternative fuelling stations,11,18
2019,Prince Edward Island,Electric,11,18
2020,Prince Edward Island,Total electric charging and alternative fuelling stations,11,25
2020,Prince Edward Island,Electric,11,25
2021,Prince Edward Island,Total electric charging and alternative fuelling stations,11,52
2021,Prince Edward Island,Electric,11,52
2022,Prince Edward Island,Total electric charging and alternative fuelling stations,11,88
2022,Prince Edward Island,Electric,11,87
2022,Prince Edward Island,Propane,11,1
2023,Prince Edward Island,Total electric charging and alternative fuelling stations,11,144
2023,Prince Edward Island,Electric,11,143
2024,Prince Edward Island,Total electric charging and alternative fuelling stations,11,159
2024,Prince Edward Island,Electric,11,157
2024,Prince Edward Island,Propane,11,2
2025,Prince Edward Island,Total electric charging and alternative fuelling stations,11,175
2025,Prince Edward Island,Electric,11,173
2026,Prince Edward Island,Total electric charging and alternative fuelling stations,11,176
2026,Prince Edward Island,Electric,11,174
2010,Quebec,Total electric charging and alternative fuelling stations,24,9
2010,Quebec,Electric,24,2
2011,Quebec,Total electric charging and alternative fuelling stations,24,10
2011,Quebec,Electric,24,3
2012,Quebec,Total electric charging and alternative fuelling stations,24,19
2012,Quebec,Electric,24,12
2013,Quebec,Total electric charging and alternative fuelling stations,24,36
2013,Quebec,Compressed natural gas,24,2
2013,Quebec,Electric,24,27
2014,Quebec,Total electric charging and alternative fuelling stations,24,70
2014,Quebec,Electric,24,60
2014,Quebec,Propane,24,8
2015,Quebec,Total electric charging and alternative fuelling stations,24,159
2015,Quebec,Compressed natural gas,24,3
2015,Quebec,Electric,24,141
2015,Quebec,Propane,24,15
2016,Quebec,Total electric charging and alternative fuelling stations,24,250
2016,Quebec,Electric,24,231
2016,Quebec,Propane,24,16
2017,Quebec,Total electric charging and alternative fuelling stations,24,427
2017,Quebec,Compressed natural gas,24,4
2017,Quebec,Electric,24,285
2017,Quebec,Propane,24,138
2018,Quebec,Total electric charging and alternative fuelling stations,24,464
2018,Quebec,Compressed natural gas,24,5
2018,Quebec,Electric,24,316
2018,Quebec,Hydrogen,24,1
2018,Quebec,Propane,24,142
2019,Quebec,Total electric charging and alternative fuelling stations,24,1889
2019,Quebec,Compressed natural gas,24,7
2019,Quebec,Electric,24,1735
2019,Quebec,Propane,24,146
2020,Quebec,Total electric charging and alternative fuelling stations,24,2262
2020,Quebec,Electric,24,2108
2021,Quebec,Total electric charging and alternative fuelling stations,24,2634
2021,Quebec,Electric,24,2478
2021,Quebec,Propane,24,148
2022,Quebec,Total electric charging and alternative fuelling stations,24,3167
2022,Quebec,Compressed natural gas,24,9
2022,Quebec,Electric,24,3008
2022,Quebec,Hydrogen,24,2
2023,Quebec,Total electric charging and alternative fuelling stations,24,3949
2023,Quebec,Compressed natural gas,24,10
2023,Quebec,Electric,24,3787
2023,Quebec,Hydrogen,24,3
2023,Quebec,Propane,24,149
2024,Quebec,Total electric charging and alternative fuelling stations,24,4632
2024,Quebec,Electric,24,4469
2024,Quebec,Propane,24,150
2025,Quebec,Total electric charging and alternative fuelling stations,24,5364
2025,Quebec,Compressed natural gas,24,13
2025,Quebec,Electric,24,5195
2025,Quebec,Hydrogen,24,5
2025,Quebec,Propane,24,151
2026,Quebec,Total electric charging and alternative fuelling stations,24,5375
2026,Quebec,Electric,24,5206
2014,Saskatchewan,Total electric charging and alternative fuelling stations,47,8
2014,Saskatchewan,Electric,47,3
2014,Saskatchewan,Propane,47,5
2015,Saskatchewan,Total electric charging and alternative fuelling stations,47,16
2015,Saskatchewan,Electric,47,10
2015,Saskatchewan,Propane,47,6
2016,Saskatchewan,Total electric charging and alternative fuelling stations,47,20
2016,Saskatchewan,Electric,47,14
2017,Saskatchewan,Total electric charging and alternative fuelling stations,47,25
2017,Saskatchewan,Electric,47,19
2018,Saskatchewan,Total electric charging and alternative fuelling stations,47,93
2018,Saskatchewan,Electric,47,21
2018,Saskatchewan,Propane,47,72
2019,Saskatchewan,Total electric charging and alternative fuelling stations,47,99
2019,Saskatchewan,Electric,47,25
2019,Saskatchewan,Propane,47,74
2020,Saskatchewan,Total electric charging and alternative fuelling stations,47,107
2020,Saskatchewan,Electric,47,33
2021,Saskatchewan,Total electric charging and alternative fuelling stations,47,127
2021,Saskatchewan,Electric,47,53
2022,Saskatchewan,Total electric charging and alternative fuelling stations,47,167
2022,Saskatchewan,Compressed natural gas,47,1
2022,Saskatchewan,Electric,47,92
2023,Saskatchewan,Total electric charging and alternative fuelling stations,47,209
2023,Saskatchewan,Electric,47,134
2024,Saskatchewan,Total electric charging and alternative fuelling stations,47,244
2024,Saskatchewan,Electric,47,169
2025,Saskatchewan,Total electric charging and alternative fuelling stations,47,284
2025,Saskatchewan,Electric,47,209
2026,Saskatchewan,Total electric charging and alternative fuelling stations,47,285
2026,Saskatchewan,Electric,47,210
2019,Yukon,Total electric charging and alternative fuelling stations,60,4
2019,Yukon,Electric,60,2
2019,Yukon,Propane,60,2
2020,Yukon,Total electric charging and alternative fuelling stations,60,7
2020,Yukon,Electric,60,5
2022,Yukon,Total electric charging and alternative fuelling stations,60,15
2022,Yukon,Electric,60,13
2023,Yukon,Total electric charging and alternative fuelling stations,60,36
2023,Yukon,Electric,60,34
2024,Yukon,Total electric charging and alternative fuelling stations,60,41
2024,Yukon,Electric,60,39
2025,Yukon,Total electric charging and alternative fuelling stations,60,49
2025,Yukon,Electric,60,47
