Year,Geography,Type of charging or fuelling stations,GeoCode,Value
2010,,,,108
2011,,,,120
2012,,,,148
2013,,,,219
2014,,,,338
2015,,,,665
2016,,,,846
2017,,,,1342
2018,,,,1731
2019,,,,3592
2020,,,,4113
2021,,,,5016
2022,,,,7015
2023,,,,9627
2024,,,,12010
2025,,,,14191
2026,,,,15313
2010,Alberta,Total electric charging and alternative fuelling stations,48,27
2010,Alberta,Propane,48,27
2011,Alberta,Total electric charging and alternative fuelling stations,48,28
2011,Alberta,Propane,48,28
2012,Alberta,Total electric charging and alternative fuelling stations,48,33
2012,Alberta,Electric,48,2
2012,Alberta,Propane,48,31
2013,Alberta,Total electric charging and alternative fuelling stations,48,40
2013,Alberta,Electric,48,8
2013,Alberta,Propane,48,32
2014,Alberta,Total electric charging and alternative fuelling stations,48,46
2014,Alberta,Electric,48,14
2015,Alberta,Total electric charging and alternative fuelling stations,48,76
2015,Alberta,Electric,48,43
2015,Alberta,Propane,48,33
2016,Alberta,Total electric charging and alternative fuelling stations,48,86
2016,Alberta,Electric,48,52
2016,Alberta,Propane,48,34
2017,Alberta,Total electric charging and alternative fuelling stations,48,136
2017,Alberta,Compressed natural gas,48,1
2017,Alberta,Electric,48,66
2017,Alberta,Propane,48,69
2018,Alberta,Total electric charging and alternative fuelling stations,48,219
2018,Alberta,Compressed natural gas,48,10
2018,Alberta,Electric,48,75
2018,Alberta,Propane,48,134
2019,Alberta,Total electric charging and alternative fuelling stations,48,244
2019,Alberta,Electric,48,99
2019,Alberta,Propane,48,135
2020,Alberta,Total electric charging and alternative fuelling stations,48,257
2020,Alberta,Compressed natural gas,48,11
2020,Alberta,Electric,48,108
2020,Alberta,Propane,48,138
2021,Alberta,Total electric charging and alternative fuelling stations,48,301
2021,Alberta,Electric,48,149
2021,Alberta,Propane,48,141
2022,Alberta,Total electric charging and alternative fuelling stations,48,449
2022,Alberta,Electric,48,297
2023,Alberta,Total electric charging and alternative fuelling stations,48,649
2023,Alberta,Compressed natural gas,48,12
2023,Alberta,Electric,48,495
2023,Alberta,Propane,48,142
2024,Alberta,Total electric charging and alternative fuelling stations,48,812
2024,Alberta,Electric,48,655
2024,Alberta,Propane,48,145
2025,Alberta,Total electric charging and alternative fuelling stations,48,969
2025,Alberta,Compressed natural gas,48,14
2025,Alberta,Electric,48,809
2025,Alberta,Propane,48,146
2026,Alberta,Total electric charging and alternative fuelling stations,48,1040
2026,Alberta,Compressed natural gas,48,15
2026,Alberta,Electric,48,879
2010,British Columbia,Total electric charging and alternative fuelling stations,59,35
2010,British Columbia,Biodiesel,59,1
2010,British Columbia,Propane,59,34
2011,British Columbia,Total electric charging and alternative fuelling stations,59,40
2011,British Columbia,Electric,59,5
2012,British Columbia,Total electric charging and alternative fuelling stations,59,45
2012,British Columbia,Electric,59,9
2012,British Columbia,Propane,59,35
2013,British Columbia,Total electric charging and alternative fuelling stations,59,58
2013,British Columbia,Electric,59,22
2014,British Columbia,Total electric charging and alternative fuelling stations,59,81
2014,British Columbia,Electric,59,45
2015,British Columbia,Total electric charging and alternative fuelling stations,59,173
2015,British Columbia,Compressed natural gas,59,2
2015,British Columbia,Electric,59,134
2015,British Columbia,Propane,59,36
2016,British Columbia,Total electric charging and alternative fuelling stations,59,194
2016,British Columbia,Electric,59,154
2016,British Columbia,Propane,59,37
2017,British Columbia,Total electric charging and alternative fuelling stations,59,275
2017,British Columbia,Compressed natural gas,59,4
2017,British Columbia,Electric,59,201
2017,British Columbia,Propane,59,69
2018,British Columbia,Total electric charging and alternative fuelling stations,59,357
2018,British Columbia,Electric,59,249
2018,British Columbia,Hydrogen,59,1
2018,British Columbia,Propane,59,102
2019,British Columbia,Total electric charging and alternative fuelling stations,59,516
2019,British Columbia,Electric,59,404
2019,British Columbia,Hydrogen,59,2
2019,British Columbia,Propane,59,105
2020,British Columbia,Total electric charging and alternative fuelling stations,59,585
2020,British Columbia,Electric,59,470
2020,British Columbia,Hydrogen,59,3
2020,British Columbia,Propane,59,107
2021,British Columbia,Total electric charging and alternative fuelling stations,59,738
2021,British Columbia,Compressed natural gas,59,5
2021,British Columbia,Electric,59,620
2021,British Columbia,Hydrogen,59,4
2021,British Columbia,Propane,59,108
2022,British Columbia,Total electric charging and alternative fuelling stations,59,1135
2022,British Columbia,Electric,59,1014
2022,British Columbia,Propane,59,111
2023,British Columbia,Total electric charging and alternative fuelling stations,59,1570
2023,British Columbia,Compressed natural gas,59,7
2023,British Columbia,Electric,59,1445
2023,British Columbia,Ethanol,59,1
2023,British Columbia,Hydrogen,59,5
2024,British Columbia,Total electric charging and alternative fuelling stations,59,2008
2024,British Columbia,Electric,59,1878
2024,British Columbia,Propane,59,116
2025,British Columbia,Total electric charging and alternative fuelling stations,59,2389
2025,British Columbia,Compressed natural gas,59,9
2025,British Columbia,Electric,59,2253
2025,British Columbia,Propane,59,120
2026,British Columbia,Total electric charging and alternative fuelling stations,59,2596
2026,British Columbia,Electric,59,2460
2010,Canada,Biodiesel,,1
2010,Canada,Electric,,4
2010,Canada,Propane,,103
2011,Canada,Electric,,15
2011,Canada,Propane,,104
2012,Canada,Electric,,39
2012,Canada,Propane,,108
2013,Canada,Compressed natural gas,,2
2013,Canada,Electric,,104
2013,Canada,Propane,,112
2014,Canada,Compressed natural gas,,3
2014,Canada,Electric,,219
2014,Canada,Propane,,115
2015,Canada,Compressed natural gas,,7
2015,Canada,Electric,,529
2015,Canada,Propane,,128
2016,Canada,Electric,,705
2016,Canada,Hydrogen,,1
2016,Canada,Propane,,132
2017,Canada,Compressed natural gas,,13
2017,Canada,Electric,,963
2017,Canada,Propane,,364
2018,Canada,Compressed natural gas,,26
2018,Canada,Electric,,1122
2018,Canada,Hydrogen,,3
2018,Canada,Propane,,579
2019,Canada,Compressed natural gas,,29
2019,Canada,Electric,,2961
2019,Canada,Hydrogen,,4
2019,Canada,Propane,,597
2020,Canada,Compressed natural gas,,30
2020,Canada,Electric,,3467
2020,Canada,Hydrogen,,5
2020,Canada,Propane,,610
2021,Canada,Compressed natural gas,,32
2021,Canada,Electric,,4359
2021,Canada,Hydrogen,,6
2021,Canada,Propane,,618
2022,Canada,Compressed natural gas,,33
2022,Canada,Electric,,6337
2022,Canada,Propane,,638
2023,Canada,Compressed natural gas,,37
2023,Canada,Electric,,8936
2023,Canada,Ethanol,,1
2023,Canada,Hydrogen,,7
2023,Canada,Propane,,645
2024,Canada,Electric,,11286
2024,Canada,Hydrogen,,8
2024,Canada,Propane,,677
2025,Canada,Compressed natural gas,,42
2025,Canada,Electric,,13454
2025,Canada,Propane,,685
2026,Canada,Compressed natural gas,,44
2026,Canada,Electric,,14574
2010,Manitoba,Total electric charging and alternative fuelling stations,46,3
2010,Manitoba,Electric,46,1
2013,Manitoba,Total electric charging and alternative fuelling stations,46,8
2013,Manitoba,Electric,46,6
2014,Manitoba,Total electric charging and alternative fuelling stations,46,9
2014,Manitoba,Electric,46,7
2015,Manitoba,Total electric charging and alternative fuelling stations,46,14
2015,Manitoba,Electric,46,12
2016,Manitoba,Total electric charging and alternative fuelling stations,46,15
2016,Manitoba,Electric,46,13
2017,Manitoba,Total electric charging and alternative fuelling stations,46,24
2017,Manitoba,Electric,46,18
2017,Manitoba,Propane,46,6
2018,Manitoba,Total electric charging and alternative fuelling stations,46,67
2018,Manitoba,Propane,46,49
2019,Manitoba,Total electric charging and alternative fuelling stations,46,80
2019,Manitoba,Electric,46,30
2019,Manitoba,Propane,46,50
2021,Manitoba,Total electric charging and alternative fuelling stations,46,98
2021,Manitoba,Electric,46,48
2022,Manitoba,Total electric charging and alternative fuelling stations,46,153
2022,Manitoba,Electric,46,103
2023,Manitoba,Total electric charging and alternative fuelling stations,46,231
2023,Manitoba,Electric,46,181
2024,Manitoba,Total electric charging and alternative fuelling stations,46,310
2024,Manitoba,Electric,46,257
2024,Manitoba,Propane,46,53
2025,Manitoba,Total electric charging and alternative fuelling stations,46,357
2025,Manitoba,Electric,46,304
2026,Manitoba,Total electric charging and alternative fuelling stations,46,387
2026,Manitoba,Compressed natural gas,46,1
2026,Manitoba,Electric,46,333
2011,New Brunswick,Total electric charging and alternative fuelling stations,13,1
2011,New Brunswick,Electric,13,1
2012,New Brunswick,Total electric charging and alternative fuelling stations,13,4
2012,New Brunswick,Electric,13,4
2013,New Brunswick,Total electric charging and alternative fuelling stations,13,8
2013,New Brunswick,Electric,13,8
2014,New Brunswick,Total electric charging and alternative fuelling stations,13,11
2014,New Brunswick,Electric,13,11
2015,New Brunswick,Total electric charging and alternative fuelling stations,13,17
2015,New Brunswick,Electric,13,17
2016,New Brunswick,Total electric charging and alternative fuelling stations,13,21
2016,New Brunswick,Electric,13,21
2017,New Brunswick,Total electric charging and alternative fuelling stations,13,41
2017,New Brunswick,Electric,13,41
2018,New Brunswick,Total electric charging and alternative fuelling stations,13,47
2018,New Brunswick,Electric,13,46
2018,New Brunswick,Propane,13,1
2019,New Brunswick,Total electric charging and alternative fuelling stations,13,64
2019,New Brunswick,Electric,13,63
2020,New Brunswick,Total electric charging and alternative fuelling stations,13,78
2020,New Brunswick,Electric,13,76
2020,New Brunswick,Propane,13,2
2021,New Brunswick,Total electric charging and alternative fuelling stations,13,100
2021,New Brunswick,Electric,13,98
2022,New Brunswick,Total electric charging and alternative fuelling stations,13,133
2022,New Brunswick,Electric,13,129
2022,New Brunswick,Propane,13,4
2023,New Brunswick,Total electric charging and alternative fuelling stations,13,194
2023,New Brunswick,Electric,13,190
2024,New Brunswick,Total electric charging and alternative fuelling stations,13,234
2024,New Brunswick,Electric,13,229
2024,New Brunswick,Propane,13,5
2025,New Brunswick,Total electric charging and alternative fuelling stations,13,280
2025,New Brunswick,Electric,13,275
2026,New Brunswick,Total electric charging and alternative fuelling stations,13,299
2026,New Brunswick,Electric,13,294
2012,Newfoundland and Labrador,Total electric charging and alternative fuelling stations,10,1
2012,Newfoundland and Labrador,Electric,10,1
2013,Newfoundland and Labrador,Total electric charging and alternative fuelling stations,10,5
2013,Newfoundland and Labrador,Electric,10,5
2014,Newfoundland and Labrador,Total electric charging and alternative fuelling stations,10,7
2014,Newfoundland and Labrador,Electric,10,7
2015,Newfoundland and Labrador,Total electric charging and alternative fuelling stations,10,8
2015,Newfoundland and Labrador,Electric,10,8
2016,Newfoundland and Labrador,Total electric charging and alternative fuelling stations,10,14
2016,Newfoundland and Labrador,Electric,10,14
2018,Newfoundland and Labrador,Total electric charging and alternative fuelling stations,10,17
2018,Newfoundland and Labrador,Electric,10,17
2021,Newfoundland and Labrador,Total electric charging and alternative fuelling stations,10,49
2021,Newfoundland and Labrador,Electric,10,49
2022,Newfoundland and Labrador,Total electric charging and alternative fuelling stations,10,107
2022,Newfoundland and Labrador,Electric,10,107
2023,Newfoundland and Labrador,Total electric charging and alternative fuelling stations,10,128
2023,Newfoundland and Labrador,Electric,10,127
2023,Newfoundland and Labrador,Propane,10,1
2024,Newfoundland and Labrador,Total electric charging and alternative fuelling stations,10,142
2024,Newfoundland and Labrador,Electric,10,140
2024,Newfoundland and Labrador,Propane,10,2
2025,Newfoundland and Labrador,Total electric charging and alternative fuelling stations,10,158
2025,Newfoundland and Labrador,Electric,10,156
2026,Newfoundland and Labrador,Total electric charging and alternative fuelling stations,10,173
2026,Newfoundland and Labrador,Electric,10,171
2015,Northwest Territories,Total electric charging and alternative fuelling stations,61,1
2015,Northwest Territories,Propane,61,1
2023,Northwest Territories,Total electric charging and alternative fuelling stations,61,2
2023,Northwest Territories,Electric,61,1
2024,Northwest Territories,Total electric charging and alternative fuelling stations,61,7
2024,Northwest Territories,Electric,61,6
2025,Northwest Territories,Total electric charging and alternative fuelling stations,61,14
2025,Northwest Territories,Electric,61,13
2026,Northwest Territories,Total electric charging and alternative fuelling stations,61,15
2026,Northwest Territories,Electric,61,14
2012,Nova Scotia,Total electric charging and alternative fuelling stations,12,1
2012,Nova Scotia,Electric,12,1
2013,Nova Scotia,Total electric charging and alternative fuelling stations,12,4
2013,Nova Scotia,Electric,12,3
2013,Nova Scotia,Propane,12,1
2014,Nova Scotia,Total electric charging and alternative fuelling stations,12,10
2014,Nova Scotia,Electric,12,9
2015,Nova Scotia,Total electric charging and alternative fuelling stations,12,21
2015,Nova Scotia,Electric,12,19
2015,Nova Scotia,Propane,12,2
2016,Nova Scotia,Total electric charging and alternative fuelling stations,12,23
2016,Nova Scotia,Electric,12,21
2017,Nova Scotia,Total electric charging and alternative fuelling stations,12,27
2017,Nova Scotia,Electric,12,25
2018,Nova Scotia,Total electric charging and alternative fuelling stations,12,29
2018,Nova Scotia,Electric,12,27
2019,Nova Scotia,Total electric charging and alternative fuelling stations,12,47
2019,Nova Scotia,Electric,12,45
2020,Nova Scotia,Total electric charging and alternative fuelling stations,12,49
2020,Nova Scotia,Electric,12,47
2021,Nova Scotia,Total electric charging and alternative fuelling stations,12,63
2021,Nova Scotia,Electric,12,60
2021,Nova Scotia,Propane,12,3
2022,Nova Scotia,Total electric charging and alternative fuelling stations,12,133
2022,Nova Scotia,Electric,12,129
2022,Nova Scotia,Propane,12,4
2023,Nova Scotia,Total electric charging and alternative fuelling stations,12,209
2023,Nova Scotia,Electric,12,205
2024,Nova Scotia,Total electric charging and alternative fuelling stations,12,258
2024,Nova Scotia,Electric,12,253
2024,Nova Scotia,Propane,12,5
2025,Nova Scotia,Total electric charging and alternative fuelling stations,12,307
2025,Nova Scotia,Electric,12,302
2026,Nova Scotia,Total electric charging and alternative fuelling stations,12,329
2026,Nova Scotia,Electric,12,324
2010,Ontario,Total electric charging and alternative fuelling stations,35,30
2010,Ontario,Electric,35,1
2010,Ontario,Propane,35,29
2011,Ontario,Total electric charging and alternative fuelling stations,35,35
2011,Ontario,Electric,35,6
2012,Ontario,Total electric charging and alternative fuelling stations,35,42
2012,Ontario,Electric,35,13
2013,Ontario,Total electric charging and alternative fuelling stations,35,59
2013,Ontario,Electric,35,28
2013,Ontario,Propane,35,31
2014,Ontario,Total electric charging and alternative fuelling stations,35,96
2014,Ontario,Compressed natural gas,35,1
2014,Ontario,Electric,35,63
2014,Ontario,Propane,35,32
2015,Ontario,Total electric charging and alternative fuelling stations,35,176
2015,Ontario,Compressed natural gas,35,2
2015,Ontario,Electric,35,141
2015,Ontario,Propane,35,33
2016,Ontario,Total electric charging and alternative fuelling stations,35,219
2016,Ontario,Electric,35,182
2016,Ontario,Hydrogen,35,1
2016,Ontario,Propane,35,34
2017,Ontario,Total electric charging and alternative fuelling stations,35,360
2017,Ontario,Compressed natural gas,35,4
2017,Ontario,Electric,35,282
2017,Ontario,Propane,35,73
2018,Ontario,Total electric charging and alternative fuelling stations,35,429
2018,Ontario,Compressed natural gas,35,7
2018,Ontario,Electric,35,345
2018,Ontario,Propane,35,76
2019,Ontario,Total electric charging and alternative fuelling stations,35,662
2019,Ontario,Compressed natural gas,35,8
2019,Ontario,Electric,35,572
2019,Ontario,Propane,35,81
2020,Ontario,Total electric charging and alternative fuelling stations,35,742
2020,Ontario,Electric,35,645
2020,Ontario,Propane,35,88
2021,Ontario,Total electric charging and alternative fuelling stations,35,968
2021,Ontario,Compressed natural gas,35,9
2021,Ontario,Electric,35,869
2021,Ontario,Propane,35,89
2022,Ontario,Total electric charging and alternative fuelling stations,35,1626
2022,Ontario,Electric,35,1514
2022,Ontario,Propane,35,102
2023,Ontario,Total electric charging and alternative fuelling stations,35,2520
2023,Ontario,Electric,35,2404
2023,Ontario,Propane,35,106
2024,Ontario,Total electric charging and alternative fuelling stations,35,3375
2024,Ontario,Electric,35,3242
2024,Ontario,Hydrogen,35,2
2024,Ontario,Propane,35,122
2025,Ontario,Total electric charging and alternative fuelling stations,35,4105
2025,Ontario,Electric,35,3970
2025,Ontario,Propane,35,124
2026,Ontario,Total electric charging and alternative fuelling stations,35,4575
2026,Ontario,Electric,35,4440
2013,Prince Edward Island,Total electric charging and alternative fuelling stations,11,1
2013,Prince Edward Island,Electric,11,1
2014,Prince Edward Island,Total electric charging and alternative fuelling stations,11,5
2014,Prince Edward Island,Electric,11,5
2015,Prince Edward Island,Total electric charging and alternative fuelling stations,11,11
2015,Prince Edward Island,Electric,11,11
2017,Prince Edward Island,Total electric charging and alternative fuelling stations,11,15
2017,Prince Edward Island,Electric,11,15
2018,Prince Edward Island,Total electric charging and alternative fuelling stations,11,17
2018,Prince Edward Island,Electric,11,17
2020,Prince Edward Island,Total electric charging and alternative fuelling stations,11,23
2020,Prince Edward Island,Electric,11,23
2021,Prince Edward Island,Total electric charging and alternative fuelling stations,11,53
2021,Prince Edward Island,Electric,11,53
2022,Prince Edward Island,Total electric charging and alternative fuelling stations,11,91
2022,Prince Edward Island,Electric,11,90
2022,Prince Edward Island,Propane,11,1
2023,Prince Edward Island,Total electric charging and alternative fuelling stations,11,163
2023,Prince Edward Island,Electric,11,162
2024,Prince Edward Island,Total electric charging and alternative fuelling stations,11,190
2024,Prince Edward Island,Electric,11,188
2024,Prince Edward Island,Propane,11,2
2025,Prince Edward Island,Total electric charging and alternative fuelling stations,11,205
2025,Prince Edward Island,Electric,11,203
2026,Prince Edward Island,Total electric charging and alternative fuelling stations,11,207
2026,Prince Edward Island,Electric,11,205
2010,Quebec,Total electric charging and alternative fuelling stations,24,9
2010,Quebec,Electric,24,2
2012,Quebec,Total electric charging and alternative fuelling stations,24,15
2012,Quebec,Electric,24,8
2013,Quebec,Total electric charging and alternative fuelling stations,24,32
2013,Quebec,Compressed natural gas,24,2
2013,Quebec,Electric,24,23
2014,Quebec,Total electric charging and alternative fuelling stations,24,65
2014,Quebec,Electric,24,55
2014,Quebec,Propane,24,8
2015,Quebec,Total electric charging and alternative fuelling stations,24,152
2015,Quebec,Compressed natural gas,24,3
2015,Quebec,Electric,24,134
2015,Quebec,Propane,24,15
2016,Quebec,Total electric charging and alternative fuelling stations,24,242
2016,Quebec,Electric,24,223
2016,Quebec,Propane,24,16
2017,Quebec,Total electric charging and alternative fuelling stations,24,425
2017,Quebec,Compressed natural gas,24,4
2017,Quebec,Electric,24,283
2017,Quebec,Propane,24,138
2018,Quebec,Total electric charging and alternative fuelling stations,24,457
2018,Quebec,Compressed natural gas,24,5
2018,Quebec,Electric,24,309
2018,Quebec,Hydrogen,24,1
2018,Quebec,Propane,24,142
2019,Quebec,Total electric charging and alternative fuelling stations,24,1837
2019,Quebec,Compressed natural gas,24,7
2019,Quebec,Electric,24,1683
2019,Quebec,Propane,24,146
2020,Quebec,Total electric charging and alternative fuelling stations,24,2171
2020,Quebec,Electric,24,2017
2021,Quebec,Total electric charging and alternative fuelling stations,24,2518
2021,Quebec,Electric,24,2362
2021,Quebec,Propane,24,148
2022,Quebec,Total electric charging and alternative fuelling stations,24,3018
2022,Quebec,Compressed natural gas,24,8
2022,Quebec,Electric,24,2861
2023,Quebec,Total electric charging and alternative fuelling stations,24,3740
2023,Quebec,Compressed natural gas,24,9
2023,Quebec,Electric,24,3581
2023,Quebec,Propane,24,149
2024,Quebec,Total electric charging and alternative fuelling stations,24,4413
2024,Quebec,Electric,24,4253
2024,Quebec,Propane,24,150
2025,Quebec,Total electric charging and alternative fuelling stations,24,5100
2025,Quebec,Compressed natural gas,24,10
2025,Quebec,Electric,24,4938
2025,Quebec,Propane,24,151
2026,Quebec,Total electric charging and alternative fuelling stations,24,5371
2026,Quebec,Electric,24,5209
2014,Saskatchewan,Total electric charging and alternative fuelling stations,47,8
2014,Saskatchewan,Electric,47,3
2014,Saskatchewan,Propane,47,5
2015,Saskatchewan,Total electric charging and alternative fuelling stations,47,16
2015,Saskatchewan,Electric,47,10
2015,Saskatchewan,Propane,47,6
2016,Saskatchewan,Total electric charging and alternative fuelling stations,47,20
2016,Saskatchewan,Electric,47,14
2017,Saskatchewan,Total electric charging and alternative fuelling stations,47,24
2017,Saskatchewan,Electric,47,18
2018,Saskatchewan,Total electric charging and alternative fuelling stations,47,91
2018,Saskatchewan,Electric,47,19
2018,Saskatchewan,Propane,47,72
2019,Saskatchewan,Total electric charging and alternative fuelling stations,47,103
2019,Saskatchewan,Electric,47,29
2019,Saskatchewan,Propane,47,74
2021,Saskatchewan,Total electric charging and alternative fuelling stations,47,120
2021,Saskatchewan,Electric,47,46
2022,Saskatchewan,Total electric charging and alternative fuelling stations,47,156
2022,Saskatchewan,Electric,47,82
2023,Saskatchewan,Total electric charging and alternative fuelling stations,47,197
2023,Saskatchewan,Electric,47,123
2024,Saskatchewan,Total electric charging and alternative fuelling stations,47,233
2024,Saskatchewan,Electric,47,159
2025,Saskatchewan,Total electric charging and alternative fuelling stations,47,271
2025,Saskatchewan,Electric,47,197
2026,Saskatchewan,Total electric charging and alternative fuelling stations,47,284
2026,Saskatchewan,Electric,47,210
2019,Yukon,Total electric charging and alternative fuelling stations,60,4
2019,Yukon,Electric,60,2
2019,Yukon,Propane,60,2
2020,Yukon,Total electric charging and alternative fuelling stations,60,7
2020,Yukon,Electric,60,5
2022,Yukon,Total electric charging and alternative fuelling stations,60,13
2022,Yukon,Electric,60,11
2023,Yukon,Total electric charging and alternative fuelling stations,60,24
2023,Yukon,Electric,60,22
2024,Yukon,Total electric charging and alternative fuelling stations,60,28
2024,Yukon,Electric,60,26
2025,Yukon,Total electric charging and alternative fuelling stations,60,36
2025,Yukon,Electric,60,34
2026,Yukon,Total electric charging and alternative fuelling stations,60,37
2026,Yukon,Electric,60,35
